<?xml version="1.0" encoding="utf-8"?><text parent="56" id="1043" name="В России полностью запрещается реклама табака"><tags><tag>url:http://ru.wikinews.org/w/index.php?title=В_России_полностью_запрещается_реклама_табака&amp;oldid=11891</tag><tag>Автор:http://ru.wikinews.org/wiki/Участник:Flrn</tag><tag>Дата:10/01</tag><tag>Год:2008</tag><tag>Тема:ВикиКатегория:Общество</tag><tag>Тема:ВикиКатегория:Экономика</tag><tag>Тема:ВикиКатегория:Материалы Lenta.ru</tag><tag>Гео:ВикиКатегория:Россия</tag></tags><paragraphs><paragraph id="10208"><sentence id="32112"><source>Правительство России одобрило законопроект, полностью запрещающий рекламу табачных изделий.</source><tokens><token text="Правительство" id="574568"><tfr rev_id="4107976" t="Правительство"><v><l id="265638" t="правительство"><g v="NOUN"></g><g v="inan"></g><g v="neut"></g><g v="sing"></g><g v="nomn"></g></l></v></tfr></token><token text="России" id="574569"><tfr rev_id="3455711" t="России"><v><l id="309322" t="россия"><g v="NOUN"></g><g v="inan"></g><g v="femn"></g><g v="Sgtm"></g><g v="Geox"></g><g v="sing"></g><g v="gent"></g></l></v></tfr></token><token text="одобрило" id="574570"><tfr rev_id="1407649" t="одобрило"><v><l id="203495" t="одобрил"><g v="VERB"></g><g v="perf"></g><g v="tran"></g><g v="neut"></g><g v="sing"></g><g v="past"></g><g v="indc"></g></l></v></tfr></token><token text="законопроект" id="574571"><tfr rev_id="4348483" t="законопроект"><v><l id="103760" t="законопроект"><g v="NOUN"></g><g v="inan"></g><g v="masc"></g><g v="sing"></g><g v="accs"></g></l></v></tfr></token><token text="," id="574572"><tfr rev_id="1407651" t=","><v><l id="0" t=","><g v="PNCT"></g></l></v></tfr></token><token text="полностью" id="574573"><tfr rev_id="1407652" t="полностью"><v><l id="256145" t="полностью"><g v="ADVB"></g></l></v></tfr></token><token text="запрещающий" id="574574"><tfr rev_id="1407653" t="запрещающий"><v><l id="107945" t="запрещающий"><g v="PRTF"></g><g v="impf"></g><g v="tran"></g><g v="pres"></g><g v="actv"></g><g v="masc"></g><g v="sing"></g><g v="nomn"></g></l></v><v><l id="107945" t="запрещающий"><g v="PRTF"></g><g v="impf"></g><g v="tran"></g><g v="pres"></g><g v="actv"></g><g v="inan"></g><g v="masc"></g><g v="sing"></g><g v="accs"></g></l></v></tfr></token><token text="рекламу" id="574575"><tfr rev_id="1407654" t="рекламу"><v><l id="305670" t="реклама"><g v="NOUN"></g><g v="inan"></g><g v="femn"></g><g v="sing"></g><g v="accs"></g></l></v></tfr></token><token text="табачных" id="574576"><tfr rev_id="4356848" t="табачных"><v><l id="342064" t="табачный"><g v="ADJF"></g><g v="Qual"></g><g v="plur"></g><g v="gent"></g></l></v></tfr></token><token text="изделий" id="574577"><tfr rev_id="1407656" t="изделий"><v><l id="118761" t="изделие"><g v="NOUN"></g><g v="inan"></g><g v="neut"></g><g v="plur"></g><g v="gent"></g></l></v></tfr></token><token text="." id="574578"><tfr rev_id="1407657" t="."><v><l id="0" t="."><g v="PNCT"></g></l></v></tfr></token></tokens></sentence><sentence id="32113"><source>Таким образом, Россия присоединится к Рамочной конвенции Всемирной организации здравоохранения по борьбе против табака.</source><tokens><token text="Таким" id="574579"><tfr rev_id="4172133" t="Таким"><v><l id="342491" t="такой"><g v="ADJF"></g><g v="Apro"></g><g v="masc"></g><g v="sing"></g><g v="ablt"></g></l></v></tfr></token><token text="образом" id="574580"><tfr rev_id="1407659" t="образом"><v><l id="198787" t="образ"><g v="NOUN"></g><g v="inan"></g><g v="masc"></g><g v="sing"></g><g v="ablt"></g></l></v></tfr></token><token text="," id="574581"><tfr rev_id="1407660" t=","><v><l id="0" t=","><g v="PNCT"></g></l></v></tfr></token><token text="Россия" id="574582"><tfr rev_id="1407661" t="Россия"><v><l id="309322" t="россия"><g v="NOUN"></g><g v="inan"></g><g v="femn"></g><g v="Sgtm"></g><g v="Geox"></g><g v="sing"></g><g v="nomn"></g></l></v></tfr></token><token text="присоединится" id="574583"><tfr rev_id="1407662" t="присоединится"><v><l id="274434" t="присоединился"><g v="VERB"></g><g v="perf"></g><g v="intr"></g><g v="sing"></g><g v="3per"></g><g v="futr"></g><g v="indc"></g></l></v></tfr></token><token text="к" id="574584"><tfr rev_id="1407663" t="к"><v><l id="127460" t="к"><g v="PREP"></g></l></v></tfr></token><token text="Рамочной" id="574585"><tfr rev_id="3946646" t="Рамочной"><v><l id="297841" t="рамочный"><g v="ADJF"></g><g v="Qual"></g><g v="femn"></g><g v="sing"></g><g v="datv"></g></l></v></tfr></token><token text="конвенции" id="574586"><tfr rev_id="4179481" t="конвенции"><v><l id="137556" t="конвенция"><g v="NOUN"></g><g v="inan"></g><g v="femn"></g><g v="sing"></g><g v="datv"></g></l></v></tfr></token><token text="Всемирной" id="574587"><tfr rev_id="4166079" t="Всемирной"><v><l id="53444" t="всемирный"><g v="ADJF"></g><g v="Qual"></g><g v="femn"></g><g v="sing"></g><g v="gent"></g></l></v></tfr></token><token text="организации" id="574588"><tfr rev_id="4291861" t="организации"><v><l id="208750" t="организация"><g v="NOUN"></g><g v="inan"></g><g v="femn"></g><g v="sing"></g><g v="gent"></g></l></v></tfr></token><token text="здравоохранения" id="574589"><tfr rev_id="3436523" t="здравоохранения"><v><l id="114762" t="здравоохранение"><g v="NOUN"></g><g v="inan"></g><g v="neut"></g><g v="sing"></g><g v="gent"></g></l></v></tfr></token><token text="по" id="574590"><tfr rev_id="1407669" t="по"><v><l id="241240" t="по"><g v="PREP"></g></l></v></tfr></token><token text="борьбе" id="574591"><tfr rev_id="3551192" t="борьбе"><v><l id="33103" t="борьба"><g v="NOUN"></g><g v="inan"></g><g v="femn"></g><g v="Sgtm"></g><g v="sing"></g><g v="datv"></g></l></v></tfr></token><token text="против" id="574592"><tfr rev_id="4485398" t="против"><v><l id="285790" t="против"><g v="PREP"></g></l></v></tfr></token><token text="табака" id="574593"><tfr rev_id="1407672" t="табака"><v><l id="342032" t="табак"><g v="NOUN"></g><g v="inan"></g><g v="masc"></g><g v="sing"></g><g v="gen1"></g></l></v></tfr></token><token text="." id="574594"><tfr rev_id="1407673" t="."><v><l id="0" t="."><g v="PNCT"></g></l></v></tfr></token></tokens></sentence></paragraph><paragraph id="10209"><sentence id="32114"><source>Запрет должен быть принят в течение 5 лет.</source><tokens><token text="Запрет" id="574595"><tfr rev_id="1715450" t="Запрет"><v><l id="107924" t="запрет"><g v="NOUN"></g><g v="inan"></g><g v="masc"></g><g v="sing"></g><g v="nomn"></g></l></v><v><l id="107924" t="запрет"><g v="NOUN"></g><g v="inan"></g><g v="masc"></g><g v="sing"></g><g v="accs"></g></l></v></tfr></token><token text="должен" id="574596"><tfr rev_id="2558759" t="должен"><v><l id="87975" t="должен"><g v="ADJS"></g><g v="masc"></g><g v="sing"></g></l></v></tfr></token><token text="быть" id="574597"><tfr rev_id="1407676" t="быть"><v><l id="37266" t="быть"><g v="INFN"></g><g v="impf"></g><g v="intr"></g></l></v></tfr></token><token text="принят" id="574598"><tfr rev_id="1407677" t="принят"><v><l id="272699" t="принят"><g v="ADJS"></g><g v="masc"></g><g v="sing"></g></l></v><v><l id="272704" t="принят"><g v="PRTS"></g><g v="perf"></g><g v="past"></g><g v="pssv"></g><g v="masc"></g><g v="sing"></g></l></v></tfr></token><token text="в" id="574599"><tfr rev_id="1407678" t="в"><v><l id="37409" t="в"><g v="PREP"></g></l></v></tfr></token><token text="течение" id="574600"><tfr rev_id="3715458" t="течение"><v><l id="346009" t="течение"><g v="NOUN"></g><g v="inan"></g><g v="neut"></g><g v="sing"></g><g v="accs"></g></l></v></tfr></token><token text="5" id="574601"><tfr rev_id="2461183" t="5"><v><l id="0" t="5"><g v="NUMB"></g></l></v></tfr></token><token text="лет" id="574602"><tfr rev_id="3476376" t="лет"><v><l id="72149" t="год"><g v="NOUN"></g><g v="inan"></g><g v="masc"></g><g v="plur"></g><g v="gent"></g></l></v></tfr></token><token text="." id="574603"><tfr rev_id="1407682" t="."><v><l id="0" t="."><g v="PNCT"></g></l></v></tfr></token></tokens></sentence></paragraph><paragraph id="10210"><sentence id="32115"><source>Также предполагается, что в рамках борьбы с курением будет также подготовлен проект Национальной стратегии по борьбе против табака и национальный координационный орган по борьбе с курением.</source><tokens><token text="Также" id="574604"><tfr rev_id="4267672" t="Также"><v><l id="342482" t="также"><g v="PRCL"></g></l></v></tfr></token><token text="предполагается" id="574605"><tfr rev_id="1407684" t="предполагается"><v><l id="266820" t="предполагаюсь"><g v="VERB"></g><g v="impf"></g><g v="intr"></g><g v="sing"></g><g v="3per"></g><g v="pres"></g><g v="indc"></g></l></v></tfr></token><token text="," id="574606"><tfr rev_id="1407685" t=","><v><l id="0" t=","><g v="PNCT"></g></l></v></tfr></token><token text="что" id="574607"><tfr rev_id="3196569" t="что"><v><l id="377004" t="что"><g v="CONJ"></g></l></v><v><l id="377005" t="что"><g v="NPRO"></g><g v="neut"></g><g v="sing"></g><g v="nomn"></g></l></v><v><l id="377005" t="что"><g v="NPRO"></g><g v="neut"></g><g v="sing"></g><g v="accs"></g></l></v><v><l id="377006" t="что"><g v="ADVB"></g><g v="Ques"></g></l></v><v><l id="388695" t="что"><g v="PRCL"></g></l></v></tfr></token><token text="в" id="574608"><tfr rev_id="1407687" t="в"><v><l id="37409" t="в"><g v="PREP"></g></l></v></tfr></token><token text="рамках" id="574609"><tfr rev_id="1407688" t="рамках"><v><l id="297819" t="рамка"><g v="NOUN"></g><g v="inan"></g><g v="femn"></g><g v="plur"></g><g v="loct"></g></l></v></tfr></token><token text="борьбы" id="574610"><tfr rev_id="1407689" t="борьбы"><v><l id="33103" t="борьба"><g v="NOUN"></g><g v="inan"></g><g v="femn"></g><g v="Sgtm"></g><g v="sing"></g><g v="gent"></g></l></v></tfr></token><token text="с" id="574611"><tfr rev_id="1407690" t="с"><v><l id="311151" t="с"><g v="PREP"></g></l></v></tfr></token><token text="курением" id="574612"><tfr rev_id="1407691" t="курением"><v><l id="145290" t="курение"><g v="NOUN"></g><g v="inan"></g><g v="neut"></g><g v="sing"></g><g v="ablt"></g></l></v></tfr></token><token text="будет" id="574613"><tfr rev_id="1407692" t="будет"><v><l id="37265" t="есть"><g v="VERB"></g><g v="impf"></g><g v="intr"></g><g v="sing"></g><g v="3per"></g><g v="futr"></g><g v="indc"></g></l></v></tfr></token><token text="также" id="574614"><tfr rev_id="4267673" t="также"><v><l id="342482" t="также"><g v="PRCL"></g></l></v></tfr></token><token text="подготовлен" id="574615"><tfr rev_id="1407694" t="подготовлен"><v><l id="245108" t="подготовлен"><g v="PRTS"></g><g v="perf"></g><g v="past"></g><g v="pssv"></g><g v="masc"></g><g v="sing"></g></l></v></tfr></token><token text="проект" id="574616"><tfr rev_id="4099691" t="проект"><v><l id="279545" t="проект"><g v="NOUN"></g><g v="inan"></g><g v="masc"></g><g v="sing"></g><g v="nomn"></g></l></v></tfr></token><token text="Национальной" id="574617"><tfr rev_id="4316246" t="Национальной"><v><l id="178150" t="национальный"><g v="ADJF"></g><g v="femn"></g><g v="sing"></g><g v="gent"></g></l></v></tfr></token><token text="стратегии" id="574618"><tfr rev_id="4291862" t="стратегии"><v><l id="337168" t="стратегия"><g v="NOUN"></g><g v="inan"></g><g v="femn"></g><g v="sing"></g><g v="gent"></g></l></v></tfr></token><token text="по" id="574619"><tfr rev_id="1407698" t="по"><v><l id="241240" t="по"><g v="PREP"></g></l></v></tfr></token><token text="борьбе" id="574620"><tfr rev_id="3550065" t="борьбе"><v><l id="33103" t="борьба"><g v="NOUN"></g><g v="inan"></g><g v="femn"></g><g v="Sgtm"></g><g v="sing"></g><g v="datv"></g></l></v></tfr></token><token text="против" id="574621"><tfr rev_id="4485372" t="против"><v><l id="285790" t="против"><g v="PREP"></g></l></v></tfr></token><token text="табака" id="574622"><tfr rev_id="1407701" t="табака"><v><l id="342032" t="табак"><g v="NOUN"></g><g v="inan"></g><g v="masc"></g><g v="sing"></g><g v="gen1"></g></l></v></tfr></token><token text="и" id="574623"><tfr rev_id="1407702" t="и"><v><l id="116949" t="и"><g v="CONJ"></g></l></v><v><l id="116950" t="и"><g v="INTJ"></g></l></v></tfr></token><token text="национальный" id="574624"><tfr rev_id="1407703" t="национальный"><v><l id="178150" t="национальный"><g v="ADJF"></g><g v="masc"></g><g v="sing"></g><g v="nomn"></g></l></v><v><l id="178150" t="национальный"><g v="ADJF"></g><g v="inan"></g><g v="masc"></g><g v="sing"></g><g v="accs"></g></l></v></tfr></token><token text="координационный" id="574625"><tfr rev_id="1407704" t="координационный"><v><l id="139131" t="координационный"><g v="ADJF"></g><g v="masc"></g><g v="sing"></g><g v="nomn"></g></l></v><v><l id="139131" t="координационный"><g v="ADJF"></g><g v="inan"></g><g v="masc"></g><g v="sing"></g><g v="accs"></g></l></v></tfr></token><token text="орган" id="574626"><tfr rev_id="4355519" t="орган"><v><l id="208736" t="орган"><g v="NOUN"></g><g v="inan"></g><g v="masc"></g><g v="sing"></g><g v="nomn"></g></l></v></tfr></token><token text="по" id="574627"><tfr rev_id="1407706" t="по"><v><l id="241240" t="по"><g v="PREP"></g></l></v></tfr></token><token text="борьбе" id="574628"><tfr rev_id="3447066" t="борьбе"><v><l id="33103" t="борьба"><g v="NOUN"></g><g v="inan"></g><g v="femn"></g><g v="Sgtm"></g><g v="sing"></g><g v="datv"></g></l></v></tfr></token><token text="с" id="574629"><tfr rev_id="1407708" t="с"><v><l id="311151" t="с"><g v="PREP"></g></l></v></tfr></token><token text="курением" id="574630"><tfr rev_id="1407709" t="курением"><v><l id="145290" t="курение"><g v="NOUN"></g><g v="inan"></g><g v="neut"></g><g v="sing"></g><g v="ablt"></g></l></v></tfr></token><token text="." id="574631"><tfr rev_id="1407710" t="."><v><l id="0" t="."><g v="PNCT"></g></l></v></tfr></token></tokens></sentence></paragraph><paragraph id="10211"><sentence id="32116"><source>Спикер Госдумы Борис Грызлов:</source><tokens><token text="Спикер" id="574632"><tfr rev_id="1407711" t="Спикер"><v><l id="332107" t="спикер"><g v="NOUN"></g><g v="anim"></g><g v="masc"></g><g v="sing"></g><g v="nomn"></g></l></v></tfr></token><token text="Госдумы" id="574633"><tfr rev_id="3478425" t="Госдумы"><v><l id="73922" t="госдума"><g v="NOUN"></g><g v="inan"></g><g v="femn"></g><g v="Orgn"></g><g v="Sgtm"></g><g v="sing"></g><g v="gent"></g></l></v></tfr></token><token text="Борис" id="574634"><tfr rev_id="1407713" t="Борис"><v><l id="32732" t="борис"><g v="NOUN"></g><g v="anim"></g><g v="masc"></g><g v="Name"></g><g v="sing"></g><g v="nomn"></g></l></v></tfr></token><token text="Грызлов" id="574635"><tfr rev_id="1407714" t="Грызлов"><v><l id="76177" t="грызлов"><g v="NOUN"></g><g v="anim"></g><g v="masc"></g><g v="Sgtm"></g><g v="Surn"></g><g v="sing"></g><g v="nomn"></g></l></v></tfr></token><token text=":" id="574636"><tfr rev_id="1407715" t=":"><v><l id="0" t=":"><g v="PNCT"></g></l></v></tfr></token></tokens></sentence></paragraph><paragraph id="10212"><sentence id="32117"><source>Я считаю присоединение к этой конвенции абсолютно правильным и думаю, мы поддержим все меры, направленные против табакокурения.</source><tokens><token text="Я" id="574637"><tfr rev_id="1407716" t="Я"><v><l id="387317" t="я"><g v="NPRO"></g><g v="1per"></g><g v="sing"></g><g v="nomn"></g></l></v></tfr></token><token text="считаю" id="574638"><tfr rev_id="2703853" t="считаю"><v><l id="341320" t="считаю"><g v="VERB"></g><g v="impf"></g><g v="tran"></g><g v="sing"></g><g v="1per"></g><g v="pres"></g><g v="indc"></g></l></v></tfr></token><token text="присоединение" id="574639"><tfr rev_id="4097893" t="присоединение"><v><l id="274424" t="присоединение"><g v="NOUN"></g><g v="inan"></g><g v="neut"></g><g v="sing"></g><g v="accs"></g></l></v></tfr></token><token text="к" id="574640"><tfr rev_id="1407719" t="к"><v><l id="127460" t="к"><g v="PREP"></g></l></v></tfr></token><token text="этой" id="574641"><tfr rev_id="4437982" t="этой"><v><l id="386581" t="этот"><g v="ADJF"></g><g v="Subx"></g><g v="Apro"></g><g v="Anph"></g><g v="femn"></g><g v="sing"></g><g v="datv"></g></l></v></tfr></token><token text="конвенции" id="574642"><tfr rev_id="3887745" t="конвенции"><v><l id="137556" t="конвенция"><g v="NOUN"></g><g v="inan"></g><g v="femn"></g><g v="sing"></g><g v="datv"></g></l></v></tfr></token><token text="абсолютно" id="574643"><tfr rev_id="1407722" t="абсолютно"><v><l id="1847" t="абсолютно"><g v="ADVB"></g></l></v><v><l id="1850" t="абсолютен"><g v="ADJS"></g><g v="neut"></g><g v="sing"></g></l></v></tfr></token><token text="правильным" id="574644"><tfr rev_id="4400483" t="правильным"><v><l id="265622" t="правильный"><g v="ADJF"></g><g v="Qual"></g><g v="neut"></g><g v="sing"></g><g v="ablt"></g></l></v></tfr></token><token text="и" id="574645"><tfr rev_id="3724322" t="и"><v><l id="116949" t="и"><g v="CONJ"></g></l></v></tfr></token><token text="думаю" id="574646"><tfr rev_id="1407725" t="думаю"><v><l id="92996" t="думаю"><g v="VERB"></g><g v="impf"></g><g v="tran"></g><g v="sing"></g><g v="1per"></g><g v="pres"></g><g v="indc"></g></l></v><v><l id="93001" t="думаю"><g v="VERB"></g><g v="impf"></g><g v="intr"></g><g v="sing"></g><g v="1per"></g><g v="pres"></g><g v="indc"></g></l></v></tfr></token><token text="," id="574647"><tfr rev_id="1407726" t=","><v><l id="0" t=","><g v="PNCT"></g></l></v></tfr></token><token text="мы" id="574648"><tfr rev_id="1407727" t="мы"><v><l id="165750" t="мы"><g v="NPRO"></g><g v="1per"></g><g v="plur"></g><g v="nomn"></g></l></v></tfr></token><token text="поддержим" id="574649"><tfr rev_id="1407728" t="поддержим"><v><l id="245396" t="поддержал"><g v="VERB"></g><g v="perf"></g><g v="tran"></g><g v="plur"></g><g v="1per"></g><g v="futr"></g><g v="indc"></g></l></v><v><l id="245396" t="поддержал"><g v="VERB"></g><g v="perf"></g><g v="tran"></g><g v="sing"></g><g v="impr"></g><g v="incl"></g></l></v></tfr></token><token text="все" id="574650"><tfr rev_id="4511418" t="все"><v><l id="42156" t="весь"><g v="ADJF"></g><g v="Subx"></g><g v="Apro"></g><g v="inan"></g><g v="plur"></g><g v="accs"></g></l></v><v><l id="42156" t="весь"><g v="ADJF"></g><g v="Subx"></g><g v="Apro"></g><g v="plur"></g><g v="nomn"></g></l></v></tfr></token><token text="меры" id="574651"><tfr rev_id="3768747" t="меры"><v><l id="158460" t="мера"><g v="NOUN"></g><g v="inan"></g><g v="femn"></g><g v="plur"></g><g v="accs"></g></l></v></tfr></token><token text="," id="574652"><tfr rev_id="1407731" t=","><v><l id="0" t=","><g v="PNCT"></g></l></v></tfr></token><token text="направленные" id="574653"><tfr rev_id="3684396" t="направленные"><v><l id="173955" t="направленный"><g v="PRTF"></g><g v="perf"></g><g v="tran"></g><g v="past"></g><g v="pssv"></g><g v="Adjx"></g><g v="plur"></g><g v="nomn"></g></l></v><v><l id="173955" t="направленный"><g v="PRTF"></g><g v="perf"></g><g v="tran"></g><g v="past"></g><g v="pssv"></g><g v="Adjx"></g><g v="inan"></g><g v="plur"></g><g v="accs"></g></l></v></tfr></token><token text="против" id="574654"><tfr rev_id="4485243" t="против"><v><l id="285790" t="против"><g v="PREP"></g></l></v></tfr></token><token text="табакокурения" id="574655"><tfr rev_id="1407734" t="табакокурения"><v><l id="342043" t="табакокурение"><g v="NOUN"></g><g v="inan"></g><g v="neut"></g><g v="Sgtm"></g><g v="sing"></g><g v="gent"></g></l></v></tfr></token><token text="." id="574656"><tfr rev_id="1407735" t="."><v><l id="0" t="."><g v="PNCT"></g></l></v></tfr></token></tokens></sentence><sentence id="32118"><source>Мы по мере возможности на территории Государственной Думы создаем зону, чистую от табака.</source><tokens><token text="Мы" id="574657"><tfr rev_id="1407736" t="Мы"><v><l id="165750" t="мы"><g v="NPRO"></g><g v="1per"></g><g v="plur"></g><g v="nomn"></g></l></v></tfr></token><token text="по" id="574658"><tfr rev_id="1407737" t="по"><v><l id="241240" t="по"><g v="PREP"></g></l></v></tfr></token><token text="мере" id="574659"><tfr rev_id="3555047" t="мере"><v><l id="158460" t="мера"><g v="NOUN"></g><g v="inan"></g><g v="femn"></g><g v="sing"></g><g v="datv"></g></l></v><v><l id="158742" t="меря"><g v="NOUN"></g><g v="inan"></g><g v="femn"></g><g v="sing"></g><g v="datv"></g></l></v></tfr></token><token text="возможности" id="574660"><tfr rev_id="4164357" t="возможности"><v><l id="49410" t="возможность"><g v="NOUN"></g><g v="inan"></g><g v="femn"></g><g v="sing"></g><g v="gent"></g></l></v></tfr></token><token text="на" id="574661"><tfr rev_id="3330463" t="на"><v><l id="166264" t="на"><g v="PREP"></g></l></v></tfr></token><token text="территории" id="574662"><tfr rev_id="4263362" t="территории"><v><l id="345621" t="территория"><g v="NOUN"></g><g v="inan"></g><g v="femn"></g><g v="sing"></g><g v="loct"></g></l></v></tfr></token><token text="Государственной" id="574663"><tfr rev_id="4315251" t="Государственной"><v><l id="74161" t="государственный"><g v="ADJF"></g><g v="femn"></g><g v="sing"></g><g v="gent"></g></l></v></tfr></token><token text="Думы" id="574664"><tfr rev_id="3493555" t="Думы"><v><l id="92991" t="дума"><g v="NOUN"></g><g v="inan"></g><g v="femn"></g><g v="sing"></g><g v="gent"></g></l></v></tfr></token><token text="создаем" id="574665"><tfr rev_id="1407744" t="создаем"><v><l id="328568" t="создаю"><g v="VERB"></g><g v="impf"></g><g v="tran"></g><g v="plur"></g><g v="1per"></g><g v="pres"></g><g v="indc"></g></l></v></tfr></token><token text="зону" id="574666"><tfr rev_id="1407745" t="зону"><v><l id="116338" t="зона"><g v="NOUN"></g><g v="inan"></g><g v="femn"></g><g v="sing"></g><g v="accs"></g></l></v></tfr></token><token text="," id="574667"><tfr rev_id="1407746" t=","><v><l id="0" t=","><g v="PNCT"></g></l></v></tfr></token><token text="чистую" id="574668"><tfr rev_id="1407747" t="чистую"><v><l id="376677" t="чистый"><g v="ADJF"></g><g v="Qual"></g><g v="femn"></g><g v="sing"></g><g v="accs"></g></l></v></tfr></token><token text="от" id="574669"><tfr rev_id="1407748" t="от"><v><l id="211644" t="от"><g v="PREP"></g></l></v></tfr></token><token text="табака" id="574670"><tfr rev_id="1407749" t="табака"><v><l id="342032" t="табак"><g v="NOUN"></g><g v="inan"></g><g v="masc"></g><g v="sing"></g><g v="gen1"></g></l></v></tfr></token><token text="." id="574671"><tfr rev_id="1407750" t="."><v><l id="0" t="."><g v="PNCT"></g></l></v></tfr></token></tokens></sentence></paragraph></paragraphs></text>