<?xml version="1.0" encoding="utf-8"?><text parent="226" id="1074" name="09096 Российские профсоюзы предрекают новую волну безработицы"><tags><tag>url:http://www.chaskor.ru/news/rossijskie_profsoyuzy_predrekayut_novuyu_volnu_bezrabotitsy_9096</tag><tag>Год:2009</tag><tag>Дата:06/08</tag><tag>Тема:ЧасКор:Общество</tag><tag>Тема:ЧасКор:Общество/Работа</tag></tags><paragraphs><paragraph id="10415"><sentence id="32678"><source>Российские профсоюзы предрекают новую волну безработицы</source><tokens><token text="Российские" id="585314"><tfr rev_id="4075778" t="Российские"><v><l id="309319" t="российский"><g v="ADJF"></g><g v="plur"></g><g v="nomn"></g></l></v></tfr></token><token text="профсоюзы" id="585315"><tfr rev_id="3716207" t="профсоюзы"><v><l id="287042" t="профсоюз"><g v="NOUN"></g><g v="inan"></g><g v="masc"></g><g v="plur"></g><g v="nomn"></g></l></v></tfr></token><token text="предрекают" id="585316"><tfr rev_id="1418389" t="предрекают"><v><l id="266965" t="предрекаю"><g v="VERB"></g><g v="impf"></g><g v="tran"></g><g v="plur"></g><g v="3per"></g><g v="pres"></g><g v="indc"></g></l></v></tfr></token><token text="новую" id="585317"><tfr rev_id="1418390" t="новую"><v><l id="191918" t="новый"><g v="ADJF"></g><g v="Qual"></g><g v="femn"></g><g v="sing"></g><g v="accs"></g></l></v></tfr></token><token text="волну" id="585318"><tfr rev_id="1418391" t="волну"><v><l id="50017" t="волна"><g v="NOUN"></g><g v="inan"></g><g v="femn"></g><g v="sing"></g><g v="accs"></g></l></v></tfr></token><token text="безработицы" id="585319"><tfr rev_id="3451998" t="безработицы"><v><l id="26303" t="безработица"><g v="NOUN"></g><g v="inan"></g><g v="femn"></g><g v="sing"></g><g v="gent"></g></l></v></tfr></token></tokens></sentence><sentence id="32679"><source>По их прогнозам, до конца года в России будут уволены 400 тыс. человек.</source><tokens><token text="По" id="585320"><tfr rev_id="1418393" t="По"><v><l id="241240" t="по"><g v="PREP"></g></l></v></tfr></token><token text="их" id="585321"><tfr rev_id="4209359" t="их"><v><l id="127205" t="их"><g v="ADJF"></g><g v="Fixd"></g><g v="Apro"></g><g v="Anph"></g><g v="plur"></g><g v="nomn"></g></l></v><v><l id="127205" t="их"><g v="ADJF"></g><g v="Fixd"></g><g v="Apro"></g><g v="Anph"></g><g v="plur"></g><g v="gent"></g></l></v><v><l id="127205" t="их"><g v="ADJF"></g><g v="Fixd"></g><g v="Apro"></g><g v="Anph"></g><g v="plur"></g><g v="datv"></g></l></v><v><l id="127205" t="их"><g v="ADJF"></g><g v="Fixd"></g><g v="Apro"></g><g v="Anph"></g><g v="plur"></g><g v="accs"></g></l></v><v><l id="127205" t="их"><g v="ADJF"></g><g v="Fixd"></g><g v="Apro"></g><g v="Anph"></g><g v="plur"></g><g v="ablt"></g></l></v><v><l id="127205" t="их"><g v="ADJF"></g><g v="Fixd"></g><g v="Apro"></g><g v="Anph"></g><g v="plur"></g><g v="loct"></g></l></v></tfr></token><token text="прогнозам" id="585322"><tfr rev_id="1418395" t="прогнозам"><v><l id="278534" t="прогноз"><g v="NOUN"></g><g v="inan"></g><g v="masc"></g><g v="plur"></g><g v="datv"></g></l></v></tfr></token><token text="," id="585323"><tfr rev_id="1418396" t=","><v><l id="0" t=","><g v="PNCT"></g></l></v></tfr></token><token text="до" id="585324"><tfr rev_id="1418397" t="до"><v><l id="85153" t="до"><g v="PREP"></g></l></v></tfr></token><token text="конца" id="585325"><tfr rev_id="1418398" t="конца"><v><l id="137815" t="конец"><g v="NOUN"></g><g v="inan"></g><g v="masc"></g><g v="sing"></g><g v="gent"></g></l></v></tfr></token><token text="года" id="585326"><tfr rev_id="3486981" t="года"><v><l id="72149" t="год"><g v="NOUN"></g><g v="inan"></g><g v="masc"></g><g v="sing"></g><g v="gen1"></g></l></v></tfr></token><token text="в" id="585327"><tfr rev_id="1418400" t="в"><v><l id="37409" t="в"><g v="PREP"></g></l></v></tfr></token><token text="России" id="585328"><tfr rev_id="2922496" t="России"><v><l id="309322" t="россия"><g v="NOUN"></g><g v="inan"></g><g v="femn"></g><g v="Sgtm"></g><g v="Geox"></g><g v="sing"></g><g v="loct"></g></l></v></tfr></token><token text="будут" id="585329"><tfr rev_id="1418402" t="будут"><v><l id="37265" t="есть"><g v="VERB"></g><g v="impf"></g><g v="intr"></g><g v="plur"></g><g v="3per"></g><g v="futr"></g><g v="indc"></g></l></v></tfr></token><token text="уволены" id="585330"><tfr rev_id="1418403" t="уволены"><v><l id="353812" t="уволен"><g v="PRTS"></g><g v="perf"></g><g v="past"></g><g v="pssv"></g><g v="plur"></g></l></v></tfr></token><token text="400" id="585331"><tfr rev_id="2461343" t="400"><v><l id="0" t="400"><g v="NUMB"></g></l></v></tfr></token><token text="тыс" id="585332"><tfr rev_id="4136660" t="тыс"><v><l id="389041" t="тыс"><g v="NOUN"></g><g v="inan"></g><g v="femn"></g><g v="Fixd"></g><g v="Abbr"></g><g v="plur"></g><g v="nomn"></g></l></v><v><l id="389041" t="тыс"><g v="NOUN"></g><g v="inan"></g><g v="femn"></g><g v="Fixd"></g><g v="Abbr"></g><g v="plur"></g><g v="gent"></g></l></v><v><l id="389041" t="тыс"><g v="NOUN"></g><g v="inan"></g><g v="femn"></g><g v="Fixd"></g><g v="Abbr"></g><g v="plur"></g><g v="datv"></g></l></v><v><l id="389041" t="тыс"><g v="NOUN"></g><g v="inan"></g><g v="femn"></g><g v="Fixd"></g><g v="Abbr"></g><g v="plur"></g><g v="accs"></g></l></v><v><l id="389041" t="тыс"><g v="NOUN"></g><g v="inan"></g><g v="femn"></g><g v="Fixd"></g><g v="Abbr"></g><g v="plur"></g><g v="ablt"></g></l></v><v><l id="389041" t="тыс"><g v="NOUN"></g><g v="inan"></g><g v="femn"></g><g v="Fixd"></g><g v="Abbr"></g><g v="plur"></g><g v="loct"></g></l></v></tfr></token><token text="." id="585333"><tfr rev_id="1418406" t="."><v><l id="0" t="."><g v="PNCT"></g></l></v></tfr></token><token text="человек" id="585334"><tfr rev_id="3264610" t="человек"><v><l id="375073" t="человек"><g v="NOUN"></g><g v="anim"></g><g v="masc"></g><g v="plur"></g><g v="gent"></g></l></v></tfr></token><token text="." id="585335"><tfr rev_id="1418408" t="."><v><l id="0" t="."><g v="PNCT"></g></l></v></tfr></token></tokens></sentence></paragraph><paragraph id="10416"><sentence id="32680"><source>Прогнозы Федерации независимых профсоюзов, мягко говоря, неутешительны для России.</source><tokens><token text="Прогнозы" id="585336"><tfr rev_id="3744120" t="Прогнозы"><v><l id="278534" t="прогноз"><g v="NOUN"></g><g v="inan"></g><g v="masc"></g><g v="plur"></g><g v="nomn"></g></l></v></tfr></token><token text="Федерации" id="585337"><tfr rev_id="4269784" t="Федерации"><v><l id="364940" t="федерация"><g v="NOUN"></g><g v="inan"></g><g v="femn"></g><g v="sing"></g><g v="gent"></g></l></v></tfr></token><token text="независимых" id="585338"><tfr rev_id="4402425" t="независимых"><v><l id="182131" t="независимый"><g v="ADJF"></g><g v="Qual"></g><g v="plur"></g><g v="gent"></g></l></v></tfr></token><token text="профсоюзов" id="585339"><tfr rev_id="1418412" t="профсоюзов"><v><l id="287042" t="профсоюз"><g v="NOUN"></g><g v="inan"></g><g v="masc"></g><g v="plur"></g><g v="gent"></g></l></v></tfr></token><token text="," id="585340"><tfr rev_id="1418413" t=","><v><l id="0" t=","><g v="PNCT"></g></l></v></tfr></token><token text="мягко" id="585341"><tfr rev_id="1418414" t="мягко"><v><l id="166045" t="мягок"><g v="ADJS"></g><g v="Qual"></g><g v="neut"></g><g v="sing"></g></l></v><v><l id="166047" t="мягко"><g v="ADVB"></g></l></v></tfr></token><token text="говоря" id="585342"><tfr rev_id="1418415" t="говоря"><v><l id="72061" t="говоря"><g v="GRND"></g><g v="impf"></g><g v="tran"></g><g v="pres"></g></l></v></tfr></token><token text="," id="585343"><tfr rev_id="1418416" t=","><v><l id="0" t=","><g v="PNCT"></g></l></v></tfr></token><token text="неутешительны" id="585344"><tfr rev_id="1418417" t="неутешительны"><v><l id="189525" t="неутешителен"><g v="ADJS"></g><g v="plur"></g></l></v></tfr></token><token text="для" id="585345"><tfr rev_id="3452657" t="для"><v><l id="85032" t="для"><g v="PREP"></g></l></v></tfr></token><token text="России" id="585346"><tfr rev_id="2602226" t="России"><v><l id="309322" t="россия"><g v="NOUN"></g><g v="inan"></g><g v="femn"></g><g v="Sgtm"></g><g v="Geox"></g><g v="sing"></g><g v="gent"></g></l></v></tfr></token><token text="." id="585347"><tfr rev_id="1418420" t="."><v><l id="0" t="."><g v="PNCT"></g></l></v></tfr></token></tokens></sentence><sentence id="32681"><source>Она предрекает, что в августе-сентябре будут уволены как минимум 200 тыс. человек, ещё столько же потеряют работу до конца года.</source><tokens><token text="Она" id="585348"><tfr rev_id="3586446" t="Она"><v><l id="206544" t="она"><g v="NPRO"></g><g v="femn"></g><g v="3per"></g><g v="Anph"></g><g v="sing"></g><g v="nomn"></g></l></v></tfr></token><token text="предрекает" id="585349"><tfr rev_id="1418422" t="предрекает"><v><l id="266965" t="предрекаю"><g v="VERB"></g><g v="impf"></g><g v="tran"></g><g v="sing"></g><g v="3per"></g><g v="pres"></g><g v="indc"></g></l></v></tfr></token><token text="," id="585350"><tfr rev_id="1418423" t=","><v><l id="0" t=","><g v="PNCT"></g></l></v></tfr></token><token text="что" id="585351"><tfr rev_id="3196672" t="что"><v><l id="377004" t="что"><g v="CONJ"></g></l></v><v><l id="377005" t="что"><g v="NPRO"></g><g v="neut"></g><g v="sing"></g><g v="nomn"></g></l></v><v><l id="377005" t="что"><g v="NPRO"></g><g v="neut"></g><g v="sing"></g><g v="accs"></g></l></v><v><l id="377006" t="что"><g v="ADVB"></g><g v="Ques"></g></l></v><v><l id="388695" t="что"><g v="PRCL"></g></l></v></tfr></token><token text="в" id="585352"><tfr rev_id="1418425" t="в"><v><l id="37409" t="в"><g v="PREP"></g></l></v></tfr></token><token text="августе" id="585353"><tfr rev_id="4341940" t="августе"><v><l id="2368" t="август"><g v="NOUN"></g><g v="inan"></g><g v="masc"></g><g v="sing"></g><g v="loct"></g></l></v></tfr></token><token text="-" id="585354"><tfr rev_id="1418427" t="-"><v><l id="0" t="-"><g v="PNCT"></g></l></v></tfr></token><token text="сентябре" id="585355"><tfr rev_id="1418428" t="сентябре"><v><l id="318866" t="сентябрь"><g v="NOUN"></g><g v="inan"></g><g v="masc"></g><g v="sing"></g><g v="loct"></g></l></v></tfr></token><token text="будут" id="585356"><tfr rev_id="1418429" t="будут"><v><l id="37265" t="есть"><g v="VERB"></g><g v="impf"></g><g v="intr"></g><g v="plur"></g><g v="3per"></g><g v="futr"></g><g v="indc"></g></l></v></tfr></token><token text="уволены" id="585357"><tfr rev_id="1418430" t="уволены"><v><l id="353812" t="уволен"><g v="PRTS"></g><g v="perf"></g><g v="past"></g><g v="pssv"></g><g v="plur"></g></l></v></tfr></token><token text="как" id="585358"><tfr rev_id="1418431" t="как"><v><l id="128190" t="как"><g v="CONJ"></g></l></v><v><l id="128191" t="как"><g v="PRCL"></g></l></v><v><l id="128192" t="как"><g v="ADVB"></g><g v="Ques"></g></l></v></tfr></token><token text="минимум" id="585359"><tfr rev_id="3720214" t="минимум"><v><l id="160582" t="минимум"><g v="NOUN"></g><g v="inan"></g><g v="masc"></g><g v="sing"></g><g v="nomn"></g></l></v></tfr></token><token text="200" id="585360"><tfr rev_id="2461344" t="200"><v><l id="0" t="200"><g v="NUMB"></g></l></v></tfr></token><token text="тыс" id="585361"><tfr rev_id="4497116" t="тыс"><v><l id="389041" t="тыс"><g v="NOUN"></g><g v="inan"></g><g v="femn"></g><g v="Fixd"></g><g v="Abbr"></g><g v="plur"></g><g v="nomn"></g></l></v><v><l id="389041" t="тыс"><g v="NOUN"></g><g v="inan"></g><g v="femn"></g><g v="Fixd"></g><g v="Abbr"></g><g v="plur"></g><g v="gent"></g></l></v><v><l id="389041" t="тыс"><g v="NOUN"></g><g v="inan"></g><g v="femn"></g><g v="Fixd"></g><g v="Abbr"></g><g v="plur"></g><g v="datv"></g></l></v><v><l id="389041" t="тыс"><g v="NOUN"></g><g v="inan"></g><g v="femn"></g><g v="Fixd"></g><g v="Abbr"></g><g v="plur"></g><g v="accs"></g></l></v><v><l id="389041" t="тыс"><g v="NOUN"></g><g v="inan"></g><g v="femn"></g><g v="Fixd"></g><g v="Abbr"></g><g v="plur"></g><g v="ablt"></g></l></v><v><l id="389041" t="тыс"><g v="NOUN"></g><g v="inan"></g><g v="femn"></g><g v="Fixd"></g><g v="Abbr"></g><g v="plur"></g><g v="loct"></g></l></v></tfr></token><token text="." id="585362"><tfr rev_id="1418435" t="."><v><l id="0" t="."><g v="PNCT"></g></l></v></tfr></token><token text="человек" id="585363"><tfr rev_id="3496244" t="человек"><v><l id="375073" t="человек"><g v="NOUN"></g><g v="anim"></g><g v="masc"></g><g v="plur"></g><g v="gent"></g></l></v></tfr></token><token text="," id="585364"><tfr rev_id="1418437" t=","><v><l id="0" t=","><g v="PNCT"></g></l></v></tfr></token><token text="ещё" id="585365"><tfr rev_id="1418438" t="ещё"><v><l id="95551" t="ещё"><g v="PRCL"></g></l></v><v><l id="95552" t="ещё"><g v="ADVB"></g></l></v></tfr></token><token text="столько" id="585366"><tfr rev_id="3399168" t="столько"><v><l id="336670" t="столько"><g v="ADVB"></g></l></v><v><l id="336671" t="столько"><g v="NUMR"></g><g v="nomn"></g></l></v><v><l id="336671" t="столько"><g v="NUMR"></g><g v="inan"></g><g v="accs"></g></l></v><v><l id="388693" t="столько"><g v="CONJ"></g></l></v></tfr></token><token text="же" id="585367"><tfr rev_id="1418440" t="же"><v><l id="96208" t="же"><g v="CONJ"></g></l></v><v><l id="96209" t="же"><g v="PRCL"></g></l></v></tfr></token><token text="потеряют" id="585368"><tfr rev_id="1418441" t="потеряют"><v><l id="263149" t="потерял"><g v="VERB"></g><g v="perf"></g><g v="tran"></g><g v="plur"></g><g v="3per"></g><g v="futr"></g><g v="indc"></g></l></v></tfr></token><token text="работу" id="585369"><tfr rev_id="1418442" t="работу"><v><l id="290501" t="работа"><g v="NOUN"></g><g v="inan"></g><g v="femn"></g><g v="sing"></g><g v="accs"></g></l></v></tfr></token><token text="до" id="585370"><tfr rev_id="1418443" t="до"><v><l id="85153" t="до"><g v="PREP"></g></l></v></tfr></token><token text="конца" id="585371"><tfr rev_id="1418444" t="конца"><v><l id="137815" t="конец"><g v="NOUN"></g><g v="inan"></g><g v="masc"></g><g v="sing"></g><g v="gent"></g></l></v></tfr></token><token text="года" id="585372"><tfr rev_id="3483917" t="года"><v><l id="72149" t="год"><g v="NOUN"></g><g v="inan"></g><g v="masc"></g><g v="sing"></g><g v="gen1"></g></l></v></tfr></token><token text="." id="585373"><tfr rev_id="1418446" t="."><v><l id="0" t="."><g v="PNCT"></g></l></v></tfr></token></tokens></sentence><sentence id="32682"><source>Такую прогнозную оценку профсоюзы дали, опираясь на анализ ситуации в тех предприятиях, которые уже начали сокращать сотрудников или начнут это делать с минуты на минуту, передаёт «Интерфакс».</source><tokens><token text="Такую" id="585374"><tfr rev_id="1418447" t="Такую"><v><l id="342491" t="такой"><g v="ADJF"></g><g v="Apro"></g><g v="femn"></g><g v="sing"></g><g v="accs"></g></l></v></tfr></token><token text="прогнозную" id="585375"><tfr rev_id="1418448" t="прогнозную"><v><l id="278552" t="прогнозный"><g v="ADJF"></g><g v="femn"></g><g v="sing"></g><g v="accs"></g></l></v></tfr></token><token text="оценку" id="585376"><tfr rev_id="1418449" t="оценку"><v><l id="221498" t="оценка"><g v="NOUN"></g><g v="inan"></g><g v="femn"></g><g v="sing"></g><g v="accs"></g></l></v></tfr></token><token text="профсоюзы" id="585377"><tfr rev_id="3749847" t="профсоюзы"><v><l id="287042" t="профсоюз"><g v="NOUN"></g><g v="inan"></g><g v="masc"></g><g v="plur"></g><g v="nomn"></g></l></v></tfr></token><token text="дали" id="585378"><tfr rev_id="1714518" t="дали"><v><l id="78546" t="дал"><g v="VERB"></g><g v="perf"></g><g v="tran"></g><g v="plur"></g><g v="past"></g><g v="indc"></g></l></v></tfr></token><token text="," id="585379"><tfr rev_id="1418452" t=","><v><l id="0" t=","><g v="PNCT"></g></l></v></tfr></token><token text="опираясь" id="585380"><tfr rev_id="1418453" t="опираясь"><v><l id="207151" t="опираясь"><g v="GRND"></g><g v="impf"></g><g v="intr"></g><g v="pres"></g></l></v></tfr></token><token text="на" id="585381"><tfr rev_id="3344543" t="на"><v><l id="166264" t="на"><g v="PREP"></g></l></v></tfr></token><token text="анализ" id="585382"><tfr rev_id="3486451" t="анализ"><v><l id="12202" t="анализ"><g v="NOUN"></g><g v="inan"></g><g v="masc"></g><g v="sing"></g><g v="accs"></g></l></v></tfr></token><token text="ситуации" id="585383"><tfr rev_id="4177289" t="ситуации"><v><l id="321441" t="ситуация"><g v="NOUN"></g><g v="inan"></g><g v="femn"></g><g v="sing"></g><g v="gent"></g></l></v></tfr></token><token text="в" id="585384"><tfr rev_id="1418457" t="в"><v><l id="37409" t="в"><g v="PREP"></g></l></v></tfr></token><token text="тех" id="585385"><tfr rev_id="3780477" t="тех"><v><l id="348430" t="тот"><g v="ADJF"></g><g v="Subx"></g><g v="Apro"></g><g v="Anph"></g><g v="plur"></g><g v="loct"></g></l></v></tfr></token><token text="предприятиях" id="585386"><tfr rev_id="1418459" t="предприятиях"><v><l id="266920" t="предприятие"><g v="NOUN"></g><g v="inan"></g><g v="neut"></g><g v="plur"></g><g v="loct"></g></l></v></tfr></token><token text="," id="585387"><tfr rev_id="1418460" t=","><v><l id="0" t=","><g v="PNCT"></g></l></v></tfr></token><token text="которые" id="585388"><tfr rev_id="3793950" t="которые"><v><l id="141203" t="который"><g v="ADJF"></g><g v="Apro"></g><g v="Subx"></g><g v="Anph"></g><g v="plur"></g><g v="nomn"></g></l></v></tfr></token><token text="уже" id="585389"><tfr rev_id="2692685" t="уже"><v><l id="355422" t="уж"><g v="NOUN"></g><g v="anim"></g><g v="masc"></g><g v="sing"></g><g v="loct"></g></l></v><v><l id="355498" t="уже"><g v="ADVB"></g></l></v><v><l id="355674" t="уже"><g v="COMP"></g><g v="Qual"></g></l></v><v><l id="388673" t="уже"><g v="PRCL"></g></l></v></tfr></token><token text="начали" id="585390"><tfr rev_id="1418463" t="начали"><v><l id="178224" t="начал"><g v="VERB"></g><g v="perf"></g><g v="tran"></g><g v="plur"></g><g v="past"></g><g v="indc"></g></l></v></tfr></token><token text="сокращать" id="585391"><tfr rev_id="1418464" t="сокращать"><v><l id="328833" t="сокращать"><g v="INFN"></g><g v="impf"></g><g v="tran"></g></l></v></tfr></token><token text="сотрудников" id="585392"><tfr rev_id="4096660" t="сотрудников"><v><l id="330867" t="сотрудник"><g v="NOUN"></g><g v="anim"></g><g v="masc"></g><g v="plur"></g><g v="accs"></g></l></v></tfr></token><token text="или" id="585393"><tfr rev_id="3787166" t="или"><v><l id="121146" t="или"><g v="CONJ"></g></l></v></tfr></token><token text="начнут" id="585394"><tfr rev_id="1418467" t="начнут"><v><l id="178224" t="начал"><g v="VERB"></g><g v="perf"></g><g v="tran"></g><g v="plur"></g><g v="3per"></g><g v="futr"></g><g v="indc"></g></l></v></tfr></token><token text="это" id="585395"><tfr rev_id="4441477" t="это"><v><l id="386574" t="это"><g v="PRCL"></g></l></v><v><l id="386575" t="это"><g v="NPRO"></g><g v="neut"></g><g v="sing"></g><g v="nomn"></g></l></v><v><l id="386575" t="это"><g v="NPRO"></g><g v="neut"></g><g v="sing"></g><g v="accs"></g></l></v><v><l id="386581" t="этот"><g v="ADJF"></g><g v="Subx"></g><g v="Apro"></g><g v="Anph"></g><g v="neut"></g><g v="sing"></g><g v="nomn"></g></l></v><v><l id="386581" t="этот"><g v="ADJF"></g><g v="Subx"></g><g v="Apro"></g><g v="Anph"></g><g v="neut"></g><g v="sing"></g><g v="accs"></g></l></v></tfr></token><token text="делать" id="585396"><tfr rev_id="1418469" t="делать"><v><l id="80527" t="делать"><g v="INFN"></g><g v="impf"></g><g v="tran"></g></l></v></tfr></token><token text="с" id="585397"><tfr rev_id="1418470" t="с"><v><l id="311151" t="с"><g v="PREP"></g></l></v></tfr></token><token text="минуты" id="585398"><tfr rev_id="3494777" t="минуты"><v><l id="160750" t="минута"><g v="NOUN"></g><g v="inan"></g><g v="femn"></g><g v="sing"></g><g v="gent"></g></l></v></tfr></token><token text="на" id="585399"><tfr rev_id="3336513" t="на"><v><l id="166264" t="на"><g v="PREP"></g></l></v></tfr></token><token text="минуту" id="585400"><tfr rev_id="1418473" t="минуту"><v><l id="160750" t="минута"><g v="NOUN"></g><g v="inan"></g><g v="femn"></g><g v="sing"></g><g v="accs"></g></l></v></tfr></token><token text="," id="585401"><tfr rev_id="1418474" t=","><v><l id="0" t=","><g v="PNCT"></g></l></v></tfr></token><token text="передаёт" id="585402"><tfr rev_id="1418475" t="передаёт"><v><l id="228101" t="передаю"><g v="VERB"></g><g v="impf"></g><g v="tran"></g><g v="sing"></g><g v="3per"></g><g v="pres"></g><g v="indc"></g></l></v><v><l id="228108" t="передавал"><g v="VERB"></g><g v="perf"></g><g v="tran"></g><g v="sing"></g><g v="3per"></g><g v="futr"></g><g v="indc"></g></l></v></tfr></token><token text="«" id="585403"><tfr rev_id="2442974" t="«"><v><l id="0" t="«"><g v="PNCT"></g></l></v></tfr></token><token text="Интерфакс" id="585404"><tfr rev_id="4506120" t="Интерфакс"><v><l id="123339" t="интерфакс"><g v="NOUN"></g><g v="inan"></g><g v="masc"></g><g v="Orgn"></g><g v="sing"></g><g v="nomn"></g></l></v><v><l id="123339" t="интерфакс"><g v="NOUN"></g><g v="inan"></g><g v="masc"></g><g v="Orgn"></g><g v="sing"></g><g v="accs"></g></l></v></tfr></token><token text="»" id="585405"><tfr rev_id="2442975" t="»"><v><l id="0" t="»"><g v="PNCT"></g></l></v></tfr></token><token text="." id="585406"><tfr rev_id="1418479" t="."><v><l id="0" t="."><g v="PNCT"></g></l></v></tfr></token></tokens></sentence></paragraph><paragraph id="10417"><sentence id="32683"><source>Напомним, мировой финансовый кризис породил массовую безработицу, причём не только в России, но и практически во всех странах.</source><tokens><token text="Напомним" id="585407"><tfr rev_id="1418480" t="Напомним"><v><l id="173892" t="напомнил"><g v="VERB"></g><g v="perf"></g><g v="tran"></g><g v="plur"></g><g v="1per"></g><g v="futr"></g><g v="indc"></g></l></v><v><l id="173892" t="напомнил"><g v="VERB"></g><g v="perf"></g><g v="tran"></g><g v="sing"></g><g v="impr"></g><g v="incl"></g></l></v></tfr></token><token text="," id="585408"><tfr rev_id="1418481" t=","><v><l id="0" t=","><g v="PNCT"></g></l></v></tfr></token><token text="мировой" id="585409"><tfr rev_id="4232247" t="мировой"><v><l id="160894" t="мировой"><g v="ADJF"></g><g v="masc"></g><g v="sing"></g><g v="nomn"></g></l></v><v><l id="160894" t="мировой"><g v="ADJF"></g><g v="inan"></g><g v="masc"></g><g v="sing"></g><g v="accs"></g></l></v></tfr></token><token text="финансовый" id="585410"><tfr rev_id="3348499" t="финансовый"><v><l id="366103" t="финансовый"><g v="ADJF"></g><g v="masc"></g><g v="sing"></g><g v="nomn"></g></l></v><v><l id="366103" t="финансовый"><g v="ADJF"></g><g v="inan"></g><g v="masc"></g><g v="sing"></g><g v="accs"></g></l></v></tfr></token><token text="кризис" id="585411"><tfr rev_id="4099270" t="кризис"><v><l id="142725" t="кризис"><g v="NOUN"></g><g v="inan"></g><g v="masc"></g><g v="sing"></g><g v="nomn"></g></l></v></tfr></token><token text="породил" id="585412"><tfr rev_id="1418485" t="породил"><v><l id="260323" t="породил"><g v="VERB"></g><g v="perf"></g><g v="tran"></g><g v="masc"></g><g v="sing"></g><g v="past"></g><g v="indc"></g></l></v></tfr></token><token text="массовую" id="585413"><tfr rev_id="1418486" t="массовую"><v><l id="156047" t="массовый"><g v="ADJF"></g><g v="femn"></g><g v="sing"></g><g v="accs"></g></l></v></tfr></token><token text="безработицу" id="585414"><tfr rev_id="1418487" t="безработицу"><v><l id="26303" t="безработица"><g v="NOUN"></g><g v="inan"></g><g v="femn"></g><g v="sing"></g><g v="accs"></g></l></v></tfr></token><token text="," id="585415"><tfr rev_id="1418488" t=","><v><l id="0" t=","><g v="PNCT"></g></l></v></tfr></token><token text="причём" id="585416"><tfr rev_id="1418489" t="причём"><v><l id="276410" t="причём"><g v="CONJ"></g></l></v></tfr></token><token text="не" id="585417"><tfr rev_id="1418490" t="не"><v><l id="178876" t="не"><g v="PRCL"></g></l></v></tfr></token><token text="только" id="585418"><tfr rev_id="3784040" t="только"><v><l id="347395" t="только"><g v="CONJ"></g></l></v><v><l id="347396" t="только"><g v="PRCL"></g></l></v><v><l id="390053" t="только"><g v="ADVB"></g></l></v></tfr></token><token text="в" id="585419"><tfr rev_id="1418492" t="в"><v><l id="37409" t="в"><g v="PREP"></g></l></v></tfr></token><token text="России" id="585420"><tfr rev_id="2922374" t="России"><v><l id="309322" t="россия"><g v="NOUN"></g><g v="inan"></g><g v="femn"></g><g v="Sgtm"></g><g v="Geox"></g><g v="sing"></g><g v="loct"></g></l></v></tfr></token><token text="," id="585421"><tfr rev_id="1418494" t=","><v><l id="0" t=","><g v="PNCT"></g></l></v></tfr></token><token text="но" id="585422"><tfr rev_id="1418495" t="но"><v><l id="191429" t="но"><g v="CONJ"></g></l></v><v><l id="191430" t="но"><g v="INTJ"></g></l></v></tfr></token><token text="и" id="585423"><tfr rev_id="3690634" t="и"><v><l id="116949" t="и"><g v="CONJ"></g></l></v></tfr></token><token text="практически" id="585424"><tfr rev_id="1418497" t="практически"><v><l id="265904" t="практически"><g v="ADVB"></g></l></v></tfr></token><token text="во" id="585425"><tfr rev_id="2920222" t="во"><v><l id="37409" t="в"><g v="PREP"></g><g v="Vpre"></g></l></v></tfr></token><token text="всех" id="585426"><tfr rev_id="4409103" t="всех"><v><l id="42156" t="весь"><g v="ADJF"></g><g v="Subx"></g><g v="Apro"></g><g v="plur"></g><g v="loct"></g></l></v></tfr></token><token text="странах" id="585427"><tfr rev_id="1418500" t="странах"><v><l id="337100" t="страна"><g v="NOUN"></g><g v="inan"></g><g v="femn"></g><g v="plur"></g><g v="loct"></g></l></v></tfr></token><token text="." id="585428"><tfr rev_id="1418501" t="."><v><l id="0" t="."><g v="PNCT"></g></l></v></tfr></token></tokens></sentence><sentence id="32684"><source>Темп сокращений удалось сдержать к середине весны, а в июне службы занятости начали рапортовать об уменьшении количества официально зарегистрированных безработных.</source><tokens><token text="Темп" id="585429"><tfr rev_id="4101521" t="Темп"><v><l id="344595" t="темп"><g v="NOUN"></g><g v="inan"></g><g v="masc"></g><g v="sing"></g><g v="accs"></g></l></v></tfr></token><token text="сокращений" id="585430"><tfr rev_id="1418503" t="сокращений"><v><l id="328844" t="сокращение"><g v="NOUN"></g><g v="inan"></g><g v="neut"></g><g v="plur"></g><g v="gent"></g></l></v></tfr></token><token text="удалось" id="585431"><tfr rev_id="1418504" t="удалось"><v><l id="354717" t="удался"><g v="VERB"></g><g v="perf"></g><g v="intr"></g><g v="neut"></g><g v="sing"></g><g v="past"></g><g v="indc"></g></l></v></tfr></token><token text="сдержать" id="585432"><tfr rev_id="1418505" t="сдержать"><v><l id="317276" t="сдержать"><g v="INFN"></g><g v="perf"></g><g v="tran"></g></l></v></tfr></token><token text="к" id="585433"><tfr rev_id="1418506" t="к"><v><l id="127460" t="к"><g v="PREP"></g></l></v></tfr></token><token text="середине" id="585434"><tfr rev_id="3556288" t="середине"><v><l id="319232" t="середина"><g v="NOUN"></g><g v="inan"></g><g v="femn"></g><g v="sing"></g><g v="datv"></g></l></v></tfr></token><token text="весны" id="585435"><tfr rev_id="3457745" t="весны"><v><l id="42035" t="весна"><g v="NOUN"></g><g v="inan"></g><g v="femn"></g><g v="sing"></g><g v="gent"></g></l></v></tfr></token><token text="," id="585436"><tfr rev_id="1418509" t=","><v><l id="0" t=","><g v="PNCT"></g></l></v></tfr></token><token text="а" id="585437"><tfr rev_id="1418510" t="а"><v><l id="51" t="а"><g v="CONJ"></g></l></v><v><l id="52" t="а"><g v="INTJ"></g></l></v><v><l id="53" t="а"><g v="PRCL"></g></l></v></tfr></token><token text="в" id="585438"><tfr rev_id="1418511" t="в"><v><l id="37409" t="в"><g v="PREP"></g></l></v></tfr></token><token text="июне" id="585439"><tfr rev_id="1418512" t="июне"><v><l id="127302" t="июнь"><g v="NOUN"></g><g v="inan"></g><g v="masc"></g><g v="sing"></g><g v="loct"></g></l></v></tfr></token><token text="службы" id="585440"><tfr rev_id="3741473" t="службы"><v><l id="325377" t="служба"><g v="NOUN"></g><g v="inan"></g><g v="femn"></g><g v="plur"></g><g v="nomn"></g></l></v></tfr></token><token text="занятости" id="585441"><tfr rev_id="4271771" t="занятости"><v><l id="106580" t="занятость"><g v="NOUN"></g><g v="inan"></g><g v="femn"></g><g v="sing"></g><g v="gent"></g></l></v></tfr></token><token text="начали" id="585442"><tfr rev_id="1418515" t="начали"><v><l id="178224" t="начал"><g v="VERB"></g><g v="perf"></g><g v="tran"></g><g v="plur"></g><g v="past"></g><g v="indc"></g></l></v></tfr></token><token text="рапортовать" id="585443"><tfr rev_id="1418516" t="рапортовать"><v><l id="298010" t="рапортовать"><g v="INFN"></g><g v="perf"></g><g v="tran"></g></l></v><v><l id="298011" t="рапортовать"><g v="INFN"></g><g v="impf"></g><g v="tran"></g></l></v></tfr></token><token text="об" id="585444"><tfr rev_id="2921207" t="об"><v><l id="192977" t="о"><g v="PREP"></g><g v="Vpre"></g></l></v></tfr></token><token text="уменьшении" id="585445"><tfr rev_id="1418518" t="уменьшении"><v><l id="357492" t="уменьшение"><g v="NOUN"></g><g v="inan"></g><g v="neut"></g><g v="sing"></g><g v="loct"></g></l></v></tfr></token><token text="количества" id="585446"><tfr rev_id="2372506" t="количества"><v><l id="135983" t="количество"><g v="NOUN"></g><g v="inan"></g><g v="neut"></g><g v="sing"></g><g v="gent"></g></l></v></tfr></token><token text="официально" id="585447"><tfr rev_id="1418520" t="официально"><v><l id="220937" t="официально"><g v="ADVB"></g></l></v><v><l id="220941" t="официален"><g v="ADJS"></g><g v="neut"></g><g v="sing"></g></l></v></tfr></token><token text="зарегистрированных" id="585448"><tfr rev_id="3417768" t="зарегистрированных"><v><l id="108630" t="зарегистрированный"><g v="PRTF"></g><g v="perf"></g><g v="tran"></g><g v="past"></g><g v="pssv"></g><g v="plur"></g><g v="gent"></g></l></v></tfr></token><token text="безработных" id="585449"><tfr rev_id="4484956" t="безработных"><v><l id="26304" t="безработный"><g v="NOUN"></g><g v="anim"></g><g v="masc"></g><g v="plur"></g><g v="gent"></g></l></v></tfr></token><token text="." id="585450"><tfr rev_id="1418523" t="."><v><l id="0" t="."><g v="PNCT"></g></l></v></tfr></token></tokens></sentence><sentence id="32685"><source>К настоящему моменту в Российской Федерации зарегистрировано 2,47 млн. безработных.</source><tokens><token text="К" id="585451"><tfr rev_id="1418524" t="К"><v><l id="127460" t="к"><g v="PREP"></g></l></v></tfr></token><token text="настоящему" id="585452"><tfr rev_id="4371599" t="настоящему"><v><l id="176151" t="настоящий"><g v="ADJF"></g><g v="masc"></g><g v="sing"></g><g v="datv"></g></l></v></tfr></token><token text="моменту" id="585453"><tfr rev_id="1418526" t="моменту"><v><l id="163050" t="момент"><g v="NOUN"></g><g v="inan"></g><g v="masc"></g><g v="sing"></g><g v="datv"></g></l></v></tfr></token><token text="в" id="585454"><tfr rev_id="1418527" t="в"><v><l id="37409" t="в"><g v="PREP"></g></l></v></tfr></token><token text="Российской" id="585455"><tfr rev_id="4161828" t="Российской"><v><l id="309319" t="российский"><g v="ADJF"></g><g v="femn"></g><g v="sing"></g><g v="loct"></g></l></v></tfr></token><token text="Федерации" id="585456"><tfr rev_id="4291555" t="Федерации"><v><l id="364940" t="федерация"><g v="NOUN"></g><g v="inan"></g><g v="femn"></g><g v="sing"></g><g v="loct"></g></l></v></tfr></token><token text="зарегистрировано" id="585457"><tfr rev_id="1418530" t="зарегистрировано"><v><l id="108631" t="зарегистрирован"><g v="PRTS"></g><g v="perf"></g><g v="past"></g><g v="pssv"></g><g v="neut"></g><g v="sing"></g></l></v></tfr></token><token text="2,47" id="585458"><tfr rev_id="2461345" t="2,47"><v><l id="0" t="2,47"><g v="NUMB"></g></l></v></tfr></token><token text="млн" id="585459"><tfr rev_id="4180745" t="млн"><v><l id="389040" t="млн"><g v="NOUN"></g><g v="inan"></g><g v="masc"></g><g v="Fixd"></g><g v="Abbr"></g><g v="sing"></g><g v="gent"></g></l></v></tfr></token><token text="." id="585460"><tfr rev_id="1418533" t="."><v><l id="0" t="."><g v="PNCT"></g></l></v></tfr></token><token text="безработных" id="585461"><tfr rev_id="4465393" t="безработных"><v><l id="26304" t="безработный"><g v="NOUN"></g><g v="anim"></g><g v="masc"></g><g v="plur"></g><g v="gent"></g></l></v></tfr></token><token text="." id="585462"><tfr rev_id="1418535" t="."><v><l id="0" t="."><g v="PNCT"></g></l></v></tfr></token></tokens></sentence><sentence id="32686"><source>Однако скрытая безработица в стране как минимум в три раза больше, предупреждают эксперты.</source><tokens><token text="Однако" id="585463"><tfr rev_id="2624518" t="Однако"><v><l id="203386" t="однако"><g v="INTJ"></g></l></v><v><l id="203387" t="однако"><g v="CONJ"></g><g v="Prnt"></g></l></v></tfr></token><token text="скрытая" id="585464"><tfr rev_id="1418537" t="скрытая"><v><l id="323821" t="скрытый"><g v="ADJF"></g><g v="Qual"></g><g v="femn"></g><g v="sing"></g><g v="nomn"></g></l></v><v><l id="323827" t="скрытый"><g v="PRTF"></g><g v="perf"></g><g v="tran"></g><g v="past"></g><g v="pssv"></g><g v="femn"></g><g v="sing"></g><g v="nomn"></g></l></v></tfr></token><token text="безработица" id="585465"><tfr rev_id="1418538" t="безработица"><v><l id="26303" t="безработица"><g v="NOUN"></g><g v="inan"></g><g v="femn"></g><g v="sing"></g><g v="nomn"></g></l></v></tfr></token><token text="в" id="585466"><tfr rev_id="1418539" t="в"><v><l id="37409" t="в"><g v="PREP"></g></l></v></tfr></token><token text="стране" id="585467"><tfr rev_id="3556262" t="стране"><v><l id="337100" t="страна"><g v="NOUN"></g><g v="inan"></g><g v="femn"></g><g v="sing"></g><g v="loct"></g></l></v></tfr></token><token text="как" id="585468"><tfr rev_id="1418541" t="как"><v><l id="128190" t="как"><g v="CONJ"></g></l></v><v><l id="128191" t="как"><g v="PRCL"></g></l></v><v><l id="128192" t="как"><g v="ADVB"></g><g v="Ques"></g></l></v></tfr></token><token text="минимум" id="585469"><tfr rev_id="4572414" t="минимум"><v><l id="160582" t="минимум"><g v="NOUN"></g><g v="inan"></g><g v="masc"></g><g v="sing"></g><g v="nomn"></g></l></v></tfr></token><token text="в" id="585470"><tfr rev_id="1418543" t="в"><v><l id="37409" t="в"><g v="PREP"></g></l></v></tfr></token><token text="три" id="585471"><tfr rev_id="2635275" t="три"><v><l id="349973" t="три"><g v="NUMR"></g><g v="nomn"></g></l></v><v><l id="349973" t="три"><g v="NUMR"></g><g v="inan"></g><g v="accs"></g></l></v></tfr></token><token text="раза" id="585472"><tfr rev_id="3421611" t="раза"><v><l id="291500" t="раз"><g v="NOUN"></g><g v="inan"></g><g v="masc"></g><g v="sing"></g><g v="gen1"></g></l></v></tfr></token><token text="больше" id="585473"><tfr rev_id="2558461" t="больше"><v><l id="32325" t="больше"><g v="ADVB"></g></l></v><v><l id="32447" t="больше"><g v="COMP"></g><g v="Qual"></g></l></v></tfr></token><token text="," id="585474"><tfr rev_id="1418547" t=","><v><l id="0" t=","><g v="PNCT"></g></l></v></tfr></token><token text="предупреждают" id="585475"><tfr rev_id="1418548" t="предупреждают"><v><l id="267280" t="предупреждаю"><g v="VERB"></g><g v="impf"></g><g v="tran"></g><g v="plur"></g><g v="3per"></g><g v="pres"></g><g v="indc"></g></l></v></tfr></token><token text="эксперты" id="585476"><tfr rev_id="1418549" t="эксперты"><v><l id="383582" t="эксперт"><g v="NOUN"></g><g v="anim"></g><g v="masc"></g><g v="plur"></g><g v="nomn"></g></l></v></tfr></token><token text="." id="585477"><tfr rev_id="1418550" t="."><v><l id="0" t="."><g v="PNCT"></g></l></v></tfr></token></tokens></sentence></paragraph></paragraphs></text>