<?xml version="1.0" encoding="utf-8"?><text parent="56" id="108" name="Ливия: повстанцы освободили французов"><tags><tag>url:http://ru.wikinews.org/w/index.php?title=Ливия:_повстанцы_освободили_французов&amp;oldid=55567</tag><tag>Год:2011</tag><tag>Дата:21/05</tag><tag>Автор:http://ru.wikinews.org/wiki/Участник:Zooro-Patriot</tag><tag>Гео:ВикиКатегория:Ливия</tag><tag>Гео:ВикиКатегория:Франция</tag></tags><paragraphs><paragraph id="2481"><sentence id="7809"><source>МИД Франции сообщил, что освобождены четверо граждан Франции, которые были задержаны ливийскими повстанцами по подозрению в шпионаже.</source><tokens><token text="МИД" id="150131"><tfr rev_id="4449353" t="МИД"><v><l id="159652" t="мид"><g v="NOUN"></g><g v="inan"></g><g v="masc"></g><g v="Abbr"></g><g v="Orgn"></g><g v="sing"></g><g v="nomn"></g></l></v><v><l id="159652" t="мид"><g v="NOUN"></g><g v="inan"></g><g v="masc"></g><g v="Abbr"></g><g v="Orgn"></g><g v="sing"></g><g v="gent"></g><g v="Infr"></g></l></v><v><l id="159652" t="мид"><g v="NOUN"></g><g v="inan"></g><g v="masc"></g><g v="Abbr"></g><g v="Orgn"></g><g v="sing"></g><g v="accs"></g></l></v></tfr></token><token text="Франции" id="150132"><tfr rev_id="3325513" t="Франции"><v><l id="368071" t="франция"><g v="NOUN"></g><g v="inan"></g><g v="femn"></g><g v="Sgtm"></g><g v="Geox"></g><g v="sing"></g><g v="gent"></g></l></v></tfr></token><token text="сообщил" id="150133"><tfr rev_id="984954" t="сообщил"><v><l id="329556" t="сообщил"><g v="VERB"></g><g v="perf"></g><g v="tran"></g><g v="masc"></g><g v="sing"></g><g v="past"></g><g v="indc"></g></l></v></tfr></token><token text="," id="150134"><tfr rev_id="984955" t=","><v><l id="0" t=","><g v="PNCT"></g></l></v></tfr></token><token text="что" id="150135"><tfr rev_id="3192375" t="что"><v><l id="377004" t="что"><g v="CONJ"></g></l></v><v><l id="377005" t="что"><g v="NPRO"></g><g v="neut"></g><g v="sing"></g><g v="nomn"></g></l></v><v><l id="377005" t="что"><g v="NPRO"></g><g v="neut"></g><g v="sing"></g><g v="accs"></g></l></v><v><l id="377006" t="что"><g v="ADVB"></g><g v="Ques"></g></l></v><v><l id="388695" t="что"><g v="PRCL"></g></l></v></tfr></token><token text="освобождены" id="150136"><tfr rev_id="984957" t="освобождены"><v><l id="209699" t="освобождён"><g v="PRTS"></g><g v="perf"></g><g v="past"></g><g v="pssv"></g><g v="plur"></g></l></v></tfr></token><token text="четверо" id="150137"><tfr rev_id="984958" t="четверо"><v><l id="376107" t="четверо"><g v="NUMR"></g><g v="Coll"></g><g v="nomn"></g></l></v><v><l id="376107" t="четверо"><g v="NUMR"></g><g v="Coll"></g><g v="inan"></g><g v="accs"></g></l></v></tfr></token><token text="граждан" id="150138"><tfr rev_id="4204497" t="граждан"><v><l id="74521" t="гражданин"><g v="NOUN"></g><g v="anim"></g><g v="masc"></g><g v="plur"></g><g v="gent"></g></l></v></tfr></token><token text="Франции" id="150139"><tfr rev_id="3456773" t="Франции"><v><l id="368071" t="франция"><g v="NOUN"></g><g v="inan"></g><g v="femn"></g><g v="Sgtm"></g><g v="Geox"></g><g v="sing"></g><g v="gent"></g></l></v></tfr></token><token text="," id="150140"><tfr rev_id="984961" t=","><v><l id="0" t=","><g v="PNCT"></g></l></v></tfr></token><token text="которые" id="150141"><tfr rev_id="3756877" t="которые"><v><l id="141203" t="который"><g v="ADJF"></g><g v="Apro"></g><g v="Subx"></g><g v="Anph"></g><g v="plur"></g><g v="nomn"></g></l></v></tfr></token><token text="были" id="150142"><tfr rev_id="1712501" t="были"><v><l id="37265" t="есть"><g v="VERB"></g><g v="impf"></g><g v="intr"></g><g v="plur"></g><g v="past"></g><g v="indc"></g></l></v></tfr></token><token text="задержаны" id="150143"><tfr rev_id="984964" t="задержаны"><v><l id="101573" t="задержан"><g v="PRTS"></g><g v="perf"></g><g v="past"></g><g v="pssv"></g><g v="plur"></g></l></v></tfr></token><token text="ливийскими" id="150144"><tfr rev_id="984965" t="ливийскими"><v><l id="148956" t="ливийский"><g v="ADJF"></g><g v="plur"></g><g v="ablt"></g></l></v></tfr></token><token text="повстанцами" id="150145"><tfr rev_id="984966" t="повстанцами"><v><l id="242782" t="повстанец"><g v="NOUN"></g><g v="anim"></g><g v="masc"></g><g v="plur"></g><g v="ablt"></g></l></v></tfr></token><token text="по" id="150146"><tfr rev_id="984967" t="по"><v><l id="241240" t="по"><g v="PREP"></g></l></v></tfr></token><token text="подозрению" id="150147"><tfr rev_id="984968" t="подозрению"><v><l id="248465" t="подозрение"><g v="NOUN"></g><g v="inan"></g><g v="neut"></g><g v="sing"></g><g v="datv"></g></l></v></tfr></token><token text="в" id="150148"><tfr rev_id="984969" t="в"><v><l id="37409" t="в"><g v="PREP"></g></l></v></tfr></token><token text="шпионаже" id="150149"><tfr rev_id="984970" t="шпионаже"><v><l id="381018" t="шпионаж"><g v="NOUN"></g><g v="inan"></g><g v="masc"></g><g v="sing"></g><g v="loct"></g></l></v></tfr></token><token text="." id="150150"><tfr rev_id="984971" t="."><v><l id="0" t="."><g v="PNCT"></g></l></v></tfr></token></tokens></sentence></paragraph><paragraph id="2482"><sentence id="7810"><source>В официальном заявлении МИДа говорится, что эти люди были перевезены в Египет и переданы французским дипломатам.</source><tokens><token text="В" id="150151"><tfr rev_id="984972" t="В"><v><l id="37409" t="в"><g v="PREP"></g></l></v></tfr></token><token text="официальном" id="150152"><tfr rev_id="4162064" t="официальном"><v><l id="220939" t="официальный"><g v="ADJF"></g><g v="neut"></g><g v="sing"></g><g v="loct"></g></l></v></tfr></token><token text="заявлении" id="150153"><tfr rev_id="984974" t="заявлении"><v><l id="114311" t="заявление"><g v="NOUN"></g><g v="inan"></g><g v="neut"></g><g v="sing"></g><g v="loct"></g></l></v></tfr></token><token text="МИДа" id="150154"><tfr rev_id="4449389" t="МИДа"><v><l id="159652" t="мид"><g v="NOUN"></g><g v="inan"></g><g v="masc"></g><g v="Abbr"></g><g v="Orgn"></g><g v="sing"></g><g v="gent"></g></l></v></tfr></token><token text="говорится" id="150155"><tfr rev_id="984976" t="говорится"><v><l id="72062" t="говорюсь"><g v="VERB"></g><g v="impf"></g><g v="intr"></g><g v="sing"></g><g v="3per"></g><g v="pres"></g><g v="indc"></g></l></v></tfr></token><token text="," id="150156"><tfr rev_id="984977" t=","><v><l id="0" t=","><g v="PNCT"></g></l></v></tfr></token><token text="что" id="150157"><tfr rev_id="3192376" t="что"><v><l id="377004" t="что"><g v="CONJ"></g></l></v><v><l id="377005" t="что"><g v="NPRO"></g><g v="neut"></g><g v="sing"></g><g v="nomn"></g></l></v><v><l id="377005" t="что"><g v="NPRO"></g><g v="neut"></g><g v="sing"></g><g v="accs"></g></l></v><v><l id="377006" t="что"><g v="ADVB"></g><g v="Ques"></g></l></v><v><l id="388695" t="что"><g v="PRCL"></g></l></v></tfr></token><token text="эти" id="150158"><tfr rev_id="4445890" t="эти"><v><l id="386581" t="этот"><g v="ADJF"></g><g v="Subx"></g><g v="Apro"></g><g v="Anph"></g><g v="plur"></g><g v="nomn"></g></l></v></tfr></token><token text="люди" id="150159"><tfr rev_id="984980" t="люди"><v><l id="375073" t="человек"><g v="NOUN"></g><g v="anim"></g><g v="masc"></g><g v="plur"></g><g v="nomn"></g></l></v></tfr></token><token text="были" id="150160"><tfr rev_id="1712502" t="были"><v><l id="37265" t="есть"><g v="VERB"></g><g v="impf"></g><g v="intr"></g><g v="plur"></g><g v="past"></g><g v="indc"></g></l></v></tfr></token><token text="перевезены" id="150161"><tfr rev_id="984982" t="перевезены"><v><l id="227053" t="перевезён"><g v="PRTS"></g><g v="perf"></g><g v="past"></g><g v="pssv"></g><g v="plur"></g></l></v></tfr></token><token text="в" id="150162"><tfr rev_id="984983" t="в"><v><l id="37409" t="в"><g v="PREP"></g></l></v></tfr></token><token text="Египет" id="150163"><tfr rev_id="984984" t="Египет"><v><l id="94194" t="египет"><g v="NOUN"></g><g v="inan"></g><g v="masc"></g><g v="Sgtm"></g><g v="Geox"></g><g v="sing"></g><g v="nomn"></g></l></v><v><l id="94194" t="египет"><g v="NOUN"></g><g v="inan"></g><g v="masc"></g><g v="Sgtm"></g><g v="Geox"></g><g v="sing"></g><g v="accs"></g></l></v></tfr></token><token text="и" id="150164"><tfr rev_id="984985" t="и"><v><l id="116949" t="и"><g v="CONJ"></g></l></v><v><l id="116950" t="и"><g v="INTJ"></g></l></v></tfr></token><token text="переданы" id="150165"><tfr rev_id="984986" t="переданы"><v><l id="228163" t="передан"><g v="PRTS"></g><g v="perf"></g><g v="past"></g><g v="pssv"></g><g v="plur"></g></l></v></tfr></token><token text="французским" id="150166"><tfr rev_id="2627249" t="французским"><v><l id="368078" t="французский"><g v="ADJF"></g><g v="plur"></g><g v="datv"></g></l></v></tfr></token><token text="дипломатам" id="150167"><tfr rev_id="984988" t="дипломатам"><v><l id="84142" t="дипломат"><g v="NOUN"></g><g v="anim"></g><g v="masc"></g><g v="plur"></g><g v="datv"></g></l></v></tfr></token><token text="." id="150168"><tfr rev_id="984989" t="."><v><l id="0" t="."><g v="PNCT"></g></l></v></tfr></token></tokens></sentence></paragraph><paragraph id="2483"><sentence id="7811"><source>Все четверо были сотрудниками частного охранного предприятия SECOPEX и были арестованы в Бенгази на прошлой неделе.</source><tokens><token text="Все" id="150169"><tfr rev_id="4512104" t="Все"><v><l id="42156" t="весь"><g v="ADJF"></g><g v="Subx"></g><g v="Apro"></g><g v="inan"></g><g v="plur"></g><g v="accs"></g></l></v><v><l id="42156" t="весь"><g v="ADJF"></g><g v="Subx"></g><g v="Apro"></g><g v="plur"></g><g v="nomn"></g></l></v></tfr></token><token text="четверо" id="150170"><tfr rev_id="984991" t="четверо"><v><l id="376107" t="четверо"><g v="NUMR"></g><g v="Coll"></g><g v="nomn"></g></l></v><v><l id="376107" t="четверо"><g v="NUMR"></g><g v="Coll"></g><g v="inan"></g><g v="accs"></g></l></v></tfr></token><token text="были" id="150171"><tfr rev_id="1712503" t="были"><v><l id="37265" t="есть"><g v="VERB"></g><g v="impf"></g><g v="intr"></g><g v="plur"></g><g v="past"></g><g v="indc"></g></l></v></tfr></token><token text="сотрудниками" id="150172"><tfr rev_id="984993" t="сотрудниками"><v><l id="330867" t="сотрудник"><g v="NOUN"></g><g v="anim"></g><g v="masc"></g><g v="plur"></g><g v="ablt"></g></l></v></tfr></token><token text="частного" id="150173"><tfr rev_id="4375864" t="частного"><v><l id="374795" t="частный"><g v="ADJF"></g><g v="Qual"></g><g v="neut"></g><g v="sing"></g><g v="gent"></g></l></v></tfr></token><token text="охранного" id="150174"><tfr rev_id="3448879" t="охранного"><v><l id="221343" t="охранный"><g v="ADJF"></g><g v="Qual"></g><g v="neut"></g><g v="sing"></g><g v="gent"></g></l></v></tfr></token><token text="предприятия" id="150175"><tfr rev_id="3497922" t="предприятия"><v><l id="266920" t="предприятие"><g v="NOUN"></g><g v="inan"></g><g v="neut"></g><g v="sing"></g><g v="gent"></g></l></v></tfr></token><token text="SECOPEX" id="150176"><tfr rev_id="2469104" t="SECOPEX"><v><l id="0" t="SECOPEX"><g v="LATN"></g></l></v></tfr></token><token text="и" id="150177"><tfr rev_id="984998" t="и"><v><l id="116949" t="и"><g v="CONJ"></g></l></v><v><l id="116950" t="и"><g v="INTJ"></g></l></v></tfr></token><token text="были" id="150178"><tfr rev_id="1712504" t="были"><v><l id="37265" t="есть"><g v="VERB"></g><g v="impf"></g><g v="intr"></g><g v="plur"></g><g v="past"></g><g v="indc"></g></l></v></tfr></token><token text="арестованы" id="150179"><tfr rev_id="985000" t="арестованы"><v><l id="16270" t="арестован"><g v="PRTS"></g><g v="perf"></g><g v="past"></g><g v="pssv"></g><g v="plur"></g></l></v></tfr></token><token text="в" id="150180"><tfr rev_id="985001" t="в"><v><l id="37409" t="в"><g v="PREP"></g></l></v></tfr></token><token text="Бенгази" id="150181"><tfr rev_id="3484297" t="Бенгази"><v><l id="27499" t="бенгази"><g v="NOUN"></g><g v="inan"></g><g v="masc"></g><g v="Sgtm"></g><g v="Fixd"></g><g v="Geox"></g><g v="sing"></g><g v="loct"></g></l></v></tfr></token><token text="на" id="150182"><tfr rev_id="3343084" t="на"><v><l id="166264" t="на"><g v="PREP"></g></l></v></tfr></token><token text="прошлой" id="150183"><tfr rev_id="4170133" t="прошлой"><v><l id="287715" t="прошлый"><g v="ADJF"></g><g v="femn"></g><g v="sing"></g><g v="loct"></g></l></v></tfr></token><token text="неделе" id="150184"><tfr rev_id="3534686" t="неделе"><v><l id="180718" t="неделя"><g v="NOUN"></g><g v="inan"></g><g v="femn"></g><g v="sing"></g><g v="loct"></g></l></v></tfr></token><token text="." id="150185"><tfr rev_id="985006" t="."><v><l id="0" t="."><g v="PNCT"></g></l></v></tfr></token></tokens></sentence><sentence id="7812"><source>Пятый арестованный – Пьер Марзиали – был тяжело ранен на контрольно-пропускном пункте и впоследствии скончался.</source><tokens><token text="Пятый" id="150186"><tfr rev_id="985007" t="Пятый"><v><l id="290439" t="пятый"><g v="ADJF"></g><g v="Anum"></g><g v="masc"></g><g v="sing"></g><g v="nomn"></g></l></v><v><l id="290439" t="пятый"><g v="ADJF"></g><g v="Anum"></g><g v="inan"></g><g v="masc"></g><g v="sing"></g><g v="accs"></g></l></v></tfr></token><token text="арестованный" id="150187"><tfr rev_id="4318973" t="арестованный"><v><l id="16269" t="арестованный"><g v="PRTF"></g><g v="Subx"></g><g v="perf"></g><g v="tran"></g><g v="past"></g><g v="pssv"></g><g v="masc"></g><g v="sing"></g><g v="nomn"></g></l></v><v><l id="16269" t="арестованный"><g v="PRTF"></g><g v="Subx"></g><g v="perf"></g><g v="tran"></g><g v="past"></g><g v="pssv"></g><g v="inan"></g><g v="masc"></g><g v="sing"></g><g v="accs"></g></l></v></tfr></token><token text="–" id="150188"><tfr rev_id="2426924" t="–"><v><l id="0" t="–"><g v="PNCT"></g></l></v></tfr></token><token text="Пьер" id="150189"><tfr rev_id="985010" t="Пьер"><v><l id="290166" t="пьер"><g v="NOUN"></g><g v="anim"></g><g v="masc"></g><g v="Name"></g><g v="sing"></g><g v="nomn"></g></l></v></tfr></token><token text="Марзиали" id="150190"><tfr rev_id="985011" t="Марзиали"><v><l id="0" t="марзиали"><g v="UNKN"></g></l></v></tfr></token><token text="–" id="150191"><tfr rev_id="2426925" t="–"><v><l id="0" t="–"><g v="PNCT"></g></l></v></tfr></token><token text="был" id="150192"><tfr rev_id="985013" t="был"><v><l id="37265" t="есть"><g v="VERB"></g><g v="impf"></g><g v="intr"></g><g v="masc"></g><g v="sing"></g><g v="past"></g><g v="indc"></g></l></v></tfr></token><token text="тяжело" id="150193"><tfr rev_id="985014" t="тяжело"><v><l id="352657" t="тяжёл"><g v="ADJS"></g><g v="Qual"></g><g v="neut"></g><g v="sing"></g></l></v><v><l id="352689" t="тяжело"><g v="ADVB"></g><g v="Prdx"></g></l></v></tfr></token><token text="ранен" id="150194"><tfr rev_id="4347954" t="ранен"><v><l id="297935" t="ранен"><g v="PRTS"></g><g v="perf"></g><g v="past"></g><g v="pssv"></g><g v="masc"></g><g v="sing"></g></l></v><v><l id="297936" t="ранен"><g v="PRTS"></g><g v="impf"></g><g v="past"></g><g v="pssv"></g><g v="masc"></g><g v="sing"></g></l></v></tfr></token><token text="на" id="150195"><tfr rev_id="3394125" t="на"><v><l id="166264" t="на"><g v="PREP"></g></l></v></tfr></token><token text="контрольно-пропускном" id="150196"><tfr rev_id="3946420" t="контрольно-пропускном"><v><l id="138621" t="контрольно-пропускной"><g v="ADJF"></g><g v="masc"></g><g v="sing"></g><g v="loct"></g></l></v></tfr></token><token text="пункте" id="150197"><tfr rev_id="985018" t="пункте"><v><l id="289177" t="пункт"><g v="NOUN"></g><g v="inan"></g><g v="masc"></g><g v="sing"></g><g v="loct"></g></l></v></tfr></token><token text="и" id="150198"><tfr rev_id="3533193" t="и"><v><l id="116949" t="и"><g v="CONJ"></g></l></v></tfr></token><token text="впоследствии" id="150199"><tfr rev_id="985020" t="впоследствии"><v><l id="52667" t="впоследствии"><g v="ADVB"></g></l></v></tfr></token><token text="скончался" id="150200"><tfr rev_id="985021" t="скончался"><v><l id="323055" t="скончался"><g v="VERB"></g><g v="perf"></g><g v="intr"></g><g v="masc"></g><g v="sing"></g><g v="past"></g><g v="indc"></g></l></v></tfr></token><token text="." id="150201"><tfr rev_id="985022" t="."><v><l id="0" t="."><g v="PNCT"></g></l></v></tfr></token></tokens></sentence><sentence id="7813"><source>Марзиали был основателем SECOPEX.</source><tokens><token text="Марзиали" id="150202"><tfr rev_id="985023" t="Марзиали"><v><l id="0" t="марзиали"><g v="UNKN"></g></l></v></tfr></token><token text="был" id="150203"><tfr rev_id="985024" t="был"><v><l id="37265" t="есть"><g v="VERB"></g><g v="impf"></g><g v="intr"></g><g v="masc"></g><g v="sing"></g><g v="past"></g><g v="indc"></g></l></v></tfr></token><token text="основателем" id="150204"><tfr rev_id="985025" t="основателем"><v><l id="210577" t="основатель"><g v="NOUN"></g><g v="anim"></g><g v="masc"></g><g v="sing"></g><g v="ablt"></g></l></v></tfr></token><token text="SECOPEX" id="150205"><tfr rev_id="2469105" t="SECOPEX"><v><l id="0" t="SECOPEX"><g v="LATN"></g></l></v></tfr></token><token text="." id="150206"><tfr rev_id="985027" t="."><v><l id="0" t="."><g v="PNCT"></g></l></v></tfr></token></tokens></sentence></paragraph><paragraph id="2484"><sentence id="7814"><source>В субботу в городе Завийя, расположенном в западной части Ливии, толпа атаковала микроавтобус, в котором находились иностранные журналисты.</source><tokens><token text="В" id="150207"><tfr rev_id="985028" t="В"><v><l id="37409" t="в"><g v="PREP"></g></l></v></tfr></token><token text="субботу" id="150208"><tfr rev_id="985029" t="субботу"><v><l id="338556" t="суббота"><g v="NOUN"></g><g v="inan"></g><g v="femn"></g><g v="sing"></g><g v="accs"></g></l></v></tfr></token><token text="в" id="150209"><tfr rev_id="985030" t="в"><v><l id="37409" t="в"><g v="PREP"></g></l></v></tfr></token><token text="городе" id="150210"><tfr rev_id="985031" t="городе"><v><l id="73547" t="город"><g v="NOUN"></g><g v="inan"></g><g v="masc"></g><g v="sing"></g><g v="loct"></g></l></v></tfr></token><token text="Завийя" id="150211"><tfr rev_id="985032" t="Завийя"><v><l id="0" t="завийя"><g v="UNKN"></g></l></v></tfr></token><token text="," id="150212"><tfr rev_id="985033" t=","><v><l id="0" t=","><g v="PNCT"></g></l></v></tfr></token><token text="расположенном" id="150213"><tfr rev_id="3442630" t="расположенном"><v><l id="300105" t="расположенный"><g v="PRTF"></g><g v="perf"></g><g v="tran"></g><g v="past"></g><g v="pssv"></g><g v="masc"></g><g v="sing"></g><g v="loct"></g></l></v></tfr></token><token text="в" id="150214"><tfr rev_id="985035" t="в"><v><l id="37409" t="в"><g v="PREP"></g></l></v></tfr></token><token text="западной" id="150215"><tfr rev_id="4343325" t="западной"><v><l id="106682" t="западный"><g v="ADJF"></g><g v="Qual"></g><g v="femn"></g><g v="sing"></g><g v="loct"></g></l></v></tfr></token><token text="части" id="150216"><tfr rev_id="4289015" t="части"><v><l id="374820" t="часть"><g v="NOUN"></g><g v="inan"></g><g v="femn"></g><g v="sing"></g><g v="loct"></g></l></v></tfr></token><token text="Ливии" id="150217"><tfr rev_id="3455535" t="Ливии"><v><l id="148960" t="ливия"><g v="NOUN"></g><g v="inan"></g><g v="femn"></g><g v="Sgtm"></g><g v="Geox"></g><g v="sing"></g><g v="gent"></g></l></v></tfr></token><token text="," id="150218"><tfr rev_id="985039" t=","><v><l id="0" t=","><g v="PNCT"></g></l></v></tfr></token><token text="толпа" id="150219"><tfr rev_id="985040" t="толпа"><v><l id="347211" t="толпа"><g v="NOUN"></g><g v="inan"></g><g v="femn"></g><g v="sing"></g><g v="nomn"></g></l></v></tfr></token><token text="атаковала" id="150220"><tfr rev_id="985041" t="атаковала"><v><l id="19320" t="атаковал"><g v="VERB"></g><g v="perf"></g><g v="tran"></g><g v="femn"></g><g v="sing"></g><g v="past"></g><g v="indc"></g></l></v><v><l id="19321" t="атакую"><g v="VERB"></g><g v="impf"></g><g v="tran"></g><g v="femn"></g><g v="sing"></g><g v="past"></g><g v="indc"></g></l></v></tfr></token><token text="микроавтобус" id="150221"><tfr rev_id="3506428" t="микроавтобус"><v><l id="3022" t="микроавтобус"><g v="NOUN"></g><g v="inan"></g><g v="masc"></g><g v="sing"></g><g v="accs"></g></l></v></tfr></token><token text="," id="150222"><tfr rev_id="985043" t=","><v><l id="0" t=","><g v="PNCT"></g></l></v></tfr></token><token text="в" id="150223"><tfr rev_id="985044" t="в"><v><l id="37409" t="в"><g v="PREP"></g></l></v></tfr></token><token text="котором" id="150224"><tfr rev_id="4292087" t="котором"><v><l id="141203" t="который"><g v="ADJF"></g><g v="Apro"></g><g v="Subx"></g><g v="Anph"></g><g v="masc"></g><g v="sing"></g><g v="loct"></g></l></v></tfr></token><token text="находились" id="150225"><tfr rev_id="985046" t="находились"><v><l id="177898" t="нахожусь"><g v="VERB"></g><g v="impf"></g><g v="intr"></g><g v="plur"></g><g v="past"></g><g v="indc"></g></l></v><v><l id="177903" t="находился"><g v="VERB"></g><g v="perf"></g><g v="intr"></g><g v="plur"></g><g v="past"></g><g v="indc"></g></l></v></tfr></token><token text="иностранные" id="150226"><tfr rev_id="4092611" t="иностранные"><v><l id="122754" t="иностранный"><g v="ADJF"></g><g v="plur"></g><g v="nomn"></g></l></v></tfr></token><token text="журналисты" id="150227"><tfr rev_id="985048" t="журналисты"><v><l id="97974" t="журналист"><g v="NOUN"></g><g v="anim"></g><g v="masc"></g><g v="plur"></g><g v="nomn"></g></l></v></tfr></token><token text="." id="150228"><tfr rev_id="985049" t="."><v><l id="0" t="."><g v="PNCT"></g></l></v></tfr></token></tokens></sentence><sentence id="7815"><source>Микроавтобус стоял в очереди на АЗС, когда на него напала толпа – как минимум один из нападавших размахивал ножом.</source><tokens><token text="Микроавтобус" id="150229"><tfr rev_id="985050" t="Микроавтобус"><v><l id="3022" t="микроавтобус"><g v="NOUN"></g><g v="inan"></g><g v="masc"></g><g v="sing"></g><g v="nomn"></g></l></v><v><l id="3022" t="микроавтобус"><g v="NOUN"></g><g v="inan"></g><g v="masc"></g><g v="sing"></g><g v="accs"></g></l></v></tfr></token><token text="стоял" id="150230"><tfr rev_id="4328527" t="стоял"><v><l id="336980" t="стою"><g v="VERB"></g><g v="impf"></g><g v="intr"></g><g v="masc"></g><g v="sing"></g><g v="past"></g><g v="indc"></g></l></v></tfr></token><token text="в" id="150231"><tfr rev_id="985052" t="в"><v><l id="37409" t="в"><g v="PREP"></g></l></v></tfr></token><token text="очереди" id="150232"><tfr rev_id="4180064" t="очереди"><v><l id="221692" t="очередь"><g v="NOUN"></g><g v="inan"></g><g v="femn"></g><g v="sing"></g><g v="loct"></g></l></v></tfr></token><token text="на" id="150233"><tfr rev_id="3345116" t="на"><v><l id="166264" t="на"><g v="PREP"></g></l></v></tfr></token><token text="АЗС" id="150234"><tfr rev_id="985055" t="АЗС"><v><l id="0" t="азс"><g v="UNKN"></g></l></v></tfr></token><token text="," id="150235"><tfr rev_id="985056" t=","><v><l id="0" t=","><g v="PNCT"></g></l></v></tfr></token><token text="когда" id="150236"><tfr rev_id="985057" t="когда"><v><l id="135239" t="когда"><g v="CONJ"></g></l></v><v><l id="135240" t="когда"><g v="ADVB"></g><g v="Ques"></g></l></v></tfr></token><token text="на" id="150237"><tfr rev_id="3343438" t="на"><v><l id="166264" t="на"><g v="PREP"></g></l></v></tfr></token><token text="него" id="150238"><tfr rev_id="4528005" t="него"><v><l id="206541" t="он"><g v="NPRO"></g><g v="masc"></g><g v="3per"></g><g v="Anph"></g><g v="sing"></g><g v="accs"></g><g v="Af-p"></g></l></v><v><l id="206649" t="оно"><g v="NPRO"></g><g v="neut"></g><g v="3per"></g><g v="Anph"></g><g v="sing"></g><g v="accs"></g><g v="Af-p"></g></l></v></tfr></token><token text="напала" id="150239"><tfr rev_id="985060" t="напала"><v><l id="173211" t="напал"><g v="VERB"></g><g v="perf"></g><g v="intr"></g><g v="femn"></g><g v="sing"></g><g v="past"></g><g v="indc"></g></l></v></tfr></token><token text="толпа" id="150240"><tfr rev_id="985061" t="толпа"><v><l id="347211" t="толпа"><g v="NOUN"></g><g v="inan"></g><g v="femn"></g><g v="sing"></g><g v="nomn"></g></l></v></tfr></token><token text="–" id="150241"><tfr rev_id="2426926" t="–"><v><l id="0" t="–"><g v="PNCT"></g></l></v></tfr></token><token text="как" id="150242"><tfr rev_id="985063" t="как"><v><l id="128190" t="как"><g v="CONJ"></g></l></v><v><l id="128191" t="как"><g v="PRCL"></g></l></v><v><l id="128192" t="как"><g v="ADVB"></g><g v="Ques"></g></l></v></tfr></token><token text="минимум" id="150243"><tfr rev_id="2690755" t="минимум"><v><l id="160582" t="минимум"><g v="NOUN"></g><g v="inan"></g><g v="masc"></g><g v="sing"></g><g v="nomn"></g></l></v><v><l id="160582" t="минимум"><g v="NOUN"></g><g v="inan"></g><g v="masc"></g><g v="sing"></g><g v="accs"></g></l></v><v><l id="388667" t="минимум"><g v="PRCL"></g></l></v></tfr></token><token text="один" id="150244"><tfr rev_id="4299338" t="один"><v><l id="203319" t="один"><g v="ADJF"></g><g v="Apro"></g><g v="Anum"></g><g v="masc"></g><g v="sing"></g><g v="nomn"></g></l></v><v><l id="203319" t="один"><g v="ADJF"></g><g v="Apro"></g><g v="Anum"></g><g v="inan"></g><g v="masc"></g><g v="sing"></g><g v="accs"></g></l></v></tfr></token><token text="из" id="150245"><tfr rev_id="2602761" t="из"><v><l id="117677" t="из"><g v="PREP"></g></l></v></tfr></token><token text="нападавших" id="150246"><tfr rev_id="985067" t="нападавших"><v><l id="173110" t="нападавший"><g v="PRTF"></g><g v="impf"></g><g v="intr"></g><g v="past"></g><g v="actv"></g><g v="plur"></g><g v="gent"></g></l></v><v><l id="173110" t="нападавший"><g v="PRTF"></g><g v="impf"></g><g v="intr"></g><g v="past"></g><g v="actv"></g><g v="anim"></g><g v="plur"></g><g v="accs"></g></l></v><v><l id="173110" t="нападавший"><g v="PRTF"></g><g v="impf"></g><g v="intr"></g><g v="past"></g><g v="actv"></g><g v="plur"></g><g v="loct"></g></l></v><v><l id="173114" t="нападавший"><g v="PRTF"></g><g v="perf"></g><g v="intr"></g><g v="past"></g><g v="actv"></g><g v="plur"></g><g v="gent"></g></l></v><v><l id="173114" t="нападавший"><g v="PRTF"></g><g v="perf"></g><g v="intr"></g><g v="past"></g><g v="actv"></g><g v="anim"></g><g v="plur"></g><g v="accs"></g></l></v><v><l id="173114" t="нападавший"><g v="PRTF"></g><g v="perf"></g><g v="intr"></g><g v="past"></g><g v="actv"></g><g v="plur"></g><g v="loct"></g></l></v></tfr></token><token text="размахивал" id="150247"><tfr rev_id="985068" t="размахивал"><v><l id="294864" t="размахиваю"><g v="VERB"></g><g v="impf"></g><g v="intr"></g><g v="masc"></g><g v="sing"></g><g v="past"></g><g v="indc"></g></l></v></tfr></token><token text="ножом" id="150248"><tfr rev_id="985069" t="ножом"><v><l id="191960" t="нож"><g v="NOUN"></g><g v="inan"></g><g v="masc"></g><g v="sing"></g><g v="ablt"></g></l></v></tfr></token><token text="." id="150249"><tfr rev_id="985070" t="."><v><l id="0" t="."><g v="PNCT"></g></l></v></tfr></token></tokens></sentence><sentence id="15636"><source>Толпу удалось разогнать выстрелами в воздух.</source><tokens><token text="Толпу" id="150250"><tfr rev_id="985071" t="Толпу"><v><l id="347211" t="толпа"><g v="NOUN"></g><g v="inan"></g><g v="femn"></g><g v="sing"></g><g v="accs"></g></l></v></tfr></token><token text="удалось" id="150251"><tfr rev_id="985072" t="удалось"><v><l id="354717" t="удался"><g v="VERB"></g><g v="perf"></g><g v="intr"></g><g v="neut"></g><g v="sing"></g><g v="past"></g><g v="indc"></g></l></v></tfr></token><token text="разогнать" id="150252"><tfr rev_id="985073" t="разогнать"><v><l id="296143" t="разогнать"><g v="INFN"></g><g v="perf"></g><g v="tran"></g></l></v></tfr></token><token text="выстрелами" id="150253"><tfr rev_id="985074" t="выстрелами"><v><l id="62743" t="выстрел"><g v="NOUN"></g><g v="inan"></g><g v="masc"></g><g v="plur"></g><g v="ablt"></g></l></v></tfr></token><token text="в" id="150254"><tfr rev_id="985075" t="в"><v><l id="37409" t="в"><g v="PREP"></g></l></v></tfr></token><token text="воздух" id="150255"><tfr rev_id="3530753" t="воздух"><v><l id="49093" t="воздух"><g v="NOUN"></g><g v="inan"></g><g v="masc"></g><g v="sing"></g><g v="accs"></g></l></v></tfr></token><token text="." id="150256"><tfr rev_id="985077" t="."><v><l id="0" t="."><g v="PNCT"></g></l></v></tfr></token></tokens></sentence></paragraph></paragraphs></text>