<?xml version="1.0" encoding="utf-8"?><text parent="56" id="1102" name="Американские войска уходят из иракской провинции Анбар"><tags><tag>url:http://ru.wikinews.org/w/index.php?title=Американские_войска_уходят_из_иракской_провинции_Анбар&amp;oldid=15274</tag><tag>Автор:http://ru.wikinews.org/wiki/Участник:Potupin</tag><tag>Дата:01/09</tag><tag>Год:2008</tag></tags><paragraphs><paragraph id="10604"><sentence id="33264"><source>1 сентября американские военнослужащие в Ираке начали процесс передачи власти иракскому руководству.</source><tokens><token text="1" id="596136"><tfr rev_id="2461530" t="1"><v><l id="0" t="1"><g v="NUMB"></g></l></v></tfr></token><token text="сентября" id="596137"><tfr rev_id="1429207" t="сентября"><v><l id="318866" t="сентябрь"><g v="NOUN"></g><g v="inan"></g><g v="masc"></g><g v="sing"></g><g v="gent"></g></l></v></tfr></token><token text="американские" id="596138"><tfr rev_id="3820232" t="американские"><v><l id="11429" t="американский"><g v="ADJF"></g><g v="plur"></g><g v="nomn"></g></l></v></tfr></token><token text="военнослужащие" id="596139"><tfr rev_id="4160767" t="военнослужащие"><v><l id="48613" t="военнослужащий"><g v="NOUN"></g><g v="anim"></g><g v="masc"></g><g v="plur"></g><g v="nomn"></g></l></v></tfr></token><token text="в" id="596140"><tfr rev_id="1429210" t="в"><v><l id="37409" t="в"><g v="PREP"></g></l></v></tfr></token><token text="Ираке" id="596141"><tfr rev_id="1429211" t="Ираке"><v><l id="123896" t="ирак"><g v="NOUN"></g><g v="inan"></g><g v="masc"></g><g v="Geox"></g><g v="sing"></g><g v="loct"></g></l></v></tfr></token><token text="начали" id="596142"><tfr rev_id="1429212" t="начали"><v><l id="178224" t="начал"><g v="VERB"></g><g v="perf"></g><g v="tran"></g><g v="plur"></g><g v="past"></g><g v="indc"></g></l></v></tfr></token><token text="процесс" id="596143"><tfr rev_id="1429213" t="процесс"><v><l id="287363" t="процесс"><g v="NOUN"></g><g v="inan"></g><g v="masc"></g><g v="sing"></g><g v="nomn"></g></l></v><v><l id="287363" t="процесс"><g v="NOUN"></g><g v="inan"></g><g v="masc"></g><g v="sing"></g><g v="accs"></g></l></v></tfr></token><token text="передачи" id="596144"><tfr rev_id="3446598" t="передачи"><v><l id="228169" t="передача"><g v="NOUN"></g><g v="inan"></g><g v="femn"></g><g v="sing"></g><g v="gent"></g></l></v></tfr></token><token text="власти" id="596145"><tfr rev_id="3545554" t="власти"><v><l id="46816" t="власть"><g v="NOUN"></g><g v="inan"></g><g v="femn"></g><g v="sing"></g><g v="gent"></g></l></v></tfr></token><token text="иракскому" id="596146"><tfr rev_id="3448732" t="иракскому"><v><l id="123905" t="иракский"><g v="ADJF"></g><g v="neut"></g><g v="sing"></g><g v="datv"></g></l></v></tfr></token><token text="руководству" id="596147"><tfr rev_id="1429217" t="руководству"><v><l id="310004" t="руководство"><g v="NOUN"></g><g v="inan"></g><g v="neut"></g><g v="sing"></g><g v="datv"></g></l></v></tfr></token><token text="." id="596148"><tfr rev_id="1429218" t="."><v><l id="0" t="."><g v="PNCT"></g></l></v></tfr></token></tokens></sentence><sentence id="33265"><source>До этого провинция Анбар считалась наиболее опасной в Ираке.</source><tokens><token text="До" id="596149"><tfr rev_id="1429219" t="До"><v><l id="85153" t="до"><g v="PREP"></g></l></v></tfr></token><token text="этого" id="596150"><tfr rev_id="4472171" t="этого"><v><l id="386575" t="это"><g v="NPRO"></g><g v="neut"></g><g v="sing"></g><g v="gent"></g></l></v></tfr></token><token text="провинция" id="596151"><tfr rev_id="1429221" t="провинция"><v><l id="277960" t="провинция"><g v="NOUN"></g><g v="inan"></g><g v="femn"></g><g v="sing"></g><g v="nomn"></g></l></v></tfr></token><token text="Анбар" id="596152"><tfr rev_id="1429222" t="Анбар"><v><l id="12540" t="анбар"><g v="NOUN"></g><g v="anim"></g><g v="masc"></g><g v="Name"></g><g v="sing"></g><g v="nomn"></g></l></v></tfr></token><token text="считалась" id="596153"><tfr rev_id="1429223" t="считалась"><v><l id="341335" t="считаюсь"><g v="VERB"></g><g v="impf"></g><g v="intr"></g><g v="femn"></g><g v="sing"></g><g v="past"></g><g v="indc"></g></l></v></tfr></token><token text="наиболее" id="596154"><tfr rev_id="1429224" t="наиболее"><v><l id="170502" t="наиболее"><g v="ADVB"></g></l></v></tfr></token><token text="опасной" id="596155"><tfr rev_id="4170955" t="опасной"><v><l id="206861" t="опасный"><g v="ADJF"></g><g v="Qual"></g><g v="femn"></g><g v="sing"></g><g v="ablt"></g></l></v></tfr></token><token text="в" id="596156"><tfr rev_id="1429226" t="в"><v><l id="37409" t="в"><g v="PREP"></g></l></v></tfr></token><token text="Ираке" id="596157"><tfr rev_id="1429227" t="Ираке"><v><l id="123896" t="ирак"><g v="NOUN"></g><g v="inan"></g><g v="masc"></g><g v="Geox"></g><g v="sing"></g><g v="loct"></g></l></v></tfr></token><token text="." id="596158"><tfr rev_id="1429228" t="."><v><l id="0" t="."><g v="PNCT"></g></l></v></tfr></token></tokens></sentence></paragraph><paragraph id="10605"><sentence id="33266"><source>Именно здесь впервые начались массовые террористические акты против американских военных и местных властей и активное участие в этом принимала террористическая организация «Аль-Каеда».</source><tokens><token text="Именно" id="596159"><tfr rev_id="1429229" t="Именно"><v><l id="121584" t="именно"><g v="PRCL"></g></l></v></tfr></token><token text="здесь" id="596160"><tfr rev_id="1429230" t="здесь"><v><l id="114703" t="здесь"><g v="ADVB"></g><g v="Prdx"></g></l></v></tfr></token><token text="впервые" id="596161"><tfr rev_id="1429231" t="впервые"><v><l id="52345" t="впервые"><g v="ADVB"></g></l></v></tfr></token><token text="начались" id="596162"><tfr rev_id="1429232" t="начались"><v><l id="178230" t="начался"><g v="VERB"></g><g v="perf"></g><g v="intr"></g><g v="plur"></g><g v="past"></g><g v="indc"></g></l></v></tfr></token><token text="массовые" id="596163"><tfr rev_id="4086554" t="массовые"><v><l id="156047" t="массовый"><g v="ADJF"></g><g v="plur"></g><g v="nomn"></g></l></v></tfr></token><token text="террористические" id="596164"><tfr rev_id="3861450" t="террористические"><v><l id="345655" t="террористический"><g v="ADJF"></g><g v="plur"></g><g v="nomn"></g></l></v></tfr></token><token text="акты" id="596165"><tfr rev_id="3716290" t="акты"><v><l id="7566" t="акт"><g v="NOUN"></g><g v="inan"></g><g v="masc"></g><g v="plur"></g><g v="nomn"></g></l></v></tfr></token><token text="против" id="596166"><tfr rev_id="4485375" t="против"><v><l id="285790" t="против"><g v="PREP"></g></l></v></tfr></token><token text="американских" id="596167"><tfr rev_id="4402592" t="американских"><v><l id="11429" t="американский"><g v="ADJF"></g><g v="plur"></g><g v="gent"></g></l></v></tfr></token><token text="военных" id="596168"><tfr rev_id="4484952" t="военных"><v><l id="48618" t="военный"><g v="NOUN"></g><g v="anim"></g><g v="masc"></g><g v="plur"></g><g v="gent"></g></l></v></tfr></token><token text="и" id="596169"><tfr rev_id="1429239" t="и"><v><l id="116949" t="и"><g v="CONJ"></g></l></v><v><l id="116950" t="и"><g v="INTJ"></g></l></v></tfr></token><token text="местных" id="596170"><tfr rev_id="3553252" t="местных"><v><l id="158819" t="местный"><g v="ADJF"></g><g v="Qual"></g><g v="plur"></g><g v="gent"></g></l></v></tfr></token><token text="властей" id="596171"><tfr rev_id="1429241" t="властей"><v><l id="46816" t="власть"><g v="NOUN"></g><g v="inan"></g><g v="femn"></g><g v="plur"></g><g v="gent"></g></l></v></tfr></token><token text="и" id="596172"><tfr rev_id="1429242" t="и"><v><l id="116949" t="и"><g v="CONJ"></g></l></v><v><l id="116950" t="и"><g v="INTJ"></g></l></v></tfr></token><token text="активное" id="596173"><tfr rev_id="1429243" t="активное"><v><l id="7665" t="активный"><g v="ADJF"></g><g v="Qual"></g><g v="neut"></g><g v="sing"></g><g v="nomn"></g></l></v><v><l id="7665" t="активный"><g v="ADJF"></g><g v="Qual"></g><g v="neut"></g><g v="sing"></g><g v="accs"></g></l></v></tfr></token><token text="участие" id="596174"><tfr rev_id="3497504" t="участие"><v><l id="363132" t="участие"><g v="NOUN"></g><g v="inan"></g><g v="neut"></g><g v="sing"></g><g v="accs"></g></l></v></tfr></token><token text="в" id="596175"><tfr rev_id="1429245" t="в"><v><l id="37409" t="в"><g v="PREP"></g></l></v></tfr></token><token text="этом" id="596176"><tfr rev_id="4471027" t="этом"><v><l id="386575" t="это"><g v="NPRO"></g><g v="neut"></g><g v="sing"></g><g v="loct"></g></l></v></tfr></token><token text="принимала" id="596177"><tfr rev_id="1429247" t="принимала"><v><l id="272582" t="принимаю"><g v="VERB"></g><g v="impf"></g><g v="tran"></g><g v="femn"></g><g v="sing"></g><g v="past"></g><g v="indc"></g></l></v></tfr></token><token text="террористическая" id="596178"><tfr rev_id="1429248" t="террористическая"><v><l id="345655" t="террористический"><g v="ADJF"></g><g v="femn"></g><g v="sing"></g><g v="nomn"></g></l></v></tfr></token><token text="организация" id="596179"><tfr rev_id="1429249" t="организация"><v><l id="208750" t="организация"><g v="NOUN"></g><g v="inan"></g><g v="femn"></g><g v="sing"></g><g v="nomn"></g></l></v></tfr></token><token text="«" id="596180"><tfr rev_id="2443433" t="«"><v><l id="0" t="«"><g v="PNCT"></g></l></v></tfr></token><token text="Аль-Каеда" id="596181"><tfr rev_id="1429251" t="Аль-Каеда"><v><l id="0" t="аль-каеда"><g v="UNKN"></g></l></v></tfr></token><token text="»" id="596182"><tfr rev_id="2443434" t="»"><v><l id="0" t="»"><g v="PNCT"></g></l></v></tfr></token><token text="." id="596183"><tfr rev_id="1429253" t="."><v><l id="0" t="."><g v="PNCT"></g></l></v></tfr></token></tokens></sentence><sentence id="33267"><source>Но после того, как местные племена сочли действия терористов слишком жестокими и организовали в борьбе против исламистов отряды «Сахва», терористическая активность пошла на убыль и в настоящее время провинция Анбар считается в Ираке одной из самых мирных.</source><tokens><token text="Но" id="596184"><tfr rev_id="1429254" t="Но"><v><l id="191429" t="но"><g v="CONJ"></g></l></v><v><l id="191430" t="но"><g v="INTJ"></g></l></v></tfr></token><token text="после" id="596185"><tfr rev_id="4407260" t="после"><v><l id="261542" t="после"><g v="PREP"></g></l></v></tfr></token><token text="того" id="596186"><tfr rev_id="4169125" t="того"><v><l id="348430" t="тот"><g v="ADJF"></g><g v="Subx"></g><g v="Apro"></g><g v="Anph"></g><g v="neut"></g><g v="sing"></g><g v="gent"></g></l></v></tfr></token><token text="," id="596187"><tfr rev_id="1429257" t=","><v><l id="0" t=","><g v="PNCT"></g></l></v></tfr></token><token text="как" id="596188"><tfr rev_id="1429258" t="как"><v><l id="128190" t="как"><g v="CONJ"></g></l></v><v><l id="128191" t="как"><g v="PRCL"></g></l></v><v><l id="128192" t="как"><g v="ADVB"></g><g v="Ques"></g></l></v></tfr></token><token text="местные" id="596189"><tfr rev_id="3818996" t="местные"><v><l id="158819" t="местный"><g v="ADJF"></g><g v="Qual"></g><g v="plur"></g><g v="nomn"></g></l></v></tfr></token><token text="племена" id="596190"><tfr rev_id="3751809" t="племена"><v><l id="240254" t="племя"><g v="NOUN"></g><g v="inan"></g><g v="neut"></g><g v="plur"></g><g v="nomn"></g></l></v></tfr></token><token text="сочли" id="596191"><tfr rev_id="1429261" t="сочли"><v><l id="341259" t="счёл"><g v="VERB"></g><g v="perf"></g><g v="tran"></g><g v="plur"></g><g v="past"></g><g v="indc"></g></l></v></tfr></token><token text="действия" id="596192"><tfr rev_id="3793296" t="действия"><v><l id="80091" t="действие"><g v="NOUN"></g><g v="inan"></g><g v="neut"></g><g v="plur"></g><g v="accs"></g></l></v></tfr></token><token text="терористов" id="596193"><tfr rev_id="1429263" t="терористов"><v><l id="0" t="терористов"><g v="UNKN"></g></l></v></tfr></token><token text="слишком" id="596194"><tfr rev_id="1429264" t="слишком"><v><l id="325109" t="слишком"><g v="ADVB"></g></l></v></tfr></token><token text="жестокими" id="596195"><tfr rev_id="1429265" t="жестокими"><v><l id="96919" t="жестокий"><g v="ADJF"></g><g v="Qual"></g><g v="plur"></g><g v="ablt"></g></l></v></tfr></token><token text="и" id="596196"><tfr rev_id="1429266" t="и"><v><l id="116949" t="и"><g v="CONJ"></g></l></v><v><l id="116950" t="и"><g v="INTJ"></g></l></v></tfr></token><token text="организовали" id="596197"><tfr rev_id="1429267" t="организовали"><v><l id="208757" t="организовал"><g v="VERB"></g><g v="perf"></g><g v="tran"></g><g v="plur"></g><g v="past"></g><g v="indc"></g></l></v><v><l id="208758" t="организую"><g v="VERB"></g><g v="impf"></g><g v="tran"></g><g v="plur"></g><g v="past"></g><g v="indc"></g></l></v></tfr></token><token text="в" id="596198"><tfr rev_id="1429268" t="в"><v><l id="37409" t="в"><g v="PREP"></g></l></v></tfr></token><token text="борьбе" id="596199"><tfr rev_id="3551692" t="борьбе"><v><l id="33103" t="борьба"><g v="NOUN"></g><g v="inan"></g><g v="femn"></g><g v="Sgtm"></g><g v="sing"></g><g v="loct"></g></l></v></tfr></token><token text="против" id="596200"><tfr rev_id="4485069" t="против"><v><l id="285790" t="против"><g v="PREP"></g></l></v></tfr></token><token text="исламистов" id="596201"><tfr rev_id="4355603" t="исламистов"><v><l id="124938" t="исламист"><g v="NOUN"></g><g v="anim"></g><g v="masc"></g><g v="plur"></g><g v="gent"></g></l></v></tfr></token><token text="отряды" id="596202"><tfr rev_id="2930882" t="отряды"><v><l id="217760" t="отряд"><g v="NOUN"></g><g v="inan"></g><g v="masc"></g><g v="plur"></g><g v="accs"></g></l></v></tfr></token><token text="«" id="596203"><tfr rev_id="2443435" t="«"><v><l id="0" t="«"><g v="PNCT"></g></l></v></tfr></token><token text="Сахва" id="596204"><tfr rev_id="1429274" t="Сахва"><v><l id="0" t="сахва"><g v="UNKN"></g></l></v></tfr></token><token text="»" id="596205"><tfr rev_id="2443436" t="»"><v><l id="0" t="»"><g v="PNCT"></g></l></v></tfr></token><token text="," id="596206"><tfr rev_id="1429276" t=","><v><l id="0" t=","><g v="PNCT"></g></l></v></tfr></token><token text="терористическая" id="596207"><tfr rev_id="1429277" t="терористическая"><v><l id="0" t="терористическая"><g v="UNKN"></g></l></v></tfr></token><token text="активность" id="596208"><tfr rev_id="3547523" t="активность"><v><l id="7664" t="активность"><g v="NOUN"></g><g v="inan"></g><g v="femn"></g><g v="sing"></g><g v="nomn"></g></l></v></tfr></token><token text="пошла" id="596209"><tfr rev_id="4411311" t="пошла"><v><l id="253964" t="пошёл"><g v="VERB"></g><g v="perf"></g><g v="intr"></g><g v="femn"></g><g v="sing"></g><g v="past"></g><g v="indc"></g></l></v></tfr></token><token text="на" id="596210"><tfr rev_id="3339384" t="на"><v><l id="166264" t="на"><g v="PREP"></g></l></v></tfr></token><token text="убыль" id="596211"><tfr rev_id="1429281" t="убыль"><v><l id="353139" t="убыль"><g v="NOUN"></g><g v="inan"></g><g v="femn"></g><g v="sing"></g><g v="nomn"></g></l></v><v><l id="353139" t="убыль"><g v="NOUN"></g><g v="inan"></g><g v="femn"></g><g v="sing"></g><g v="accs"></g></l></v></tfr></token><token text="и" id="596212"><tfr rev_id="1429282" t="и"><v><l id="116949" t="и"><g v="CONJ"></g></l></v><v><l id="116950" t="и"><g v="INTJ"></g></l></v></tfr></token><token text="в" id="596213"><tfr rev_id="1429283" t="в"><v><l id="37409" t="в"><g v="PREP"></g></l></v></tfr></token><token text="настоящее" id="596214"><tfr rev_id="4278741" t="настоящее"><v><l id="176151" t="настоящий"><g v="ADJF"></g><g v="neut"></g><g v="sing"></g><g v="nomn"></g></l></v><v><l id="176151" t="настоящий"><g v="ADJF"></g><g v="neut"></g><g v="sing"></g><g v="accs"></g></l></v></tfr></token><token text="время" id="596215"><tfr rev_id="4104006" t="время"><v><l id="53149" t="время"><g v="NOUN"></g><g v="inan"></g><g v="neut"></g><g v="sing"></g><g v="accs"></g></l></v></tfr></token><token text="провинция" id="596216"><tfr rev_id="1429286" t="провинция"><v><l id="277960" t="провинция"><g v="NOUN"></g><g v="inan"></g><g v="femn"></g><g v="sing"></g><g v="nomn"></g></l></v></tfr></token><token text="Анбар" id="596217"><tfr rev_id="1429287" t="Анбар"><v><l id="12540" t="анбар"><g v="NOUN"></g><g v="anim"></g><g v="masc"></g><g v="Name"></g><g v="sing"></g><g v="nomn"></g></l></v></tfr></token><token text="считается" id="596218"><tfr rev_id="1429288" t="считается"><v><l id="341335" t="считаюсь"><g v="VERB"></g><g v="impf"></g><g v="intr"></g><g v="sing"></g><g v="3per"></g><g v="pres"></g><g v="indc"></g></l></v></tfr></token><token text="в" id="596219"><tfr rev_id="1429289" t="в"><v><l id="37409" t="в"><g v="PREP"></g></l></v></tfr></token><token text="Ираке" id="596220"><tfr rev_id="1429290" t="Ираке"><v><l id="123896" t="ирак"><g v="NOUN"></g><g v="inan"></g><g v="masc"></g><g v="Geox"></g><g v="sing"></g><g v="loct"></g></l></v></tfr></token><token text="одной" id="596221"><tfr rev_id="4417416" t="одной"><v><l id="203319" t="один"><g v="ADJF"></g><g v="Apro"></g><g v="Anum"></g><g v="femn"></g><g v="sing"></g><g v="ablt"></g></l></v></tfr></token><token text="из" id="596222"><tfr rev_id="2603214" t="из"><v><l id="117677" t="из"><g v="PREP"></g></l></v></tfr></token><token text="самых" id="596223"><tfr rev_id="4356246" t="самых"><v><l id="313174" t="самый"><g v="ADJF"></g><g v="Apro"></g><g v="plur"></g><g v="gent"></g></l></v></tfr></token><token text="мирных" id="596224"><tfr rev_id="4420484" t="мирных"><v><l id="160883" t="мирный"><g v="ADJF"></g><g v="Qual"></g><g v="plur"></g><g v="gent"></g></l></v></tfr></token><token text="." id="596225"><tfr rev_id="1429295" t="."><v><l id="0" t="."><g v="PNCT"></g></l></v></tfr></token></tokens></sentence></paragraph><paragraph id="10606"><sentence id="33268"><source>Большинство населения провинции — сунниты.</source><tokens><token text="Большинство" id="596226"><tfr rev_id="1429296" t="Большинство"><v><l id="32441" t="большинство"><g v="NOUN"></g><g v="inan"></g><g v="neut"></g><g v="Sgtm"></g><g v="sing"></g><g v="nomn"></g></l></v><v><l id="32441" t="большинство"><g v="NOUN"></g><g v="inan"></g><g v="neut"></g><g v="Sgtm"></g><g v="sing"></g><g v="accs"></g></l></v></tfr></token><token text="населения" id="596227"><tfr rev_id="3474872" t="населения"><v><l id="175227" t="население"><g v="NOUN"></g><g v="inan"></g><g v="neut"></g><g v="sing"></g><g v="gent"></g></l></v></tfr></token><token text="провинции" id="596228"><tfr rev_id="4101762" t="провинции"><v><l id="277960" t="провинция"><g v="NOUN"></g><g v="inan"></g><g v="femn"></g><g v="sing"></g><g v="gent"></g></l></v></tfr></token><token text="—" id="596229"><tfr rev_id="2443437" t="—"><v><l id="0" t="—"><g v="PNCT"></g></l></v></tfr></token><token text="сунниты" id="596230"><tfr rev_id="1429300" t="сунниты"><v><l id="339600" t="суннит"><g v="NOUN"></g><g v="anim"></g><g v="masc"></g><g v="plur"></g><g v="nomn"></g></l></v></tfr></token><token text="." id="596231"><tfr rev_id="1429301" t="."><v><l id="0" t="."><g v="PNCT"></g></l></v></tfr></token></tokens></sentence><sentence id="33269"><source>Численность — примерно до двух миллионов человек.</source><tokens><token text="Численность" id="596232"><tfr rev_id="3531402" t="Численность"><v><l id="376562" t="численность"><g v="NOUN"></g><g v="inan"></g><g v="femn"></g><g v="sing"></g><g v="nomn"></g></l></v></tfr></token><token text="—" id="596233"><tfr rev_id="2443438" t="—"><v><l id="0" t="—"><g v="PNCT"></g></l></v></tfr></token><token text="примерно" id="596234"><tfr rev_id="2691009" t="примерно"><v><l id="272014" t="примерно"><g v="ADVB"></g></l></v><v><l id="272017" t="примерен"><g v="ADJS"></g><g v="Qual"></g><g v="neut"></g><g v="sing"></g></l></v><v><l id="388671" t="примерно"><g v="PRCL"></g></l></v></tfr></token><token text="до" id="596235"><tfr rev_id="1429305" t="до"><v><l id="85153" t="до"><g v="PREP"></g></l></v></tfr></token><token text="двух" id="596236"><tfr rev_id="4449680" t="двух"><v><l id="78668" t="два"><g v="NUMR"></g><g v="anim"></g><g v="accs"></g></l></v><v><l id="78668" t="два"><g v="NUMR"></g><g v="gent"></g></l></v><v><l id="78668" t="два"><g v="NUMR"></g><g v="loct"></g></l></v></tfr></token><token text="миллионов" id="596237"><tfr rev_id="1429307" t="миллионов"><v><l id="160260" t="миллион"><g v="NOUN"></g><g v="inan"></g><g v="masc"></g><g v="plur"></g><g v="gent"></g></l></v></tfr></token><token text="человек" id="596238"><tfr rev_id="3437078" t="человек"><v><l id="375073" t="человек"><g v="NOUN"></g><g v="anim"></g><g v="masc"></g><g v="plur"></g><g v="gent"></g></l></v></tfr></token><token text="." id="596239"><tfr rev_id="1429309" t="."><v><l id="0" t="."><g v="PNCT"></g></l></v></tfr></token></tokens></sentence><sentence id="33270"><source>Это первая провинция в стране, населенная суннитами, которую американские военные возвращают местным властям.</source><tokens><token text="Это" id="596240"><tfr rev_id="4342274" t="Это"><v><l id="386575" t="это"><g v="NPRO"></g><g v="neut"></g><g v="sing"></g><g v="nomn"></g></l></v><v><l id="386575" t="это"><g v="NPRO"></g><g v="neut"></g><g v="sing"></g><g v="accs"></g></l></v></tfr></token><token text="первая" id="596241"><tfr rev_id="1429311" t="первая"><v><l id="226359" t="первый"><g v="ADJF"></g><g v="Anum"></g><g v="femn"></g><g v="sing"></g><g v="nomn"></g></l></v></tfr></token><token text="провинция" id="596242"><tfr rev_id="1429312" t="провинция"><v><l id="277960" t="провинция"><g v="NOUN"></g><g v="inan"></g><g v="femn"></g><g v="sing"></g><g v="nomn"></g></l></v></tfr></token><token text="в" id="596243"><tfr rev_id="1429313" t="в"><v><l id="37409" t="в"><g v="PREP"></g></l></v></tfr></token><token text="стране" id="596244"><tfr rev_id="3537384" t="стране"><v><l id="337100" t="страна"><g v="NOUN"></g><g v="inan"></g><g v="femn"></g><g v="sing"></g><g v="loct"></g></l></v></tfr></token><token text="," id="596245"><tfr rev_id="1429315" t=","><v><l id="0" t=","><g v="PNCT"></g></l></v></tfr></token><token text="населенная" id="596246"><tfr rev_id="1429316" t="населенная"><v><l id="175224" t="населённый"><g v="ADJF"></g><g v="Qual"></g><g v="femn"></g><g v="sing"></g><g v="nomn"></g></l></v><v><l id="175232" t="населённый"><g v="PRTF"></g><g v="perf"></g><g v="tran"></g><g v="past"></g><g v="pssv"></g><g v="femn"></g><g v="sing"></g><g v="nomn"></g></l></v></tfr></token><token text="суннитами" id="596247"><tfr rev_id="1429317" t="суннитами"><v><l id="339600" t="суннит"><g v="NOUN"></g><g v="anim"></g><g v="masc"></g><g v="plur"></g><g v="ablt"></g></l></v></tfr></token><token text="," id="596248"><tfr rev_id="1429318" t=","><v><l id="0" t=","><g v="PNCT"></g></l></v></tfr></token><token text="которую" id="596249"><tfr rev_id="3641062" t="которую"><v><l id="141203" t="который"><g v="ADJF"></g><g v="Apro"></g><g v="Subx"></g><g v="Anph"></g><g v="femn"></g><g v="sing"></g><g v="accs"></g></l></v></tfr></token><token text="американские" id="596250"><tfr rev_id="3474500" t="американские"><v><l id="11429" t="американский"><g v="ADJF"></g><g v="plur"></g><g v="nomn"></g></l></v></tfr></token><token text="военные" id="596251"><tfr rev_id="2780776" t="военные"><v><l id="48618" t="военный"><g v="NOUN"></g><g v="anim"></g><g v="masc"></g><g v="plur"></g><g v="nomn"></g></l></v></tfr></token><token text="возвращают" id="596252"><tfr rev_id="1429322" t="возвращают"><v><l id="48833" t="возвращаю"><g v="VERB"></g><g v="impf"></g><g v="tran"></g><g v="plur"></g><g v="3per"></g><g v="pres"></g><g v="indc"></g></l></v></tfr></token><token text="местным" id="596253"><tfr rev_id="3472602" t="местным"><v><l id="158819" t="местный"><g v="ADJF"></g><g v="Qual"></g><g v="plur"></g><g v="datv"></g></l></v></tfr></token><token text="властям" id="596254"><tfr rev_id="1429324" t="властям"><v><l id="46816" t="власть"><g v="NOUN"></g><g v="inan"></g><g v="femn"></g><g v="plur"></g><g v="datv"></g></l></v></tfr></token><token text="." id="596255"><tfr rev_id="1429325" t="."><v><l id="0" t="."><g v="PNCT"></g></l></v></tfr></token></tokens></sentence></paragraph><paragraph id="10607"><sentence id="33271"><source>Американцы перебазируются на свои военные базы и предполагается, что часть из них будет переброшена в Афганистан.</source><tokens><token text="Американцы" id="596256"><tfr rev_id="1429326" t="Американцы"><v><l id="11394" t="американец"><g v="NOUN"></g><g v="anim"></g><g v="masc"></g><g v="plur"></g><g v="nomn"></g></l></v></tfr></token><token text="перебазируются" id="596257"><tfr rev_id="1429327" t="перебазируются"><v><l id="226499" t="перебазируюсь"><g v="VERB"></g><g v="impf"></g><g v="intr"></g><g v="plur"></g><g v="3per"></g><g v="pres"></g><g v="indc"></g></l></v></tfr></token><token text="на" id="596258"><tfr rev_id="3335736" t="на"><v><l id="166264" t="на"><g v="PREP"></g></l></v></tfr></token><token text="свои" id="596259"><tfr rev_id="3751851" t="свои"><v><l id="316379" t="свой"><g v="ADJF"></g><g v="Apro"></g><g v="Anph"></g><g v="inan"></g><g v="plur"></g><g v="accs"></g></l></v></tfr></token><token text="военные" id="596260"><tfr rev_id="4494163" t="военные"><v><l id="48619" t="военный"><g v="ADJF"></g><g v="inan"></g><g v="plur"></g><g v="accs"></g></l></v></tfr></token><token text="базы" id="596261"><tfr rev_id="4280804" t="базы"><v><l id="22146" t="база"><g v="NOUN"></g><g v="inan"></g><g v="femn"></g><g v="plur"></g><g v="accs"></g></l></v></tfr></token><token text="и" id="596262"><tfr rev_id="1429332" t="и"><v><l id="116949" t="и"><g v="CONJ"></g></l></v><v><l id="116950" t="и"><g v="INTJ"></g></l></v></tfr></token><token text="предполагается" id="596263"><tfr rev_id="1429333" t="предполагается"><v><l id="266820" t="предполагаюсь"><g v="VERB"></g><g v="impf"></g><g v="intr"></g><g v="sing"></g><g v="3per"></g><g v="pres"></g><g v="indc"></g></l></v></tfr></token><token text="," id="596264"><tfr rev_id="1429334" t=","><v><l id="0" t=","><g v="PNCT"></g></l></v></tfr></token><token text="что" id="596265"><tfr rev_id="3196763" t="что"><v><l id="377004" t="что"><g v="CONJ"></g></l></v><v><l id="377005" t="что"><g v="NPRO"></g><g v="neut"></g><g v="sing"></g><g v="nomn"></g></l></v><v><l id="377005" t="что"><g v="NPRO"></g><g v="neut"></g><g v="sing"></g><g v="accs"></g></l></v><v><l id="377006" t="что"><g v="ADVB"></g><g v="Ques"></g></l></v><v><l id="388695" t="что"><g v="PRCL"></g></l></v></tfr></token><token text="часть" id="596266"><tfr rev_id="4098869" t="часть"><v><l id="374820" t="часть"><g v="NOUN"></g><g v="inan"></g><g v="femn"></g><g v="sing"></g><g v="nomn"></g></l></v></tfr></token><token text="из" id="596267"><tfr rev_id="2604163" t="из"><v><l id="117677" t="из"><g v="PREP"></g></l></v></tfr></token><token text="них" id="596268"><tfr rev_id="3946024" t="них"><v><l id="206619" t="они"><g v="NPRO"></g><g v="3per"></g><g v="Anph"></g><g v="plur"></g><g v="gent"></g><g v="Af-p"></g></l></v></tfr></token><token text="будет" id="596269"><tfr rev_id="1429339" t="будет"><v><l id="37265" t="есть"><g v="VERB"></g><g v="impf"></g><g v="intr"></g><g v="sing"></g><g v="3per"></g><g v="futr"></g><g v="indc"></g></l></v></tfr></token><token text="переброшена" id="596270"><tfr rev_id="1429340" t="переброшена"><v><l id="226875" t="переброшен"><g v="PRTS"></g><g v="perf"></g><g v="past"></g><g v="pssv"></g><g v="femn"></g><g v="sing"></g></l></v></tfr></token><token text="в" id="596271"><tfr rev_id="1429341" t="в"><v><l id="37409" t="в"><g v="PREP"></g></l></v></tfr></token><token text="Афганистан" id="596272"><tfr rev_id="4348409" t="Афганистан"><v><l id="20112" t="афганистан"><g v="NOUN"></g><g v="inan"></g><g v="masc"></g><g v="Geox"></g><g v="sing"></g><g v="accs"></g></l></v></tfr></token><token text="." id="596273"><tfr rev_id="1429343" t="."><v><l id="0" t="."><g v="PNCT"></g></l></v></tfr></token></tokens></sentence></paragraph><paragraph id="10608"><sentence id="33272"><source>Источники информации:</source><tokens><token text="Источники" id="596274"><tfr rev_id="3727302" t="Источники"><v><l id="126464" t="источник"><g v="NOUN"></g><g v="inan"></g><g v="masc"></g><g v="plur"></g><g v="nomn"></g></l></v></tfr></token><token text="информации" id="596275"><tfr rev_id="3555376" t="информации"><v><l id="123576" t="информация"><g v="NOUN"></g><g v="inan"></g><g v="femn"></g><g v="sing"></g><g v="gent"></g></l></v></tfr></token><token text=":" id="596276"><tfr rev_id="1429346" t=":"><v><l id="0" t=":"><g v="PNCT"></g></l></v></tfr></token></tokens></sentence></paragraph><paragraph id="10609"><sentence id="33273"><source>CША передали Ираку контроль над провинцией Анбар</source><tokens><token text="CША" id="596277"><tfr rev_id="1429347" t="CША"><v><l id="0" t="CША"><g v="UNKN"></g></l></v></tfr></token><token text="передали" id="596278"><tfr rev_id="1429348" t="передали"><v><l id="228159" t="передал"><g v="VERB"></g><g v="perf"></g><g v="tran"></g><g v="plur"></g><g v="past"></g><g v="indc"></g></l></v></tfr></token><token text="Ираку" id="596279"><tfr rev_id="1429349" t="Ираку"><v><l id="123896" t="ирак"><g v="NOUN"></g><g v="inan"></g><g v="masc"></g><g v="Geox"></g><g v="sing"></g><g v="datv"></g></l></v></tfr></token><token text="контроль" id="596280"><tfr rev_id="3473782" t="контроль"><v><l id="138615" t="контроль"><g v="NOUN"></g><g v="inan"></g><g v="masc"></g><g v="sing"></g><g v="accs"></g></l></v></tfr></token><token text="над" id="596281"><tfr rev_id="1429351" t="над"><v><l id="168356" t="над"><g v="PREP"></g></l></v></tfr></token><token text="провинцией" id="596282"><tfr rev_id="1429352" t="провинцией"><v><l id="277960" t="провинция"><g v="NOUN"></g><g v="inan"></g><g v="femn"></g><g v="sing"></g><g v="ablt"></g></l></v></tfr></token><token text="Анбар" id="596283"><tfr rev_id="1429353" t="Анбар"><v><l id="12540" t="анбар"><g v="NOUN"></g><g v="anim"></g><g v="masc"></g><g v="Name"></g><g v="sing"></g><g v="nomn"></g></l></v></tfr></token></tokens></sentence></paragraph><paragraph id="10610"><sentence id="33274"><source>Из иракской провинции Анбар постепенно выведут американские войска</source><tokens><token text="Из" id="596284"><tfr rev_id="2604084" t="Из"><v><l id="117677" t="из"><g v="PREP"></g></l></v></tfr></token><token text="иракской" id="596285"><tfr rev_id="3861941" t="иракской"><v><l id="123905" t="иракский"><g v="ADJF"></g><g v="femn"></g><g v="sing"></g><g v="gent"></g></l></v></tfr></token><token text="провинции" id="596286"><tfr rev_id="4179824" t="провинции"><v><l id="277960" t="провинция"><g v="NOUN"></g><g v="inan"></g><g v="femn"></g><g v="sing"></g><g v="gent"></g></l></v></tfr></token><token text="Анбар" id="596287"><tfr rev_id="1429357" t="Анбар"><v><l id="12540" t="анбар"><g v="NOUN"></g><g v="anim"></g><g v="masc"></g><g v="Name"></g><g v="sing"></g><g v="nomn"></g></l></v></tfr></token><token text="постепенно" id="596288"><tfr rev_id="1429358" t="постепенно"><v><l id="262234" t="постепенно"><g v="ADVB"></g></l></v><v><l id="262238" t="постепенен"><g v="ADJS"></g><g v="Qual"></g><g v="neut"></g><g v="sing"></g></l></v></tfr></token><token text="выведут" id="596289"><tfr rev_id="1429359" t="выведут"><v><l id="56218" t="вывел"><g v="VERB"></g><g v="perf"></g><g v="tran"></g><g v="plur"></g><g v="3per"></g><g v="futr"></g><g v="indc"></g></l></v></tfr></token><token text="американские" id="596290"><tfr rev_id="3812977" t="американские"><v><l id="11429" t="американский"><g v="ADJF"></g><g v="inan"></g><g v="plur"></g><g v="accs"></g></l></v></tfr></token><token text="войска" id="596291"><tfr rev_id="3743288" t="войска"><v><l id="49729" t="войско"><g v="NOUN"></g><g v="inan"></g><g v="neut"></g><g v="plur"></g><g v="accs"></g></l></v></tfr></token></tokens></sentence></paragraph></paragraphs></text>