<?xml version="1.0" encoding="utf-8"?><text parent="56" id="1105" name="Голодающий велосипедист намерен проехать 4000 километров"><tags><tag>url:http://ru.wikinews.org/w/index.php?title=Голодающий_велосипедист_намерен_проехать_4000_километров&amp;oldid=22725</tag><tag>Автор:http://ru.wikinews.org/wiki/Участник:Potupin</tag><tag>Дата:29/08</tag><tag>Год:2008</tag><tag>Тема:ВикиКатегория:Велотуризм</tag></tags><paragraphs><paragraph id="10620"><sentence id="33308"><source>Влад Никитенко снова в пути</source><tokens><token text="Влад" id="596706"><tfr rev_id="3439455" t="Влад"><v><l id="46498" t="влад"><g v="NOUN"></g><g v="anim"></g><g v="masc"></g><g v="Name"></g><g v="sing"></g><g v="nomn"></g></l></v></tfr></token><token text="Никитенко" id="596707"><tfr rev_id="1429777" t="Никитенко"><v><l id="0" t="никитенко"><g v="UNKN"></g></l></v></tfr></token><token text="снова" id="596708"><tfr rev_id="1429778" t="снова"><v><l id="327458" t="снова"><g v="ADVB"></g></l></v></tfr></token><token text="в" id="596709"><tfr rev_id="1429779" t="в"><v><l id="37409" t="в"><g v="PREP"></g></l></v></tfr></token><token text="пути" id="596710"><tfr rev_id="4286481" t="пути"><v><l id="289625" t="путь"><g v="NOUN"></g><g v="inan"></g><g v="masc"></g><g v="sing"></g><g v="loct"></g></l></v></tfr></token></tokens></sentence></paragraph><paragraph id="10621"><sentence id="33309"><source>Дальневосточный велопутешественник Влад Никитенко из Благовещенска, известный своими дальними тысячекилометровыми голодными велопробегами, снова в пути.</source><tokens><token text="Дальневосточный" id="596711"><tfr rev_id="1429781" t="Дальневосточный"><v><l id="77991" t="дальневосточный"><g v="ADJF"></g><g v="masc"></g><g v="sing"></g><g v="nomn"></g></l></v><v><l id="77991" t="дальневосточный"><g v="ADJF"></g><g v="inan"></g><g v="masc"></g><g v="sing"></g><g v="accs"></g></l></v></tfr></token><token text="велопутешественник" id="596712"><tfr rev_id="1429782" t="велопутешественник"><v><l id="0" t="велопутешественник"><g v="UNKN"></g></l></v></tfr></token><token text="Влад" id="596713"><tfr rev_id="3471189" t="Влад"><v><l id="46498" t="влад"><g v="NOUN"></g><g v="anim"></g><g v="masc"></g><g v="Name"></g><g v="sing"></g><g v="nomn"></g></l></v></tfr></token><token text="Никитенко" id="596714"><tfr rev_id="1429784" t="Никитенко"><v><l id="0" t="никитенко"><g v="UNKN"></g></l></v></tfr></token><token text="из" id="596715"><tfr rev_id="2602719" t="из"><v><l id="117677" t="из"><g v="PREP"></g></l></v></tfr></token><token text="Благовещенска" id="596716"><tfr rev_id="1429786" t="Благовещенска"><v><l id="30333" t="благовещенск"><g v="NOUN"></g><g v="inan"></g><g v="masc"></g><g v="Geox"></g><g v="sing"></g><g v="gent"></g></l></v></tfr></token><token text="," id="596717"><tfr rev_id="1429787" t=","><v><l id="0" t=","><g v="PNCT"></g></l></v></tfr></token><token text="известный" id="596718"><tfr rev_id="1429788" t="известный"><v><l id="118144" t="известный"><g v="ADJF"></g><g v="Qual"></g><g v="masc"></g><g v="sing"></g><g v="nomn"></g></l></v><v><l id="118144" t="известный"><g v="ADJF"></g><g v="Qual"></g><g v="inan"></g><g v="masc"></g><g v="sing"></g><g v="accs"></g></l></v></tfr></token><token text="своими" id="596719"><tfr rev_id="3634302" t="своими"><v><l id="316379" t="свой"><g v="ADJF"></g><g v="Apro"></g><g v="Anph"></g><g v="plur"></g><g v="ablt"></g></l></v></tfr></token><token text="дальними" id="596720"><tfr rev_id="1429790" t="дальними"><v><l id="78014" t="дальний"><g v="ADJF"></g><g v="plur"></g><g v="ablt"></g></l></v></tfr></token><token text="тысячекилометровыми" id="596721"><tfr rev_id="1429791" t="тысячекилометровыми"><v><l id="352248" t="тысячекилометровый"><g v="ADJF"></g><g v="plur"></g><g v="ablt"></g></l></v></tfr></token><token text="голодными" id="596722"><tfr rev_id="4160775" t="голодными"><v><l id="72419" t="голодный"><g v="ADJF"></g><g v="Qual"></g><g v="plur"></g><g v="ablt"></g></l></v></tfr></token><token text="велопробегами" id="596723"><tfr rev_id="1429793" t="велопробегами"><v><l id="40785" t="велопробег"><g v="NOUN"></g><g v="inan"></g><g v="masc"></g><g v="plur"></g><g v="ablt"></g></l></v></tfr></token><token text="," id="596724"><tfr rev_id="1429794" t=","><v><l id="0" t=","><g v="PNCT"></g></l></v></tfr></token><token text="снова" id="596725"><tfr rev_id="1429795" t="снова"><v><l id="327458" t="снова"><g v="ADVB"></g></l></v></tfr></token><token text="в" id="596726"><tfr rev_id="1429796" t="в"><v><l id="37409" t="в"><g v="PREP"></g></l></v></tfr></token><token text="пути" id="596727"><tfr rev_id="3489917" t="пути"><v><l id="289625" t="путь"><g v="NOUN"></g><g v="inan"></g><g v="masc"></g><g v="sing"></g><g v="gent"></g></l></v><v><l id="289625" t="путь"><g v="NOUN"></g><g v="inan"></g><g v="masc"></g><g v="sing"></g><g v="datv"></g></l></v><v><l id="289625" t="путь"><g v="NOUN"></g><g v="inan"></g><g v="masc"></g><g v="sing"></g><g v="loct"></g></l></v></tfr></token><token text="." id="596728"><tfr rev_id="1429798" t="."><v><l id="0" t="."><g v="PNCT"></g></l></v></tfr></token></tokens></sentence><sentence id="33310"><source>Если раньше он осваивал пространства России, и в первую очередь Дальнего Востока и Китая, то теперь он едет по Украине.</source><tokens><token text="Если" id="596729"><tfr rev_id="1429799" t="Если"><v><l id="95365" t="если"><g v="CONJ"></g></l></v></tfr></token><token text="раньше" id="596730"><tfr rev_id="1429800" t="раньше"><v><l id="297968" t="раньше"><g v="COMP"></g></l></v></tfr></token><token text="он" id="596731"><tfr rev_id="3575553" t="он"><v><l id="206541" t="он"><g v="NPRO"></g><g v="masc"></g><g v="3per"></g><g v="Anph"></g><g v="sing"></g><g v="nomn"></g></l></v></tfr></token><token text="осваивал" id="596732"><tfr rev_id="1429802" t="осваивал"><v><l id="209502" t="осваиваю"><g v="VERB"></g><g v="impf"></g><g v="tran"></g><g v="masc"></g><g v="sing"></g><g v="past"></g><g v="indc"></g></l></v></tfr></token><token text="пространства" id="596733"><tfr rev_id="3796108" t="пространства"><v><l id="285122" t="пространство"><g v="NOUN"></g><g v="inan"></g><g v="neut"></g><g v="plur"></g><g v="accs"></g></l></v></tfr></token><token text="России" id="596734"><tfr rev_id="3455473" t="России"><v><l id="309322" t="россия"><g v="NOUN"></g><g v="inan"></g><g v="femn"></g><g v="Sgtm"></g><g v="Geox"></g><g v="sing"></g><g v="gent"></g></l></v></tfr></token><token text="," id="596735"><tfr rev_id="1429805" t=","><v><l id="0" t=","><g v="PNCT"></g></l></v></tfr></token><token text="и" id="596736"><tfr rev_id="1429806" t="и"><v><l id="116949" t="и"><g v="CONJ"></g></l></v><v><l id="116950" t="и"><g v="INTJ"></g></l></v></tfr></token><token text="в" id="596737"><tfr rev_id="1429807" t="в"><v><l id="37409" t="в"><g v="PREP"></g></l></v></tfr></token><token text="первую" id="596738"><tfr rev_id="1429808" t="первую"><v><l id="226359" t="первый"><g v="ADJF"></g><g v="Anum"></g><g v="femn"></g><g v="sing"></g><g v="accs"></g></l></v></tfr></token><token text="очередь" id="596739"><tfr rev_id="3497394" t="очередь"><v><l id="221692" t="очередь"><g v="NOUN"></g><g v="inan"></g><g v="femn"></g><g v="sing"></g><g v="accs"></g></l></v></tfr></token><token text="Дальнего" id="596740"><tfr rev_id="3468660" t="Дальнего"><v><l id="78014" t="дальний"><g v="ADJF"></g><g v="masc"></g><g v="sing"></g><g v="gent"></g></l></v><v><l id="78014" t="дальний"><g v="ADJF"></g><g v="anim"></g><g v="masc"></g><g v="sing"></g><g v="accs"></g></l></v></tfr></token><token text="Востока" id="596741"><tfr rev_id="4468241" t="Востока"><v><l id="51910" t="восток"><g v="NOUN"></g><g v="inan"></g><g v="masc"></g><g v="sing"></g><g v="gent"></g></l></v></tfr></token><token text="и" id="596742"><tfr rev_id="1429812" t="и"><v><l id="116949" t="и"><g v="CONJ"></g></l></v><v><l id="116950" t="и"><g v="INTJ"></g></l></v></tfr></token><token text="Китая" id="596743"><tfr rev_id="1429813" t="Китая"><v><l id="133640" t="китай"><g v="NOUN"></g><g v="inan"></g><g v="masc"></g><g v="Sgtm"></g><g v="Geox"></g><g v="sing"></g><g v="gent"></g></l></v></tfr></token><token text="," id="596744"><tfr rev_id="1429814" t=","><v><l id="0" t=","><g v="PNCT"></g></l></v></tfr></token><token text="то" id="596745"><tfr rev_id="3777512" t="то"><v><l id="346835" t="то"><g v="CONJ"></g></l></v><v><l id="346836" t="то"><g v="PRCL"></g></l></v><v><l id="348430" t="тот"><g v="ADJF"></g><g v="Subx"></g><g v="Apro"></g><g v="Anph"></g><g v="neut"></g><g v="sing"></g><g v="nomn"></g></l></v><v><l id="348430" t="тот"><g v="ADJF"></g><g v="Subx"></g><g v="Apro"></g><g v="Anph"></g><g v="neut"></g><g v="sing"></g><g v="accs"></g></l></v></tfr></token><token text="теперь" id="596746"><tfr rev_id="1429816" t="теперь"><v><l id="344864" t="теперь"><g v="ADVB"></g></l></v></tfr></token><token text="он" id="596747"><tfr rev_id="3575554" t="он"><v><l id="206541" t="он"><g v="NPRO"></g><g v="masc"></g><g v="3per"></g><g v="Anph"></g><g v="sing"></g><g v="nomn"></g></l></v></tfr></token><token text="едет" id="596748"><tfr rev_id="1429818" t="едет"><v><l id="95524" t="еду"><g v="VERB"></g><g v="impf"></g><g v="intr"></g><g v="sing"></g><g v="3per"></g><g v="pres"></g><g v="indc"></g></l></v></tfr></token><token text="по" id="596749"><tfr rev_id="1429819" t="по"><v><l id="241240" t="по"><g v="PREP"></g></l></v></tfr></token><token text="Украине" id="596750"><tfr rev_id="3549981" t="Украине"><v><l id="356365" t="украина"><g v="NOUN"></g><g v="inan"></g><g v="femn"></g><g v="Sgtm"></g><g v="Geox"></g><g v="sing"></g><g v="datv"></g></l></v></tfr></token><token text="." id="596751"><tfr rev_id="1429821" t="."><v><l id="0" t="."><g v="PNCT"></g></l></v></tfr></token></tokens></sentence></paragraph><paragraph id="10622"><sentence id="33311"><source>22 августа Никитенко стартовал в Киеве и за семь дней преодолел расстояние до Львова (более 700 км).</source><tokens><token text="22" id="596752"><tfr rev_id="2461543" t="22"><v><l id="0" t="22"><g v="NUMB"></g></l></v></tfr></token><token text="августа" id="596753"><tfr rev_id="4163000" t="августа"><v><l id="2368" t="август"><g v="NOUN"></g><g v="inan"></g><g v="masc"></g><g v="sing"></g><g v="gent"></g></l></v></tfr></token><token text="Никитенко" id="596754"><tfr rev_id="1429824" t="Никитенко"><v><l id="0" t="никитенко"><g v="UNKN"></g></l></v></tfr></token><token text="стартовал" id="596755"><tfr rev_id="1429825" t="стартовал"><v><l id="334990" t="стартовал"><g v="VERB"></g><g v="perf"></g><g v="intr"></g><g v="masc"></g><g v="sing"></g><g v="past"></g><g v="indc"></g></l></v><v><l id="334991" t="стартую"><g v="VERB"></g><g v="impf"></g><g v="intr"></g><g v="masc"></g><g v="sing"></g><g v="past"></g><g v="indc"></g></l></v></tfr></token><token text="в" id="596756"><tfr rev_id="1429826" t="в"><v><l id="37409" t="в"><g v="PREP"></g></l></v></tfr></token><token text="Киеве" id="596757"><tfr rev_id="1429827" t="Киеве"><v><l id="132726" t="киев"><g v="NOUN"></g><g v="inan"></g><g v="masc"></g><g v="Geox"></g><g v="sing"></g><g v="loct"></g></l></v></tfr></token><token text="и" id="596758"><tfr rev_id="1429828" t="и"><v><l id="116949" t="и"><g v="CONJ"></g></l></v><v><l id="116950" t="и"><g v="INTJ"></g></l></v></tfr></token><token text="за" id="596759"><tfr rev_id="1429829" t="за"><v><l id="98043" t="за"><g v="PREP"></g></l></v></tfr></token><token text="семь" id="596760"><tfr rev_id="1429830" t="семь"><v><l id="318656" t="семь"><g v="NUMR"></g><g v="nomn"></g></l></v><v><l id="318656" t="семь"><g v="NUMR"></g><g v="accs"></g></l></v></tfr></token><token text="дней" id="596761"><tfr rev_id="1429831" t="дней"><v><l id="81427" t="день"><g v="NOUN"></g><g v="inan"></g><g v="masc"></g><g v="plur"></g><g v="gent"></g></l></v></tfr></token><token text="преодолел" id="596762"><tfr rev_id="1429832" t="преодолел"><v><l id="267889" t="преодолел"><g v="VERB"></g><g v="perf"></g><g v="tran"></g><g v="masc"></g><g v="sing"></g><g v="past"></g><g v="indc"></g></l></v></tfr></token><token text="расстояние" id="596763"><tfr rev_id="4211182" t="расстояние"><v><l id="301496" t="расстояние"><g v="NOUN"></g><g v="inan"></g><g v="neut"></g><g v="sing"></g><g v="accs"></g></l></v></tfr></token><token text="до" id="596764"><tfr rev_id="1429834" t="до"><v><l id="85153" t="до"><g v="PREP"></g></l></v></tfr></token><token text="Львова" id="596765"><tfr rev_id="1429835" t="Львова"><v><l id="151760" t="львов"><g v="NOUN"></g><g v="inan"></g><g v="masc"></g><g v="Geox"></g><g v="sing"></g><g v="gent"></g></l></v></tfr></token><token text="(" id="596766"><tfr rev_id="1429836" t="("><v><l id="0" t="("><g v="PNCT"></g></l></v></tfr></token><token text="более" id="596767"><tfr rev_id="1429837" t="более"><v><l id="32065" t="более"><g v="ADVB"></g></l></v></tfr></token><token text="700" id="596768"><tfr rev_id="2461544" t="700"><v><l id="0" t="700"><g v="NUMB"></g></l></v></tfr></token><token text="км" id="596769"><tfr rev_id="4136656" t="км"><v><l id="389049" t="км"><g v="NOUN"></g><g v="inan"></g><g v="masc"></g><g v="Fixd"></g><g v="Abbr"></g><g v="plur"></g><g v="nomn"></g></l></v><v><l id="389049" t="км"><g v="NOUN"></g><g v="inan"></g><g v="masc"></g><g v="Fixd"></g><g v="Abbr"></g><g v="plur"></g><g v="gent"></g></l></v><v><l id="389049" t="км"><g v="NOUN"></g><g v="inan"></g><g v="masc"></g><g v="Fixd"></g><g v="Abbr"></g><g v="plur"></g><g v="datv"></g></l></v><v><l id="389049" t="км"><g v="NOUN"></g><g v="inan"></g><g v="masc"></g><g v="Fixd"></g><g v="Abbr"></g><g v="plur"></g><g v="accs"></g></l></v><v><l id="389049" t="км"><g v="NOUN"></g><g v="inan"></g><g v="masc"></g><g v="Fixd"></g><g v="Abbr"></g><g v="plur"></g><g v="ablt"></g></l></v><v><l id="389049" t="км"><g v="NOUN"></g><g v="inan"></g><g v="masc"></g><g v="Fixd"></g><g v="Abbr"></g><g v="plur"></g><g v="loct"></g></l></v></tfr></token><token text=")" id="596770"><tfr rev_id="1429840" t=")"><v><l id="0" t=")"><g v="PNCT"></g></l></v></tfr></token><token text="." id="596771"><tfr rev_id="1429841" t="."><v><l id="0" t="."><g v="PNCT"></g></l></v></tfr></token></tokens></sentence><sentence id="33312"><source>Путешественник чувствует себя хорошо, хотя принимает только воду.</source><tokens><token text="Путешественник" id="596772"><tfr rev_id="1429842" t="Путешественник"><v><l id="289571" t="путешественник"><g v="NOUN"></g><g v="anim"></g><g v="masc"></g><g v="sing"></g><g v="nomn"></g></l></v></tfr></token><token text="чувствует" id="596773"><tfr rev_id="1429843" t="чувствует"><v><l id="377085" t="чувствую"><g v="VERB"></g><g v="impf"></g><g v="tran"></g><g v="sing"></g><g v="3per"></g><g v="pres"></g><g v="indc"></g></l></v></tfr></token><token text="себя" id="596774"><tfr rev_id="3634937" t="себя"><v><l id="317456" t="себя"><g v="NPRO"></g><g v="Anph"></g><g v="sing"></g><g v="accs"></g></l></v></tfr></token><token text="хорошо" id="596775"><tfr rev_id="1429845" t="хорошо"><v><l id="371669" t="хорош"><g v="ADJS"></g><g v="Qual"></g><g v="neut"></g><g v="sing"></g></l></v><v><l id="371678" t="хорошо"><g v="ADVB"></g><g v="Prdx"></g></l></v><v><l id="371679" t="хорошо"><g v="PRCL"></g></l></v><v><l id="371680" t="хорошо"><g v="PRED"></g><g v="pres"></g></l></v></tfr></token><token text="," id="596776"><tfr rev_id="1429846" t=","><v><l id="0" t=","><g v="PNCT"></g></l></v></tfr></token><token text="хотя" id="596777"><tfr rev_id="3888040" t="хотя"><v><l id="371732" t="хотя"><g v="CONJ"></g></l></v></tfr></token><token text="принимает" id="596778"><tfr rev_id="1429848" t="принимает"><v><l id="272582" t="принимаю"><g v="VERB"></g><g v="impf"></g><g v="tran"></g><g v="sing"></g><g v="3per"></g><g v="pres"></g><g v="indc"></g></l></v></tfr></token><token text="только" id="596779"><tfr rev_id="3784052" t="только"><v><l id="347395" t="только"><g v="CONJ"></g></l></v><v><l id="347396" t="только"><g v="PRCL"></g></l></v><v><l id="390053" t="только"><g v="ADVB"></g></l></v></tfr></token><token text="воду" id="596780"><tfr rev_id="4290314" t="воду"><v><l id="48014" t="вода"><g v="NOUN"></g><g v="inan"></g><g v="femn"></g><g v="sing"></g><g v="accs"></g></l></v></tfr></token><token text="." id="596781"><tfr rev_id="1429851" t="."><v><l id="0" t="."><g v="PNCT"></g></l></v></tfr></token></tokens></sentence></paragraph><paragraph id="10623"><sentence id="33313"><source>После Львова будут Ужгород, Черновцы, Молдавия, Одесса и завершится велопробег в Севастополе.</source><tokens><token text="После" id="596782"><tfr rev_id="4403598" t="После"><v><l id="261542" t="после"><g v="PREP"></g></l></v></tfr></token><token text="Львова" id="596783"><tfr rev_id="1429853" t="Львова"><v><l id="151760" t="львов"><g v="NOUN"></g><g v="inan"></g><g v="masc"></g><g v="Geox"></g><g v="sing"></g><g v="gent"></g></l></v></tfr></token><token text="будут" id="596784"><tfr rev_id="1429854" t="будут"><v><l id="37265" t="есть"><g v="VERB"></g><g v="impf"></g><g v="intr"></g><g v="plur"></g><g v="3per"></g><g v="futr"></g><g v="indc"></g></l></v></tfr></token><token text="Ужгород" id="596785"><tfr rev_id="4102377" t="Ужгород"><v><l id="355497" t="ужгород"><g v="NOUN"></g><g v="inan"></g><g v="masc"></g><g v="Geox"></g><g v="sing"></g><g v="nomn"></g></l></v></tfr></token><token text="," id="596786"><tfr rev_id="1429856" t=","><v><l id="0" t=","><g v="PNCT"></g></l></v></tfr></token><token text="Черновцы" id="596787"><tfr rev_id="2757426" t="Черновцы"><v><l id="375650" t="черновцы"><g v="NOUN"></g><g v="inan"></g><g v="GNdr"></g><g v="Pltm"></g><g v="Geox"></g><g v="plur"></g><g v="nomn"></g></l></v></tfr></token><token text="," id="596788"><tfr rev_id="1429858" t=","><v><l id="0" t=","><g v="PNCT"></g></l></v></tfr></token><token text="Молдавия" id="596789"><tfr rev_id="1429859" t="Молдавия"><v><l id="162672" t="молдавия"><g v="NOUN"></g><g v="inan"></g><g v="femn"></g><g v="Sgtm"></g><g v="Geox"></g><g v="sing"></g><g v="nomn"></g></l></v></tfr></token><token text="," id="596790"><tfr rev_id="1429860" t=","><v><l id="0" t=","><g v="PNCT"></g></l></v></tfr></token><token text="Одесса" id="596791"><tfr rev_id="1429861" t="Одесса"><v><l id="203292" t="одесса"><g v="NOUN"></g><g v="inan"></g><g v="femn"></g><g v="Sgtm"></g><g v="Geox"></g><g v="sing"></g><g v="nomn"></g></l></v></tfr></token><token text="и" id="596792"><tfr rev_id="4164553" t="и"><v><l id="116949" t="и"><g v="CONJ"></g></l></v></tfr></token><token text="завершится" id="596793"><tfr rev_id="1429863" t="завершится"><v><l id="99447" t="завершился"><g v="VERB"></g><g v="perf"></g><g v="intr"></g><g v="sing"></g><g v="3per"></g><g v="futr"></g><g v="indc"></g></l></v></tfr></token><token text="велопробег" id="596794"><tfr rev_id="3551655" t="велопробег"><v><l id="40785" t="велопробег"><g v="NOUN"></g><g v="inan"></g><g v="masc"></g><g v="sing"></g><g v="nomn"></g></l></v></tfr></token><token text="в" id="596795"><tfr rev_id="1429865" t="в"><v><l id="37409" t="в"><g v="PREP"></g></l></v></tfr></token><token text="Севастополе" id="596796"><tfr rev_id="1429866" t="Севастополе"><v><l id="317483" t="севастополь"><g v="NOUN"></g><g v="inan"></g><g v="masc"></g><g v="Sgtm"></g><g v="Geox"></g><g v="sing"></g><g v="loct"></g></l></v></tfr></token><token text="." id="596797"><tfr rev_id="1429867" t="."><v><l id="0" t="."><g v="PNCT"></g></l></v></tfr></token></tokens></sentence><sentence id="33314"><source>Влад, исходя из опыта совершённых"голодных"велопробегов считает, что похудает на 20 кг.</source><tokens><token text="Влад" id="596798"><tfr rev_id="3501680" t="Влад"><v><l id="46498" t="влад"><g v="NOUN"></g><g v="anim"></g><g v="masc"></g><g v="Name"></g><g v="sing"></g><g v="nomn"></g></l></v></tfr></token><token text="," id="596799"><tfr rev_id="1429869" t=","><v><l id="0" t=","><g v="PNCT"></g></l></v></tfr></token><token text="исходя" id="596800"><tfr rev_id="1429870" t="исходя"><v><l id="126766" t="исходя"><g v="GRND"></g><g v="impf"></g><g v="intr"></g><g v="pres"></g></l></v></tfr></token><token text="из" id="596801"><tfr rev_id="2557493" t="из"><v><l id="117677" t="из"><g v="PREP"></g></l></v></tfr></token><token text="опыта" id="596802"><tfr rev_id="1429872" t="опыта"><v><l id="208575" t="опыт"><g v="NOUN"></g><g v="inan"></g><g v="masc"></g><g v="sing"></g><g v="gent"></g></l></v></tfr></token><token text="совершённых" id="596803"><tfr rev_id="1429873" t="совершённых"><v><l id="327903" t="совершенный"><g v="ADJF"></g><g v="Qual"></g><g v="plur"></g><g v="gent"></g></l></v><v><l id="327903" t="совершенный"><g v="ADJF"></g><g v="Qual"></g><g v="anim"></g><g v="plur"></g><g v="accs"></g></l></v><v><l id="327903" t="совершенный"><g v="ADJF"></g><g v="Qual"></g><g v="plur"></g><g v="loct"></g></l></v><v><l id="327927" t="совершённый"><g v="PRTF"></g><g v="perf"></g><g v="tran"></g><g v="past"></g><g v="pssv"></g><g v="plur"></g><g v="gent"></g></l></v><v><l id="327927" t="совершённый"><g v="PRTF"></g><g v="perf"></g><g v="tran"></g><g v="past"></g><g v="pssv"></g><g v="anim"></g><g v="plur"></g><g v="accs"></g></l></v><v><l id="327927" t="совершённый"><g v="PRTF"></g><g v="perf"></g><g v="tran"></g><g v="past"></g><g v="pssv"></g><g v="plur"></g><g v="loct"></g></l></v></tfr></token><token text="&quot;" id="596804"><tfr rev_id="1429874" t="&quot;"><v><l id="0" t="&quot;"><g v="PNCT"></g></l></v></tfr></token><token text="голодных" id="596805"><tfr rev_id="4427572" t="голодных"><v><l id="72419" t="голодный"><g v="ADJF"></g><g v="Qual"></g><g v="plur"></g><g v="gent"></g></l></v></tfr></token><token text="&quot;" id="596806"><tfr rev_id="1429876" t="&quot;"><v><l id="0" t="&quot;"><g v="PNCT"></g></l></v></tfr></token><token text="велопробегов" id="596807"><tfr rev_id="1429877" t="велопробегов"><v><l id="40785" t="велопробег"><g v="NOUN"></g><g v="inan"></g><g v="masc"></g><g v="plur"></g><g v="gent"></g></l></v></tfr></token><token text="считает" id="596808"><tfr rev_id="1429878" t="считает"><v><l id="341320" t="считаю"><g v="VERB"></g><g v="impf"></g><g v="tran"></g><g v="sing"></g><g v="3per"></g><g v="pres"></g><g v="indc"></g></l></v><v><l id="341329" t="считал"><g v="VERB"></g><g v="perf"></g><g v="tran"></g><g v="sing"></g><g v="3per"></g><g v="futr"></g><g v="indc"></g></l></v></tfr></token><token text="," id="596809"><tfr rev_id="1429879" t=","><v><l id="0" t=","><g v="PNCT"></g></l></v></tfr></token><token text="что" id="596810"><tfr rev_id="3196767" t="что"><v><l id="377004" t="что"><g v="CONJ"></g></l></v><v><l id="377005" t="что"><g v="NPRO"></g><g v="neut"></g><g v="sing"></g><g v="nomn"></g></l></v><v><l id="377005" t="что"><g v="NPRO"></g><g v="neut"></g><g v="sing"></g><g v="accs"></g></l></v><v><l id="377006" t="что"><g v="ADVB"></g><g v="Ques"></g></l></v><v><l id="388695" t="что"><g v="PRCL"></g></l></v></tfr></token><token text="похудает" id="596811"><tfr rev_id="1429881" t="похудает"><v><l id="0" t="похудает"><g v="UNKN"></g></l></v></tfr></token><token text="на" id="596812"><tfr rev_id="3345411" t="на"><v><l id="166264" t="на"><g v="PREP"></g></l></v></tfr></token><token text="20" id="596813"><tfr rev_id="2461545" t="20"><v><l id="0" t="20"><g v="NUMB"></g></l></v></tfr></token><token text="кг" id="596814"><tfr rev_id="4230434" t="кг"><v><l id="389051" t="кг"><g v="NOUN"></g><g v="inan"></g><g v="masc"></g><g v="Fixd"></g><g v="Abbr"></g><g v="plur"></g><g v="nomn"></g></l></v><v><l id="389051" t="кг"><g v="NOUN"></g><g v="inan"></g><g v="masc"></g><g v="Fixd"></g><g v="Abbr"></g><g v="plur"></g><g v="gent"></g></l></v><v><l id="389051" t="кг"><g v="NOUN"></g><g v="inan"></g><g v="masc"></g><g v="Fixd"></g><g v="Abbr"></g><g v="plur"></g><g v="datv"></g></l></v><v><l id="389051" t="кг"><g v="NOUN"></g><g v="inan"></g><g v="masc"></g><g v="Fixd"></g><g v="Abbr"></g><g v="plur"></g><g v="accs"></g></l></v><v><l id="389051" t="кг"><g v="NOUN"></g><g v="inan"></g><g v="masc"></g><g v="Fixd"></g><g v="Abbr"></g><g v="plur"></g><g v="ablt"></g></l></v><v><l id="389051" t="кг"><g v="NOUN"></g><g v="inan"></g><g v="masc"></g><g v="Fixd"></g><g v="Abbr"></g><g v="plur"></g><g v="loct"></g></l></v></tfr></token><token text="." id="596815"><tfr rev_id="1429885" t="."><v><l id="0" t="."><g v="PNCT"></g></l></v></tfr></token></tokens></sentence><sentence id="33315"><source>В Киев он планирует вернуться в октябре.</source><tokens><token text="В" id="596816"><tfr rev_id="1429886" t="В"><v><l id="37409" t="в"><g v="PREP"></g></l></v></tfr></token><token text="Киев" id="596817"><tfr rev_id="4215238" t="Киев"><v><l id="132726" t="киев"><g v="NOUN"></g><g v="inan"></g><g v="masc"></g><g v="Geox"></g><g v="sing"></g><g v="accs"></g></l></v></tfr></token><token text="он" id="596818"><tfr rev_id="3575555" t="он"><v><l id="206541" t="он"><g v="NPRO"></g><g v="masc"></g><g v="3per"></g><g v="Anph"></g><g v="sing"></g><g v="nomn"></g></l></v></tfr></token><token text="планирует" id="596819"><tfr rev_id="1429889" t="планирует"><v><l id="239713" t="планирую"><g v="VERB"></g><g v="impf"></g><g v="tran"></g><g v="sing"></g><g v="3per"></g><g v="pres"></g><g v="indc"></g></l></v></tfr></token><token text="вернуться" id="596820"><tfr rev_id="1429890" t="вернуться"><v><l id="41484" t="вернуться"><g v="INFN"></g><g v="perf"></g><g v="intr"></g></l></v></tfr></token><token text="в" id="596821"><tfr rev_id="1429891" t="в"><v><l id="37409" t="в"><g v="PREP"></g></l></v></tfr></token><token text="октябре" id="596822"><tfr rev_id="1429892" t="октябре"><v><l id="205725" t="октябрь"><g v="NOUN"></g><g v="inan"></g><g v="masc"></g><g v="sing"></g><g v="loct"></g></l></v></tfr></token><token text="." id="596823"><tfr rev_id="1429893" t="."><v><l id="0" t="."><g v="PNCT"></g></l></v></tfr></token></tokens></sentence></paragraph><paragraph id="10624"><sentence id="33316"><source>Источник информации:</source><tokens><token text="Источник" id="596824"><tfr rev_id="1429894" t="Источник"><v><l id="126464" t="источник"><g v="NOUN"></g><g v="inan"></g><g v="masc"></g><g v="sing"></g><g v="nomn"></g></l></v><v><l id="126464" t="источник"><g v="NOUN"></g><g v="inan"></g><g v="masc"></g><g v="sing"></g><g v="accs"></g></l></v></tfr></token><token text="информации" id="596825"><tfr rev_id="3494118" t="информации"><v><l id="123576" t="информация"><g v="NOUN"></g><g v="inan"></g><g v="femn"></g><g v="sing"></g><g v="gent"></g></l></v><v><l id="123576" t="информация"><g v="NOUN"></g><g v="inan"></g><g v="femn"></g><g v="sing"></g><g v="datv"></g></l></v><v><l id="123576" t="информация"><g v="NOUN"></g><g v="inan"></g><g v="femn"></g><g v="sing"></g><g v="loct"></g></l></v></tfr></token><token text=":" id="596826"><tfr rev_id="1429896" t=":"><v><l id="0" t=":"><g v="PNCT"></g></l></v></tfr></token></tokens></sentence></paragraph><paragraph id="10625"><sentence id="33317"><source>Голодный велогонщик миновал Львов</source><tokens><token text="Голодный" id="596827"><tfr rev_id="4176058" t="Голодный"><v><l id="72419" t="голодный"><g v="ADJF"></g><g v="Qual"></g><g v="masc"></g><g v="sing"></g><g v="nomn"></g></l></v><v><l id="72419" t="голодный"><g v="ADJF"></g><g v="Qual"></g><g v="inan"></g><g v="masc"></g><g v="sing"></g><g v="accs"></g></l></v></tfr></token><token text="велогонщик" id="596828"><tfr rev_id="1429898" t="велогонщик"><v><l id="40775" t="велогонщик"><g v="NOUN"></g><g v="anim"></g><g v="masc"></g><g v="sing"></g><g v="nomn"></g></l></v></tfr></token><token text="миновал" id="596829"><tfr rev_id="1429899" t="миновал"><v><l id="160649" t="миновал"><g v="VERB"></g><g v="perf"></g><g v="tran"></g><g v="masc"></g><g v="sing"></g><g v="past"></g><g v="indc"></g></l></v><v><l id="160650" t="миную"><g v="VERB"></g><g v="impf"></g><g v="tran"></g><g v="masc"></g><g v="sing"></g><g v="past"></g><g v="indc"></g></l></v></tfr></token><token text="Львов" id="596830"><tfr rev_id="3488141" t="Львов"><v><l id="151760" t="львов"><g v="NOUN"></g><g v="inan"></g><g v="masc"></g><g v="Geox"></g><g v="sing"></g><g v="nomn"></g></l></v><v><l id="151760" t="львов"><g v="NOUN"></g><g v="inan"></g><g v="masc"></g><g v="Geox"></g><g v="sing"></g><g v="accs"></g></l></v></tfr></token></tokens></sentence></paragraph><paragraph id="10626"><sentence id="33318"><source>Другие интересные велоновости</source><tokens><token text="Другие" id="596831"><tfr rev_id="3746281" t="Другие"><v><l id="92342" t="другой"><g v="ADJF"></g><g v="Apro"></g><g v="Subx"></g><g v="plur"></g><g v="nomn"></g></l></v></tfr></token><token text="интересные" id="596832"><tfr rev_id="3795119" t="интересные"><v><l id="123172" t="интересный"><g v="ADJF"></g><g v="Qual"></g><g v="plur"></g><g v="nomn"></g></l></v></tfr></token><token text="велоновости" id="596833"><tfr rev_id="1429903" t="велоновости"><v><l id="0" t="велоновости"><g v="UNKN"></g></l></v></tfr></token></tokens></sentence></paragraph><paragraph id="10627"><sentence id="33319"><source>Велопробег"Екатеринбург-Лондон"</source><tokens><token text="Велопробег" id="596834"><tfr rev_id="1429904" t="Велопробег"><v><l id="40785" t="велопробег"><g v="NOUN"></g><g v="inan"></g><g v="masc"></g><g v="sing"></g><g v="nomn"></g></l></v><v><l id="40785" t="велопробег"><g v="NOUN"></g><g v="inan"></g><g v="masc"></g><g v="sing"></g><g v="accs"></g></l></v></tfr></token><token text="&quot;" id="596835"><tfr rev_id="1429905" t="&quot;"><v><l id="0" t="&quot;"><g v="PNCT"></g></l></v></tfr></token><token text="Екатеринбург" id="596836"><tfr rev_id="1429906" t="Екатеринбург"><v><l id="94551" t="екатеринбург"><g v="NOUN"></g><g v="inan"></g><g v="masc"></g><g v="Geox"></g><g v="sing"></g><g v="nomn"></g></l></v><v><l id="94551" t="екатеринбург"><g v="NOUN"></g><g v="inan"></g><g v="masc"></g><g v="Geox"></g><g v="sing"></g><g v="accs"></g></l></v></tfr></token><token text="-" id="596837"><tfr rev_id="1429907" t="-"><v><l id="0" t="-"><g v="PNCT"></g></l></v></tfr></token><token text="Лондон" id="596838"><tfr rev_id="1429908" t="Лондон"><v><l id="150828" t="лондон"><g v="NOUN"></g><g v="inan"></g><g v="masc"></g><g v="Geox"></g><g v="sing"></g><g v="nomn"></g></l></v><v><l id="150828" t="лондон"><g v="NOUN"></g><g v="inan"></g><g v="masc"></g><g v="Geox"></g><g v="sing"></g><g v="accs"></g></l></v></tfr></token><token text="&quot;" id="596839"><tfr rev_id="1429909" t="&quot;"><v><l id="0" t="&quot;"><g v="PNCT"></g></l></v></tfr></token></tokens></sentence></paragraph><paragraph id="10628"><sentence id="33320"><source>Этот необычный велосипедный пробег стартовал из Екатеринбурга 17 августа, и через 2000 километров 28 августа прибыл в Москву.</source><tokens><token text="Этот" id="596840"><tfr rev_id="4432077" t="Этот"><v><l id="386581" t="этот"><g v="ADJF"></g><g v="Subx"></g><g v="Apro"></g><g v="Anph"></g><g v="masc"></g><g v="sing"></g><g v="nomn"></g></l></v></tfr></token><token text="необычный" id="596841"><tfr rev_id="1429911" t="необычный"><v><l id="184866" t="необычный"><g v="ADJF"></g><g v="Qual"></g><g v="masc"></g><g v="sing"></g><g v="nomn"></g></l></v><v><l id="184866" t="необычный"><g v="ADJF"></g><g v="Qual"></g><g v="inan"></g><g v="masc"></g><g v="sing"></g><g v="accs"></g></l></v></tfr></token><token text="велосипедный" id="596842"><tfr rev_id="1429912" t="велосипедный"><v><l id="40796" t="велосипедный"><g v="ADJF"></g><g v="masc"></g><g v="sing"></g><g v="nomn"></g></l></v><v><l id="40796" t="велосипедный"><g v="ADJF"></g><g v="inan"></g><g v="masc"></g><g v="sing"></g><g v="accs"></g></l></v></tfr></token><token text="пробег" id="596843"><tfr rev_id="3710522" t="пробег"><v><l id="277115" t="пробег"><g v="NOUN"></g><g v="inan"></g><g v="masc"></g><g v="sing"></g><g v="nomn"></g></l></v></tfr></token><token text="стартовал" id="596844"><tfr rev_id="1429914" t="стартовал"><v><l id="334990" t="стартовал"><g v="VERB"></g><g v="perf"></g><g v="intr"></g><g v="masc"></g><g v="sing"></g><g v="past"></g><g v="indc"></g></l></v><v><l id="334991" t="стартую"><g v="VERB"></g><g v="impf"></g><g v="intr"></g><g v="masc"></g><g v="sing"></g><g v="past"></g><g v="indc"></g></l></v></tfr></token><token text="из" id="596845"><tfr rev_id="2603015" t="из"><v><l id="117677" t="из"><g v="PREP"></g></l></v></tfr></token><token text="Екатеринбурга" id="596846"><tfr rev_id="1429916" t="Екатеринбурга"><v><l id="94551" t="екатеринбург"><g v="NOUN"></g><g v="inan"></g><g v="masc"></g><g v="Geox"></g><g v="sing"></g><g v="gent"></g></l></v></tfr></token><token text="17" id="596847"><tfr rev_id="2461546" t="17"><v><l id="0" t="17"><g v="NUMB"></g></l></v></tfr></token><token text="августа" id="596848"><tfr rev_id="4163003" t="августа"><v><l id="2368" t="август"><g v="NOUN"></g><g v="inan"></g><g v="masc"></g><g v="sing"></g><g v="gent"></g></l></v></tfr></token><token text="," id="596849"><tfr rev_id="1429919" t=","><v><l id="0" t=","><g v="PNCT"></g></l></v></tfr></token><token text="и" id="596850"><tfr rev_id="1429920" t="и"><v><l id="116949" t="и"><g v="CONJ"></g></l></v><v><l id="116950" t="и"><g v="INTJ"></g></l></v></tfr></token><token text="через" id="596851"><tfr rev_id="1429921" t="через"><v><l id="375333" t="через"><g v="PREP"></g></l></v></tfr></token><token text="2000" id="596852"><tfr rev_id="2461547" t="2000"><v><l id="0" t="2000"><g v="NUMB"></g></l></v></tfr></token><token text="километров" id="596853"><tfr rev_id="3705498" t="километров"><v><l id="132850" t="километр"><g v="NOUN"></g><g v="inan"></g><g v="masc"></g><g v="plur"></g><g v="gent"></g></l></v></tfr></token><token text="28" id="596854"><tfr rev_id="2461548" t="28"><v><l id="0" t="28"><g v="NUMB"></g></l></v></tfr></token><token text="августа" id="596855"><tfr rev_id="4323485" t="августа"><v><l id="2368" t="август"><g v="NOUN"></g><g v="inan"></g><g v="masc"></g><g v="sing"></g><g v="gent"></g></l></v></tfr></token><token text="прибыл" id="596856"><tfr rev_id="1429926" t="прибыл"><v><l id="268969" t="прибыл"><g v="VERB"></g><g v="perf"></g><g v="intr"></g><g v="masc"></g><g v="sing"></g><g v="past"></g><g v="indc"></g></l></v></tfr></token><token text="в" id="596857"><tfr rev_id="1429927" t="в"><v><l id="37409" t="в"><g v="PREP"></g></l></v></tfr></token><token text="Москву" id="596858"><tfr rev_id="1429928" t="Москву"><v><l id="163901" t="москва"><g v="NOUN"></g><g v="inan"></g><g v="femn"></g><g v="Sgtm"></g><g v="Geox"></g><g v="sing"></g><g v="accs"></g></l></v></tfr></token><token text="." id="596859"><tfr rev_id="1429929" t="."><v><l id="0" t="."><g v="PNCT"></g></l></v></tfr></token></tokens></sentence><sentence id="33321"><source>Его организовали спортивные организации и власти уральского города и диппредставительство Великобритании.</source><tokens><token text="Его" id="596860"><tfr rev_id="4529977" t="Его"><v><l id="206541" t="он"><g v="NPRO"></g><g v="masc"></g><g v="3per"></g><g v="Anph"></g><g v="sing"></g><g v="gent"></g></l></v><v><l id="206541" t="он"><g v="NPRO"></g><g v="masc"></g><g v="3per"></g><g v="Anph"></g><g v="sing"></g><g v="accs"></g></l></v><v><l id="206649" t="оно"><g v="NPRO"></g><g v="neut"></g><g v="3per"></g><g v="Anph"></g><g v="sing"></g><g v="gent"></g></l></v><v><l id="206649" t="оно"><g v="NPRO"></g><g v="neut"></g><g v="3per"></g><g v="Anph"></g><g v="sing"></g><g v="accs"></g></l></v></tfr></token><token text="организовали" id="596861"><tfr rev_id="1429931" t="организовали"><v><l id="208757" t="организовал"><g v="VERB"></g><g v="perf"></g><g v="tran"></g><g v="plur"></g><g v="past"></g><g v="indc"></g></l></v><v><l id="208758" t="организую"><g v="VERB"></g><g v="impf"></g><g v="tran"></g><g v="plur"></g><g v="past"></g><g v="indc"></g></l></v></tfr></token><token text="спортивные" id="596862"><tfr rev_id="4084720" t="спортивные"><v><l id="332798" t="спортивный"><g v="ADJF"></g><g v="Qual"></g><g v="plur"></g><g v="nomn"></g></l></v></tfr></token><token text="организации" id="596863"><tfr rev_id="3797942" t="организации"><v><l id="208750" t="организация"><g v="NOUN"></g><g v="inan"></g><g v="femn"></g><g v="plur"></g><g v="nomn"></g></l></v></tfr></token><token text="и" id="596864"><tfr rev_id="1429934" t="и"><v><l id="116949" t="и"><g v="CONJ"></g></l></v><v><l id="116950" t="и"><g v="INTJ"></g></l></v></tfr></token><token text="власти" id="596865"><tfr rev_id="3766184" t="власти"><v><l id="46816" t="власть"><g v="NOUN"></g><g v="inan"></g><g v="femn"></g><g v="plur"></g><g v="nomn"></g></l></v></tfr></token><token text="уральского" id="596866"><tfr rev_id="4076751" t="уральского"><v><l id="359748" t="уральский"><g v="ADJF"></g><g v="masc"></g><g v="sing"></g><g v="gent"></g></l></v><v><l id="359748" t="уральский"><g v="ADJF"></g><g v="anim"></g><g v="masc"></g><g v="sing"></g><g v="accs"></g></l></v></tfr></token><token text="города" id="596867"><tfr rev_id="2761403" t="города"><v><l id="73547" t="город"><g v="NOUN"></g><g v="inan"></g><g v="masc"></g><g v="sing"></g><g v="gent"></g></l></v></tfr></token><token text="и" id="596868"><tfr rev_id="1429938" t="и"><v><l id="116949" t="и"><g v="CONJ"></g></l></v><v><l id="116950" t="и"><g v="INTJ"></g></l></v></tfr></token><token text="диппредставительство" id="596869"><tfr rev_id="1429939" t="диппредставительство"><v><l id="0" t="диппредставительство"><g v="UNKN"></g></l></v></tfr></token><token text="Великобритании" id="596870"><tfr rev_id="3455486" t="Великобритании"><v><l id="40619" t="великобритания"><g v="NOUN"></g><g v="inan"></g><g v="femn"></g><g v="Sgtm"></g><g v="Geox"></g><g v="sing"></g><g v="gent"></g></l></v></tfr></token><token text="." id="596871"><tfr rev_id="1429941" t="."><v><l id="0" t="."><g v="PNCT"></g></l></v></tfr></token></tokens></sentence><sentence id="33322"><source>В Москве группу велосипедистов с радостью встретили в посольстве Великобритании в России.</source><tokens><token text="В" id="596872"><tfr rev_id="1429942" t="В"><v><l id="37409" t="в"><g v="PREP"></g></l></v></tfr></token><token text="Москве" id="596873"><tfr rev_id="3549996" t="Москве"><v><l id="163901" t="москва"><g v="NOUN"></g><g v="inan"></g><g v="femn"></g><g v="Sgtm"></g><g v="Geox"></g><g v="sing"></g><g v="loct"></g></l></v></tfr></token><token text="группу" id="596874"><tfr rev_id="1429944" t="группу"><v><l id="76092" t="группа"><g v="NOUN"></g><g v="inan"></g><g v="femn"></g><g v="sing"></g><g v="accs"></g></l></v></tfr></token><token text="велосипедистов" id="596875"><tfr rev_id="3502254" t="велосипедистов"><v><l id="40794" t="велосипедист"><g v="NOUN"></g><g v="anim"></g><g v="masc"></g><g v="plur"></g><g v="gent"></g></l></v></tfr></token><token text="с" id="596876"><tfr rev_id="1429946" t="с"><v><l id="311151" t="с"><g v="PREP"></g></l></v></tfr></token><token text="радостью" id="596877"><tfr rev_id="1429947" t="радостью"><v><l id="291438" t="радость"><g v="NOUN"></g><g v="inan"></g><g v="femn"></g><g v="sing"></g><g v="ablt"></g></l></v></tfr></token><token text="встретили" id="596878"><tfr rev_id="1429948" t="встретили"><v><l id="54520" t="встретил"><g v="VERB"></g><g v="perf"></g><g v="tran"></g><g v="plur"></g><g v="past"></g><g v="indc"></g></l></v></tfr></token><token text="в" id="596879"><tfr rev_id="1429949" t="в"><v><l id="37409" t="в"><g v="PREP"></g></l></v></tfr></token><token text="посольстве" id="596880"><tfr rev_id="1429950" t="посольстве"><v><l id="261890" t="посольство"><g v="NOUN"></g><g v="inan"></g><g v="neut"></g><g v="sing"></g><g v="loct"></g></l></v></tfr></token><token text="Великобритании" id="596881"><tfr rev_id="3455228" t="Великобритании"><v><l id="40619" t="великобритания"><g v="NOUN"></g><g v="inan"></g><g v="femn"></g><g v="Sgtm"></g><g v="Geox"></g><g v="sing"></g><g v="gent"></g></l></v></tfr></token><token text="в" id="596882"><tfr rev_id="1429952" t="в"><v><l id="37409" t="в"><g v="PREP"></g></l></v></tfr></token><token text="России" id="596883"><tfr rev_id="3457061" t="России"><v><l id="309322" t="россия"><g v="NOUN"></g><g v="inan"></g><g v="femn"></g><g v="Sgtm"></g><g v="Geox"></g><g v="sing"></g><g v="loct"></g></l></v></tfr></token><token text="." id="596884"><tfr rev_id="1429954" t="."><v><l id="0" t="."><g v="PNCT"></g></l></v></tfr></token></tokens></sentence></paragraph><paragraph id="10629"><sentence id="33323"><source>Организаторы провели огромную подготовительную работу, предложив всем желающим принять участие в дальнем велопробеге, но предварительно нужно было пройти тестирование.</source><tokens><token text="Организаторы" id="596885"><tfr rev_id="1429955" t="Организаторы"><v><l id="208741" t="организатор"><g v="NOUN"></g><g v="anim"></g><g v="masc"></g><g v="plur"></g><g v="nomn"></g></l></v></tfr></token><token text="провели" id="596886"><tfr rev_id="1429956" t="провели"><v><l id="277830" t="провёл"><g v="VERB"></g><g v="perf"></g><g v="tran"></g><g v="plur"></g><g v="past"></g><g v="indc"></g></l></v></tfr></token><token text="огромную" id="596887"><tfr rev_id="1429957" t="огромную"><v><l id="203009" t="огромный"><g v="ADJF"></g><g v="Qual"></g><g v="femn"></g><g v="sing"></g><g v="accs"></g></l></v></tfr></token><token text="подготовительную" id="596888"><tfr rev_id="1429958" t="подготовительную"><v><l id="245101" t="подготовительный"><g v="ADJF"></g><g v="femn"></g><g v="sing"></g><g v="accs"></g></l></v></tfr></token><token text="работу" id="596889"><tfr rev_id="1429959" t="работу"><v><l id="290501" t="работа"><g v="NOUN"></g><g v="inan"></g><g v="femn"></g><g v="sing"></g><g v="accs"></g></l></v></tfr></token><token text="," id="596890"><tfr rev_id="1429960" t=","><v><l id="0" t=","><g v="PNCT"></g></l></v></tfr></token><token text="предложив" id="596891"><tfr rev_id="1429961" t="предложив"><v><l id="266545" t="предложив"><g v="GRND"></g><g v="perf"></g><g v="tran"></g><g v="past"></g></l></v></tfr></token><token text="всем" id="596892"><tfr rev_id="4130497" t="всем"><v><l id="42156" t="весь"><g v="ADJF"></g><g v="Subx"></g><g v="Apro"></g><g v="plur"></g><g v="datv"></g></l></v></tfr></token><token text="желающим" id="596893"><tfr rev_id="4360333" t="желающим"><v><l id="96292" t="желающий"><g v="PRTF"></g><g v="Subx"></g><g v="impf"></g><g v="tran"></g><g v="pres"></g><g v="actv"></g><g v="plur"></g><g v="datv"></g></l></v></tfr></token><token text="принять" id="596894"><tfr rev_id="1429964" t="принять"><v><l id="272701" t="принять"><g v="INFN"></g><g v="perf"></g><g v="tran"></g></l></v></tfr></token><token text="участие" id="596895"><tfr rev_id="3506527" t="участие"><v><l id="363132" t="участие"><g v="NOUN"></g><g v="inan"></g><g v="neut"></g><g v="sing"></g><g v="accs"></g></l></v></tfr></token><token text="в" id="596896"><tfr rev_id="1429966" t="в"><v><l id="37409" t="в"><g v="PREP"></g></l></v></tfr></token><token text="дальнем" id="596897"><tfr rev_id="3342847" t="дальнем"><v><l id="78014" t="дальний"><g v="ADJF"></g><g v="masc"></g><g v="sing"></g><g v="loct"></g></l></v></tfr></token><token text="велопробеге" id="596898"><tfr rev_id="1429968" t="велопробеге"><v><l id="40785" t="велопробег"><g v="NOUN"></g><g v="inan"></g><g v="masc"></g><g v="sing"></g><g v="loct"></g></l></v></tfr></token><token text="," id="596899"><tfr rev_id="1429969" t=","><v><l id="0" t=","><g v="PNCT"></g></l></v></tfr></token><token text="но" id="596900"><tfr rev_id="3533243" t="но"><v><l id="191429" t="но"><g v="CONJ"></g></l></v></tfr></token><token text="предварительно" id="596901"><tfr rev_id="1429971" t="предварительно"><v><l id="266246" t="предварительно"><g v="ADVB"></g></l></v><v><l id="266250" t="предварителен"><g v="ADJS"></g><g v="neut"></g><g v="sing"></g></l></v></tfr></token><token text="нужно" id="596902"><tfr rev_id="1429972" t="нужно"><v><l id="192579" t="нужно"><g v="PRED"></g><g v="pres"></g></l></v><v><l id="192584" t="нужен"><g v="ADJS"></g><g v="Qual"></g><g v="neut"></g><g v="sing"></g></l></v></tfr></token><token text="было" id="596903"><tfr rev_id="3946815" t="было"><v><l id="37265" t="есть"><g v="VERB"></g><g v="impf"></g><g v="intr"></g><g v="neut"></g><g v="sing"></g><g v="past"></g><g v="indc"></g></l></v></tfr></token><token text="пройти" id="596904"><tfr rev_id="1429974" t="пройти"><v><l id="280311" t="пройти"><g v="INFN"></g><g v="perf"></g><g v="tran"></g></l></v></tfr></token><token text="тестирование" id="596905"><tfr rev_id="1429975" t="тестирование"><v><l id="345762" t="тестирование"><g v="NOUN"></g><g v="inan"></g><g v="neut"></g><g v="Sgtm"></g><g v="sing"></g><g v="nomn"></g></l></v><v><l id="345762" t="тестирование"><g v="NOUN"></g><g v="inan"></g><g v="neut"></g><g v="Sgtm"></g><g v="sing"></g><g v="accs"></g></l></v></tfr></token><token text="." id="596906"><tfr rev_id="1429976" t="."><v><l id="0" t="."><g v="PNCT"></g></l></v></tfr></token></tokens></sentence><sentence id="33324"><source>Из 500 претендентов были отобраны 12 человек, представляющих Ханты-Мансийск и Екатеринбург.</source><tokens><token text="Из" id="596907"><tfr rev_id="2603444" t="Из"><v><l id="117677" t="из"><g v="PREP"></g></l></v></tfr></token><token text="500" id="596908"><tfr rev_id="2461549" t="500"><v><l id="0" t="500"><g v="NUMB"></g></l></v></tfr></token><token text="претендентов" id="596909"><tfr rev_id="3540915" t="претендентов"><v><l id="268410" t="претендент"><g v="NOUN"></g><g v="anim"></g><g v="masc"></g><g v="plur"></g><g v="gent"></g></l></v></tfr></token><token text="были" id="596910"><tfr rev_id="1714426" t="были"><v><l id="37265" t="есть"><g v="VERB"></g><g v="impf"></g><g v="intr"></g><g v="plur"></g><g v="past"></g><g v="indc"></g></l></v></tfr></token><token text="отобраны" id="596911"><tfr rev_id="1429981" t="отобраны"><v><l id="215993" t="отобран"><g v="PRTS"></g><g v="perf"></g><g v="past"></g><g v="pssv"></g><g v="plur"></g></l></v></tfr></token><token text="12" id="596912"><tfr rev_id="2461550" t="12"><v><l id="0" t="12"><g v="NUMB"></g></l></v></tfr></token><token text="человек" id="596913"><tfr rev_id="3471923" t="человек"><v><l id="375073" t="человек"><g v="NOUN"></g><g v="anim"></g><g v="masc"></g><g v="plur"></g><g v="gent"></g></l></v></tfr></token><token text="," id="596914"><tfr rev_id="1429984" t=","><v><l id="0" t=","><g v="PNCT"></g></l></v></tfr></token><token text="представляющих" id="596915"><tfr rev_id="1429985" t="представляющих"><v><l id="267114" t="представляющий"><g v="PRTF"></g><g v="impf"></g><g v="tran"></g><g v="pres"></g><g v="actv"></g><g v="plur"></g><g v="gent"></g></l></v><v><l id="267114" t="представляющий"><g v="PRTF"></g><g v="impf"></g><g v="tran"></g><g v="pres"></g><g v="actv"></g><g v="anim"></g><g v="plur"></g><g v="accs"></g></l></v><v><l id="267114" t="представляющий"><g v="PRTF"></g><g v="impf"></g><g v="tran"></g><g v="pres"></g><g v="actv"></g><g v="plur"></g><g v="loct"></g></l></v></tfr></token><token text="Ханты-Мансийск" id="596916"><tfr rev_id="1429986" t="Ханты-Мансийск"><v><l id="369353" t="ханты-мансийск"><g v="NOUN"></g><g v="inan"></g><g v="masc"></g><g v="Geox"></g><g v="sing"></g><g v="nomn"></g></l></v><v><l id="369353" t="ханты-мансийск"><g v="NOUN"></g><g v="inan"></g><g v="masc"></g><g v="Geox"></g><g v="sing"></g><g v="accs"></g></l></v></tfr></token><token text="и" id="596917"><tfr rev_id="1429987" t="и"><v><l id="116949" t="и"><g v="CONJ"></g></l></v><v><l id="116950" t="и"><g v="INTJ"></g></l></v></tfr></token><token text="Екатеринбург" id="596918"><tfr rev_id="4099514" t="Екатеринбург"><v><l id="94551" t="екатеринбург"><g v="NOUN"></g><g v="inan"></g><g v="masc"></g><g v="Geox"></g><g v="sing"></g><g v="accs"></g></l></v></tfr></token><token text="." id="596919"><tfr rev_id="1429989" t="."><v><l id="0" t="."><g v="PNCT"></g></l></v></tfr></token></tokens></sentence></paragraph><paragraph id="10630"><sentence id="33325"><source>После небольшого отдыха велогонщики поедут дальше через Минск, Берлин, Дюссельдорф и Брюссель.</source><tokens><token text="После" id="596920"><tfr rev_id="4405999" t="После"><v><l id="261542" t="после"><g v="PREP"></g></l></v></tfr></token><token text="небольшого" id="596921"><tfr rev_id="4448735" t="небольшого"><v><l id="179467" t="небольшой"><g v="ADJF"></g><g v="masc"></g><g v="sing"></g><g v="gent"></g></l></v></tfr></token><token text="отдыха" id="596922"><tfr rev_id="1429992" t="отдыха"><v><l id="213537" t="отдых"><g v="NOUN"></g><g v="inan"></g><g v="masc"></g><g v="sing"></g><g v="gent"></g></l></v></tfr></token><token text="велогонщики" id="596923"><tfr rev_id="1429993" t="велогонщики"><v><l id="40775" t="велогонщик"><g v="NOUN"></g><g v="anim"></g><g v="masc"></g><g v="plur"></g><g v="nomn"></g></l></v></tfr></token><token text="поедут" id="596924"><tfr rev_id="1429994" t="поедут"><v><l id="252987" t="поехал"><g v="VERB"></g><g v="perf"></g><g v="intr"></g><g v="plur"></g><g v="3per"></g><g v="futr"></g><g v="indc"></g></l></v></tfr></token><token text="дальше" id="596925"><tfr rev_id="1429995" t="дальше"><v><l id="77926" t="дальше"><g v="COMP"></g><g v="Qual"></g></l></v></tfr></token><token text="через" id="596926"><tfr rev_id="1429996" t="через"><v><l id="375333" t="через"><g v="PREP"></g></l></v></tfr></token><token text="Минск" id="596927"><tfr rev_id="1429997" t="Минск"><v><l id="160701" t="минск"><g v="NOUN"></g><g v="inan"></g><g v="masc"></g><g v="Geox"></g><g v="sing"></g><g v="nomn"></g></l></v><v><l id="160701" t="минск"><g v="NOUN"></g><g v="inan"></g><g v="masc"></g><g v="Geox"></g><g v="sing"></g><g v="accs"></g></l></v></tfr></token><token text="," id="596928"><tfr rev_id="1429998" t=","><v><l id="0" t=","><g v="PNCT"></g></l></v></tfr></token><token text="Берлин" id="596929"><tfr rev_id="1717445" t="Берлин"><v><l id="27989" t="берлин"><g v="NOUN"></g><g v="inan"></g><g v="masc"></g><g v="Geox"></g><g v="sing"></g><g v="nomn"></g></l></v><v><l id="27989" t="берлин"><g v="NOUN"></g><g v="inan"></g><g v="masc"></g><g v="Geox"></g><g v="sing"></g><g v="accs"></g></l></v></tfr></token><token text="," id="596930"><tfr rev_id="1430000" t=","><v><l id="0" t=","><g v="PNCT"></g></l></v></tfr></token><token text="Дюссельдорф" id="596931"><tfr rev_id="4214193" t="Дюссельдорф"><v><l id="93776" t="дюссельдорф"><g v="NOUN"></g><g v="inan"></g><g v="masc"></g><g v="Geox"></g><g v="sing"></g><g v="accs"></g></l></v></tfr></token><token text="и" id="596932"><tfr rev_id="1430002" t="и"><v><l id="116949" t="и"><g v="CONJ"></g></l></v><v><l id="116950" t="и"><g v="INTJ"></g></l></v></tfr></token><token text="Брюссель" id="596933"><tfr rev_id="1430003" t="Брюссель"><v><l id="34695" t="брюссель"><g v="NOUN"></g><g v="inan"></g><g v="masc"></g><g v="Sgtm"></g><g v="Geox"></g><g v="sing"></g><g v="nomn"></g></l></v><v><l id="34695" t="брюссель"><g v="NOUN"></g><g v="inan"></g><g v="masc"></g><g v="Sgtm"></g><g v="Geox"></g><g v="sing"></g><g v="accs"></g></l></v></tfr></token><token text="." id="596934"><tfr rev_id="1430004" t="."><v><l id="0" t="."><g v="PNCT"></g></l></v></tfr></token></tokens></sentence><sentence id="33326"><source>Маршрут, протяженностью 5200 км должен завершиться в Лондоне.</source><tokens><token text="Маршрут" id="596935"><tfr rev_id="3473778" t="Маршрут"><v><l id="155676" t="маршрут"><g v="NOUN"></g><g v="inan"></g><g v="masc"></g><g v="sing"></g><g v="nomn"></g></l></v></tfr></token><token text="," id="596936"><tfr rev_id="1430006" t=","><v><l id="0" t=","><g v="PNCT"></g></l></v></tfr></token><token text="протяженностью" id="596937"><tfr rev_id="1430007" t="протяженностью"><v><l id="286782" t="протяжённость"><g v="NOUN"></g><g v="inan"></g><g v="femn"></g><g v="sing"></g><g v="ablt"></g></l></v></tfr></token><token text="5200" id="596938"><tfr rev_id="2461551" t="5200"><v><l id="0" t="5200"><g v="NUMB"></g></l></v></tfr></token><token text="км" id="596939"><tfr rev_id="4287476" t="км"><v><l id="389049" t="км"><g v="NOUN"></g><g v="inan"></g><g v="masc"></g><g v="Fixd"></g><g v="Abbr"></g><g v="plur"></g><g v="gent"></g></l></v></tfr></token><token text="должен" id="596940"><tfr rev_id="2558765" t="должен"><v><l id="87975" t="должен"><g v="ADJS"></g><g v="masc"></g><g v="sing"></g></l></v></tfr></token><token text="завершиться" id="596941"><tfr rev_id="1430011" t="завершиться"><v><l id="99448" t="завершиться"><g v="INFN"></g><g v="perf"></g><g v="intr"></g></l></v></tfr></token><token text="в" id="596942"><tfr rev_id="1430012" t="в"><v><l id="37409" t="в"><g v="PREP"></g></l></v></tfr></token><token text="Лондоне" id="596943"><tfr rev_id="1430013" t="Лондоне"><v><l id="150828" t="лондон"><g v="NOUN"></g><g v="inan"></g><g v="masc"></g><g v="Geox"></g><g v="sing"></g><g v="loct"></g></l></v></tfr></token><token text="." id="596944"><tfr rev_id="1430014" t="."><v><l id="0" t="."><g v="PNCT"></g></l></v></tfr></token></tokens></sentence></paragraph><paragraph id="10631"><sentence id="33327"><source>Источник информации:</source><tokens><token text="Источник" id="596945"><tfr rev_id="1430015" t="Источник"><v><l id="126464" t="источник"><g v="NOUN"></g><g v="inan"></g><g v="masc"></g><g v="sing"></g><g v="nomn"></g></l></v><v><l id="126464" t="источник"><g v="NOUN"></g><g v="inan"></g><g v="masc"></g><g v="sing"></g><g v="accs"></g></l></v></tfr></token><token text="информации" id="596946"><tfr rev_id="4101696" t="информации"><v><l id="123576" t="информация"><g v="NOUN"></g><g v="inan"></g><g v="femn"></g><g v="sing"></g><g v="gent"></g></l></v></tfr></token><token text=":" id="596947"><tfr rev_id="1430017" t=":"><v><l id="0" t=":"><g v="PNCT"></g></l></v></tfr></token></tokens></sentence></paragraph><paragraph id="10632"><sentence id="33328"><source>Участники велопробега Екатеринбург-Лондон прибыли в Москву</source><tokens><token text="Участники" id="596948"><tfr rev_id="1430018" t="Участники"><v><l id="363151" t="участник"><g v="NOUN"></g><g v="anim"></g><g v="masc"></g><g v="plur"></g><g v="nomn"></g></l></v></tfr></token><token text="велопробега" id="596949"><tfr rev_id="1430019" t="велопробега"><v><l id="40785" t="велопробег"><g v="NOUN"></g><g v="inan"></g><g v="masc"></g><g v="sing"></g><g v="gent"></g></l></v></tfr></token><token text="Екатеринбург" id="596950"><tfr rev_id="4102512" t="Екатеринбург"><v><l id="94551" t="екатеринбург"><g v="NOUN"></g><g v="inan"></g><g v="masc"></g><g v="Geox"></g><g v="sing"></g><g v="nomn"></g></l></v></tfr></token><token text="-" id="596951"><tfr rev_id="1430021" t="-"><v><l id="0" t="-"><g v="PNCT"></g></l></v></tfr></token><token text="Лондон" id="596952"><tfr rev_id="3523682" t="Лондон"><v><l id="150828" t="лондон"><g v="NOUN"></g><g v="inan"></g><g v="masc"></g><g v="Geox"></g><g v="sing"></g><g v="nomn"></g></l></v></tfr></token><token text="прибыли" id="596953"><tfr rev_id="1716177" t="прибыли"><v><l id="268969" t="прибыл"><g v="VERB"></g><g v="perf"></g><g v="intr"></g><g v="plur"></g><g v="past"></g><g v="indc"></g></l></v></tfr></token><token text="в" id="596954"><tfr rev_id="1430024" t="в"><v><l id="37409" t="в"><g v="PREP"></g></l></v></tfr></token><token text="Москву" id="596955"><tfr rev_id="1430025" t="Москву"><v><l id="163901" t="москва"><g v="NOUN"></g><g v="inan"></g><g v="femn"></g><g v="Sgtm"></g><g v="Geox"></g><g v="sing"></g><g v="accs"></g></l></v></tfr></token></tokens></sentence></paragraph><paragraph id="10633"><sentence id="33329"><source>Команда"Герольштайнер"будет распущена</source><tokens><token text="Команда" id="596956"><tfr rev_id="1430026" t="Команда"><v><l id="136706" t="команда"><g v="NOUN"></g><g v="inan"></g><g v="femn"></g><g v="sing"></g><g v="nomn"></g></l></v></tfr></token><token text="&quot;" id="596957"><tfr rev_id="1430027" t="&quot;"><v><l id="0" t="&quot;"><g v="PNCT"></g></l></v></tfr></token><token text="Герольштайнер" id="596958"><tfr rev_id="1430028" t="Герольштайнер"><v><l id="0" t="герольштайнер"><g v="UNKN"></g></l></v></tfr></token><token text="&quot;" id="596959"><tfr rev_id="1430029" t="&quot;"><v><l id="0" t="&quot;"><g v="PNCT"></g></l></v></tfr></token><token text="будет" id="596960"><tfr rev_id="1430030" t="будет"><v><l id="37265" t="есть"><g v="VERB"></g><g v="impf"></g><g v="intr"></g><g v="sing"></g><g v="3per"></g><g v="futr"></g><g v="indc"></g></l></v></tfr></token><token text="распущена" id="596961"><tfr rev_id="1430031" t="распущена"><v><l id="300507" t="распущен"><g v="PRTS"></g><g v="perf"></g><g v="past"></g><g v="pssv"></g><g v="femn"></g><g v="sing"></g></l></v></tfr></token></tokens></sentence></paragraph><paragraph id="10634"><sentence id="33330"><source>К такому неутешительному выводу пришло руководство известной профессиональной команды велосипедистов-шоссейников из Германии.</source><tokens><token text="К" id="596962"><tfr rev_id="1430032" t="К"><v><l id="127460" t="к"><g v="PREP"></g></l></v></tfr></token><token text="такому" id="596963"><tfr rev_id="3468565" t="такому"><v><l id="342491" t="такой"><g v="ADJF"></g><g v="Apro"></g><g v="masc"></g><g v="sing"></g><g v="datv"></g></l></v></tfr></token><token text="неутешительному" id="596964"><tfr rev_id="3285147" t="неутешительному"><v><l id="189524" t="неутешительный"><g v="ADJF"></g><g v="masc"></g><g v="sing"></g><g v="datv"></g></l></v></tfr></token><token text="выводу" id="596965"><tfr rev_id="1430035" t="выводу"><v><l id="56345" t="вывод"><g v="NOUN"></g><g v="inan"></g><g v="masc"></g><g v="sing"></g><g v="datv"></g></l></v></tfr></token><token text="пришло" id="596966"><tfr rev_id="4330130" t="пришло"><v><l id="270737" t="пришёл"><g v="VERB"></g><g v="perf"></g><g v="intr"></g><g v="neut"></g><g v="sing"></g><g v="past"></g><g v="indc"></g></l></v></tfr></token><token text="руководство" id="596967"><tfr rev_id="4103252" t="руководство"><v><l id="310004" t="руководство"><g v="NOUN"></g><g v="inan"></g><g v="neut"></g><g v="sing"></g><g v="nomn"></g></l></v></tfr></token><token text="известной" id="596968"><tfr rev_id="2925067" t="известной"><v><l id="118144" t="известный"><g v="ADJF"></g><g v="Qual"></g><g v="femn"></g><g v="sing"></g><g v="gent"></g></l></v></tfr></token><token text="профессиональной" id="596969"><tfr rev_id="4317186" t="профессиональной"><v><l id="286921" t="профессиональный"><g v="ADJF"></g><g v="Qual"></g><g v="femn"></g><g v="sing"></g><g v="gent"></g></l></v></tfr></token><token text="команды" id="596970"><tfr rev_id="3483450" t="команды"><v><l id="136706" t="команда"><g v="NOUN"></g><g v="inan"></g><g v="femn"></g><g v="sing"></g><g v="gent"></g></l></v></tfr></token><token text="велосипедистов" id="596971"><tfr rev_id="4358217" t="велосипедистов"><v><l id="40794" t="велосипедист"><g v="NOUN"></g><g v="anim"></g><g v="masc"></g><g v="plur"></g><g v="gent"></g></l></v></tfr></token><token text="-" id="596972"><tfr rev_id="1430042" t="-"><v><l id="0" t="-"><g v="PNCT"></g></l></v></tfr></token><token text="шоссейников" id="596973"><tfr rev_id="4533418" t="шоссейников"><v><l id="392287" t="шоссейник"><g v="NOUN"></g><g v="anim"></g><g v="masc"></g><g v="plur"></g><g v="accs"></g></l></v><v><l id="392287" t="шоссейник"><g v="NOUN"></g><g v="anim"></g><g v="masc"></g><g v="plur"></g><g v="gent"></g></l></v></tfr></token><token text="из" id="596974"><tfr rev_id="2603303" t="из"><v><l id="117677" t="из"><g v="PREP"></g></l></v></tfr></token><token text="Германии" id="596975"><tfr rev_id="4385419" t="Германии"><v><l id="69099" t="германия"><g v="NOUN"></g><g v="inan"></g><g v="femn"></g><g v="Sgtm"></g><g v="Geox"></g><g v="sing"></g><g v="gent"></g></l></v></tfr></token><token text="." id="596976"><tfr rev_id="1430046" t="."><v><l id="0" t="."><g v="PNCT"></g></l></v></tfr></token></tokens></sentence><sentence id="33331"><source>Команда завершит свои выступления в конце сезона и прекратит существование.</source><tokens><token text="Команда" id="596977"><tfr rev_id="1430047" t="Команда"><v><l id="136706" t="команда"><g v="NOUN"></g><g v="inan"></g><g v="femn"></g><g v="sing"></g><g v="nomn"></g></l></v></tfr></token><token text="завершит" id="596978"><tfr rev_id="1430048" t="завершит"><v><l id="99441" t="завершил"><g v="VERB"></g><g v="perf"></g><g v="tran"></g><g v="sing"></g><g v="3per"></g><g v="futr"></g><g v="indc"></g></l></v></tfr></token><token text="свои" id="596979"><tfr rev_id="3815130" t="свои"><v><l id="316379" t="свой"><g v="ADJF"></g><g v="Apro"></g><g v="Anph"></g><g v="inan"></g><g v="plur"></g><g v="accs"></g></l></v></tfr></token><token text="выступления" id="596980"><tfr rev_id="3800651" t="выступления"><v><l id="62889" t="выступление"><g v="NOUN"></g><g v="inan"></g><g v="neut"></g><g v="plur"></g><g v="accs"></g></l></v></tfr></token><token text="в" id="596981"><tfr rev_id="1430051" t="в"><v><l id="37409" t="в"><g v="PREP"></g></l></v></tfr></token><token text="конце" id="596982"><tfr rev_id="1430052" t="конце"><v><l id="137815" t="конец"><g v="NOUN"></g><g v="inan"></g><g v="masc"></g><g v="sing"></g><g v="loct"></g></l></v></tfr></token><token text="сезона" id="596983"><tfr rev_id="1430053" t="сезона"><v><l id="317857" t="сезон"><g v="NOUN"></g><g v="inan"></g><g v="masc"></g><g v="sing"></g><g v="gent"></g></l></v></tfr></token><token text="и" id="596984"><tfr rev_id="1430054" t="и"><v><l id="116949" t="и"><g v="CONJ"></g></l></v><v><l id="116950" t="и"><g v="INTJ"></g></l></v></tfr></token><token text="прекратит" id="596985"><tfr rev_id="1430055" t="прекратит"><v><l id="267593" t="прекратил"><g v="VERB"></g><g v="perf"></g><g v="tran"></g><g v="sing"></g><g v="3per"></g><g v="futr"></g><g v="indc"></g></l></v></tfr></token><token text="существование" id="596986"><tfr rev_id="1430056" t="существование"><v><l id="340482" t="существование"><g v="NOUN"></g><g v="inan"></g><g v="neut"></g><g v="sing"></g><g v="nomn"></g></l></v><v><l id="340482" t="существование"><g v="NOUN"></g><g v="inan"></g><g v="neut"></g><g v="sing"></g><g v="accs"></g></l></v></tfr></token><token text="." id="596987"><tfr rev_id="1430057" t="."><v><l id="0" t="."><g v="PNCT"></g></l></v></tfr></token></tokens></sentence><sentence id="33332"><source>Причина - отсутствие спонсоров, которые напуганы допинговыми скандалами в большом велоспорте и не хотят вкладывать деньги в сомнительную рекламу.</source><tokens><token text="Причина" id="596988"><tfr rev_id="1430058" t="Причина"><v><l id="276522" t="причина"><g v="NOUN"></g><g v="inan"></g><g v="femn"></g><g v="sing"></g><g v="nomn"></g></l></v></tfr></token><token text="-" id="596989"><tfr rev_id="1430059" t="-"><v><l id="0" t="-"><g v="PNCT"></g></l></v></tfr></token><token text="отсутствие" id="596990"><tfr rev_id="1430060" t="отсутствие"><v><l id="218692" t="отсутствие"><g v="NOUN"></g><g v="inan"></g><g v="neut"></g><g v="sing"></g><g v="nomn"></g></l></v><v><l id="218692" t="отсутствие"><g v="NOUN"></g><g v="inan"></g><g v="neut"></g><g v="sing"></g><g v="accs"></g></l></v></tfr></token><token text="спонсоров" id="596991"><tfr rev_id="2369403" t="спонсоров"><v><l id="332723" t="спонсор"><g v="NOUN"></g><g v="anim"></g><g v="masc"></g><g v="plur"></g><g v="gent"></g></l></v></tfr></token><token text="," id="596992"><tfr rev_id="1430062" t=","><v><l id="0" t=","><g v="PNCT"></g></l></v></tfr></token><token text="которые" id="596993"><tfr rev_id="3814838" t="которые"><v><l id="141203" t="который"><g v="ADJF"></g><g v="Apro"></g><g v="Subx"></g><g v="Anph"></g><g v="plur"></g><g v="nomn"></g></l></v></tfr></token><token text="напуганы" id="596994"><tfr rev_id="1430064" t="напуганы"><v><l id="174229" t="напуган"><g v="PRTS"></g><g v="perf"></g><g v="past"></g><g v="pssv"></g><g v="plur"></g></l></v></tfr></token><token text="допинговыми" id="596995"><tfr rev_id="1430065" t="допинговыми"><v><l id="89116" t="допинговый"><g v="ADJF"></g><g v="plur"></g><g v="ablt"></g></l></v></tfr></token><token text="скандалами" id="596996"><tfr rev_id="1430066" t="скандалами"><v><l id="321718" t="скандал"><g v="NOUN"></g><g v="inan"></g><g v="masc"></g><g v="plur"></g><g v="ablt"></g></l></v></tfr></token><token text="в" id="596997"><tfr rev_id="1430067" t="в"><v><l id="37409" t="в"><g v="PREP"></g></l></v></tfr></token><token text="большом" id="596998"><tfr rev_id="3481581" t="большом"><v><l id="32445" t="большой"><g v="ADJF"></g><g v="Qual"></g><g v="masc"></g><g v="sing"></g><g v="loct"></g></l></v></tfr></token><token text="велоспорте" id="596999"><tfr rev_id="1430069" t="велоспорте"><v><l id="40800" t="велоспорт"><g v="NOUN"></g><g v="inan"></g><g v="masc"></g><g v="sing"></g><g v="loct"></g></l></v></tfr></token><token text="и" id="597000"><tfr rev_id="1430070" t="и"><v><l id="116949" t="и"><g v="CONJ"></g></l></v><v><l id="116950" t="и"><g v="INTJ"></g></l></v></tfr></token><token text="не" id="597001"><tfr rev_id="1430071" t="не"><v><l id="178876" t="не"><g v="PRCL"></g></l></v></tfr></token><token text="хотят" id="597002"><tfr rev_id="1430072" t="хотят"><v><l id="371713" t="хочу"><g v="VERB"></g><g v="impf"></g><g v="tran"></g><g v="plur"></g><g v="3per"></g><g v="pres"></g><g v="indc"></g></l></v></tfr></token><token text="вкладывать" id="597003"><tfr rev_id="1430073" t="вкладывать"><v><l id="46121" t="вкладывать"><g v="INFN"></g><g v="impf"></g><g v="tran"></g></l></v></tfr></token><token text="деньги" id="597004"><tfr rev_id="4325088" t="деньги"><v><l id="81429" t="деньги"><g v="NOUN"></g><g v="inan"></g><g v="femn"></g><g v="plur"></g><g v="accs"></g></l></v></tfr></token><token text="в" id="597005"><tfr rev_id="1430075" t="в"><v><l id="37409" t="в"><g v="PREP"></g></l></v></tfr></token><token text="сомнительную" id="597006"><tfr rev_id="1430076" t="сомнительную"><v><l id="329387" t="сомнительный"><g v="ADJF"></g><g v="Qual"></g><g v="femn"></g><g v="sing"></g><g v="accs"></g></l></v></tfr></token><token text="рекламу" id="597007"><tfr rev_id="1430077" t="рекламу"><v><l id="305670" t="реклама"><g v="NOUN"></g><g v="inan"></g><g v="femn"></g><g v="sing"></g><g v="accs"></g></l></v></tfr></token><token text="." id="597008"><tfr rev_id="1430078" t="."><v><l id="0" t="."><g v="PNCT"></g></l></v></tfr></token></tokens></sentence></paragraph><paragraph id="10635"><sentence id="33333"><source>Год назад спонсор маленького городка в регионе Айфель, производящий минеральную воду, отказался спонсировать команду.</source><tokens><token text="Год" id="597009"><tfr rev_id="1430079" t="Год"><v><l id="72149" t="год"><g v="NOUN"></g><g v="inan"></g><g v="masc"></g><g v="sing"></g><g v="nomn"></g></l></v><v><l id="72149" t="год"><g v="NOUN"></g><g v="inan"></g><g v="masc"></g><g v="sing"></g><g v="accs"></g></l></v></tfr></token><token text="назад" id="597010"><tfr rev_id="1430080" t="назад"><v><l id="170252" t="назад"><g v="ADVB"></g></l></v></tfr></token><token text="спонсор" id="597011"><tfr rev_id="1430081" t="спонсор"><v><l id="332723" t="спонсор"><g v="NOUN"></g><g v="anim"></g><g v="masc"></g><g v="sing"></g><g v="nomn"></g></l></v></tfr></token><token text="маленького" id="597012"><tfr rev_id="4205253" t="маленького"><v><l id="153694" t="маленький"><g v="ADJF"></g><g v="Qual"></g><g v="masc"></g><g v="sing"></g><g v="gent"></g></l></v><v><l id="153694" t="маленький"><g v="ADJF"></g><g v="Qual"></g><g v="anim"></g><g v="masc"></g><g v="sing"></g><g v="accs"></g></l></v></tfr></token><token text="городка" id="597013"><tfr rev_id="4505338" t="городка"><v><l id="73603" t="городок"><g v="NOUN"></g><g v="inan"></g><g v="masc"></g><g v="sing"></g><g v="gent"></g></l></v></tfr></token><token text="в" id="597014"><tfr rev_id="1430084" t="в"><v><l id="37409" t="в"><g v="PREP"></g></l></v></tfr></token><token text="регионе" id="597015"><tfr rev_id="1430085" t="регионе"><v><l id="304808" t="регион"><g v="NOUN"></g><g v="inan"></g><g v="masc"></g><g v="sing"></g><g v="loct"></g></l></v></tfr></token><token text="Айфель" id="597016"><tfr rev_id="1430086" t="Айфель"><v><l id="0" t="айфель"><g v="UNKN"></g></l></v></tfr></token><token text="," id="597017"><tfr rev_id="1430087" t=","><v><l id="0" t=","><g v="PNCT"></g></l></v></tfr></token><token text="производящий" id="597018"><tfr rev_id="3685055" t="производящий"><v><l id="280105" t="производящий"><g v="PRTF"></g><g v="impf"></g><g v="tran"></g><g v="pres"></g><g v="actv"></g><g v="Adjx"></g><g v="masc"></g><g v="sing"></g><g v="nomn"></g></l></v><v><l id="280105" t="производящий"><g v="PRTF"></g><g v="impf"></g><g v="tran"></g><g v="pres"></g><g v="actv"></g><g v="Adjx"></g><g v="inan"></g><g v="masc"></g><g v="sing"></g><g v="accs"></g></l></v></tfr></token><token text="минеральную" id="597019"><tfr rev_id="1430089" t="минеральную"><v><l id="160515" t="минеральный"><g v="ADJF"></g><g v="femn"></g><g v="sing"></g><g v="accs"></g></l></v></tfr></token><token text="воду" id="597020"><tfr rev_id="4257423" t="воду"><v><l id="48014" t="вода"><g v="NOUN"></g><g v="inan"></g><g v="femn"></g><g v="sing"></g><g v="accs"></g></l></v></tfr></token><token text="," id="597021"><tfr rev_id="1430091" t=","><v><l id="0" t=","><g v="PNCT"></g></l></v></tfr></token><token text="отказался" id="597022"><tfr rev_id="1430092" t="отказался"><v><l id="213938" t="отказался"><g v="VERB"></g><g v="perf"></g><g v="intr"></g><g v="masc"></g><g v="sing"></g><g v="past"></g><g v="indc"></g></l></v></tfr></token><token text="спонсировать" id="597023"><tfr rev_id="1430093" t="спонсировать"><v><l id="0" t="спонсировать"><g v="UNKN"></g></l></v></tfr></token><token text="команду" id="597024"><tfr rev_id="1430094" t="команду"><v><l id="136706" t="команда"><g v="NOUN"></g><g v="inan"></g><g v="femn"></g><g v="sing"></g><g v="accs"></g></l></v></tfr></token><token text="." id="597025"><tfr rev_id="1430095" t="."><v><l id="0" t="."><g v="PNCT"></g></l></v></tfr></token></tokens></sentence><sentence id="33334"><source>С тех пор так и не удалось найти другую солидную фирму, способную вкладывать в команду миллионы евро.</source><tokens><token text="С" id="597026"><tfr rev_id="1430096" t="С"><v><l id="311151" t="с"><g v="PREP"></g></l></v></tfr></token><token text="тех" id="597027"><tfr rev_id="4409089" t="тех"><v><l id="348430" t="тот"><g v="ADJF"></g><g v="Subx"></g><g v="Apro"></g><g v="Anph"></g><g v="plur"></g><g v="gent"></g></l></v></tfr></token><token text="пор" id="597028"><tfr rev_id="1430098" t="пор"><v><l id="259871" t="пора"><g v="NOUN"></g><g v="inan"></g><g v="femn"></g><g v="plur"></g><g v="gent"></g></l></v></tfr></token><token text="так" id="597029"><tfr rev_id="1430099" t="так"><v><l id="342451" t="так"><g v="CONJ"></g></l></v><v><l id="342452" t="так"><g v="PRCL"></g></l></v><v><l id="342453" t="так"><g v="ADVB"></g><g v="Dmns"></g></l></v></tfr></token><token text="и" id="597030"><tfr rev_id="1430100" t="и"><v><l id="116949" t="и"><g v="CONJ"></g></l></v><v><l id="116950" t="и"><g v="INTJ"></g></l></v></tfr></token><token text="не" id="597031"><tfr rev_id="1430101" t="не"><v><l id="178876" t="не"><g v="PRCL"></g></l></v></tfr></token><token text="удалось" id="597032"><tfr rev_id="1430102" t="удалось"><v><l id="354717" t="удался"><g v="VERB"></g><g v="perf"></g><g v="intr"></g><g v="neut"></g><g v="sing"></g><g v="past"></g><g v="indc"></g></l></v></tfr></token><token text="найти" id="597033"><tfr rev_id="1430103" t="найти"><v><l id="170612" t="найти"><g v="INFN"></g><g v="perf"></g><g v="tran"></g></l></v></tfr></token><token text="другую" id="597034"><tfr rev_id="3561017" t="другую"><v><l id="92342" t="другой"><g v="ADJF"></g><g v="Apro"></g><g v="Subx"></g><g v="femn"></g><g v="sing"></g><g v="accs"></g></l></v></tfr></token><token text="солидную" id="597035"><tfr rev_id="1430105" t="солидную"><v><l id="329009" t="солидный"><g v="ADJF"></g><g v="Qual"></g><g v="femn"></g><g v="sing"></g><g v="accs"></g></l></v></tfr></token><token text="фирму" id="597036"><tfr rev_id="1430106" t="фирму"><v><l id="366226" t="фирма"><g v="NOUN"></g><g v="inan"></g><g v="femn"></g><g v="sing"></g><g v="accs"></g></l></v></tfr></token><token text="," id="597037"><tfr rev_id="1430107" t=","><v><l id="0" t=","><g v="PNCT"></g></l></v></tfr></token><token text="способную" id="597038"><tfr rev_id="1430108" t="способную"><v><l id="332837" t="способный"><g v="ADJF"></g><g v="Qual"></g><g v="femn"></g><g v="sing"></g><g v="accs"></g></l></v></tfr></token><token text="вкладывать" id="597039"><tfr rev_id="1430109" t="вкладывать"><v><l id="46121" t="вкладывать"><g v="INFN"></g><g v="impf"></g><g v="tran"></g></l></v></tfr></token><token text="в" id="597040"><tfr rev_id="1430110" t="в"><v><l id="37409" t="в"><g v="PREP"></g></l></v></tfr></token><token text="команду" id="597041"><tfr rev_id="1430111" t="команду"><v><l id="136706" t="команда"><g v="NOUN"></g><g v="inan"></g><g v="femn"></g><g v="sing"></g><g v="accs"></g></l></v></tfr></token><token text="миллионы" id="597042"><tfr rev_id="3284721" t="миллионы"><v><l id="160260" t="миллион"><g v="NOUN"></g><g v="inan"></g><g v="masc"></g><g v="plur"></g><g v="accs"></g></l></v></tfr></token><token text="евро" id="597043"><tfr rev_id="3498979" t="евро"><v><l id="94004" t="евро"><g v="NOUN"></g><g v="inan"></g><g v="neut"></g><g v="Fixd"></g><g v="plur"></g><g v="gent"></g></l></v></tfr></token><token text="." id="597044"><tfr rev_id="1430114" t="."><v><l id="0" t="."><g v="PNCT"></g></l></v></tfr></token></tokens></sentence></paragraph><paragraph id="10636"><sentence id="33335"><source>Источник информации:</source><tokens><token text="Источник" id="597045"><tfr rev_id="3417026" t="Источник"><v><l id="126464" t="источник"><g v="NOUN"></g><g v="inan"></g><g v="masc"></g><g v="sing"></g><g v="nomn"></g></l></v></tfr></token><token text="информации" id="597046"><tfr rev_id="3645891" t="информации"><v><l id="123576" t="информация"><g v="NOUN"></g><g v="inan"></g><g v="femn"></g><g v="sing"></g><g v="gent"></g></l></v></tfr></token><token text=":" id="597047"><tfr rev_id="1430117" t=":"><v><l id="0" t=":"><g v="PNCT"></g></l></v></tfr></token></tokens></sentence></paragraph><paragraph id="10637"><sentence id="33336"><source>Команда Gerolsteiner прекратит своё существование</source><tokens><token text="Команда" id="597048"><tfr rev_id="1430118" t="Команда"><v><l id="136706" t="команда"><g v="NOUN"></g><g v="inan"></g><g v="femn"></g><g v="sing"></g><g v="nomn"></g></l></v></tfr></token><token text="Gerolsteiner" id="597049"><tfr rev_id="2474576" t="Gerolsteiner"><v><l id="0" t="Gerolsteiner"><g v="LATN"></g></l></v></tfr></token><token text="прекратит" id="597050"><tfr rev_id="1430120" t="прекратит"><v><l id="267593" t="прекратил"><g v="VERB"></g><g v="perf"></g><g v="tran"></g><g v="sing"></g><g v="3per"></g><g v="futr"></g><g v="indc"></g></l></v></tfr></token><token text="своё" id="597051"><tfr rev_id="3632802" t="своё"><v><l id="316379" t="свой"><g v="ADJF"></g><g v="Apro"></g><g v="Anph"></g><g v="neut"></g><g v="sing"></g><g v="nomn"></g></l></v><v><l id="316379" t="свой"><g v="ADJF"></g><g v="Apro"></g><g v="Anph"></g><g v="neut"></g><g v="sing"></g><g v="accs"></g></l></v></tfr></token><token text="существование" id="597052"><tfr rev_id="3537947" t="существование"><v><l id="340482" t="существование"><g v="NOUN"></g><g v="inan"></g><g v="neut"></g><g v="sing"></g><g v="accs"></g></l></v></tfr></token></tokens></sentence></paragraph></paragraphs></text>