<?xml version="1.0" encoding="utf-8"?><text parent="56" id="1109" name="В Бруклине раввина осудили за домогательства к военнослужащей ЦАХАЛа"><tags><tag>Автор:http://ru.wikinews.org/wiki/Участник:Zooro-Patriot</tag><tag>Дата:07/05</tag><tag>Год:2011</tag><tag>Тема:ВикиКатегория:Материалы Lenta.ru</tag><tag>Гео:ВикиКатегория:Израиль</tag><tag>Тема:ВикиКатегория:Криминал</tag><tag>url:http://ru.wikinews.org/w/index.php?title=В_Бруклине_раввина_осудили_за_домогательства_к_военнослужащей_ЦАХАЛа&amp;oldid=59778</tag></tags><paragraphs><paragraph id="10652"><sentence id="33368"><source>В США израильский раввин-хасид Гавриэль Бидани признан виновным в домогательствах к военнослужащей Цахаля.</source><tokens><token text="В" id="597708"><tfr rev_id="1430778" t="В"><v><l id="37409" t="в"><g v="PREP"></g></l></v></tfr></token><token text="США" id="597709"><tfr rev_id="3811375" t="США"><v><l id="341371" t="сша"><g v="NOUN"></g><g v="inan"></g><g v="GNdr"></g><g v="Pltm"></g><g v="Fixd"></g><g v="Abbr"></g><g v="Geox"></g><g v="plur"></g><g v="loct"></g></l></v></tfr></token><token text="израильский" id="597710"><tfr rev_id="1430780" t="израильский"><v><l id="120474" t="израильский"><g v="ADJF"></g><g v="masc"></g><g v="sing"></g><g v="nomn"></g></l></v><v><l id="120474" t="израильский"><g v="ADJF"></g><g v="inan"></g><g v="masc"></g><g v="sing"></g><g v="accs"></g></l></v></tfr></token><token text="раввин" id="597711"><tfr rev_id="1430781" t="раввин"><v><l id="290552" t="раввин"><g v="NOUN"></g><g v="anim"></g><g v="masc"></g><g v="sing"></g><g v="nomn"></g></l></v></tfr></token><token text="-" id="597712"><tfr rev_id="1430782" t="-"><v><l id="0" t="-"><g v="PNCT"></g></l></v></tfr></token><token text="хасид" id="597713"><tfr rev_id="1430783" t="хасид"><v><l id="369610" t="хасид"><g v="NOUN"></g><g v="anim"></g><g v="masc"></g><g v="sing"></g><g v="nomn"></g></l></v></tfr></token><token text="Гавриэль" id="597714"><tfr rev_id="4334103" t="Гавриэль"><v><l id="0" t="Гавриэль"><g v="UNKN"></g></l></v></tfr></token><token text="Бидани" id="597715"><tfr rev_id="1430785" t="Бидани"><v><l id="0" t="бидани"><g v="UNKN"></g></l></v></tfr></token><token text="признан" id="597716"><tfr rev_id="1430786" t="признан"><v><l id="270641" t="признан"><g v="ADJS"></g><g v="Qual"></g><g v="masc"></g><g v="sing"></g></l></v><v><l id="270651" t="признан"><g v="PRTS"></g><g v="perf"></g><g v="past"></g><g v="pssv"></g><g v="masc"></g><g v="sing"></g></l></v></tfr></token><token text="виновным" id="597717"><tfr rev_id="4374136" t="виновным"><v><l id="45245" t="виновный"><g v="ADJF"></g><g v="Qual"></g><g v="masc"></g><g v="sing"></g><g v="ablt"></g></l></v></tfr></token><token text="в" id="597718"><tfr rev_id="1430788" t="в"><v><l id="37409" t="в"><g v="PREP"></g></l></v></tfr></token><token text="домогательствах" id="597719"><tfr rev_id="1430789" t="домогательствах"><v><l id="88417" t="домогательство"><g v="NOUN"></g><g v="inan"></g><g v="neut"></g><g v="plur"></g><g v="loct"></g></l></v></tfr></token><token text="к" id="597720"><tfr rev_id="1430790" t="к"><v><l id="127460" t="к"><g v="PREP"></g></l></v></tfr></token><token text="военнослужащей" id="597721"><tfr rev_id="4308183" t="военнослужащей"><v><l id="48614" t="военнослужащий"><g v="ADJF"></g><g v="femn"></g><g v="sing"></g><g v="datv"></g></l></v></tfr></token><token text="Цахаля" id="597722"><tfr rev_id="1430792" t="Цахаля"><v><l id="0" t="цахаля"><g v="UNKN"></g></l></v></tfr></token><token text="." id="597723"><tfr rev_id="1430793" t="."><v><l id="0" t="."><g v="PNCT"></g></l></v></tfr></token></tokens></sentence><sentence id="33369"><source>По заявлению суда присяжных, вина рабби Гавриэля у них не вызывает сомнения.</source><tokens><token text="По" id="597724"><tfr rev_id="1430794" t="По"><v><l id="241240" t="по"><g v="PREP"></g></l></v></tfr></token><token text="заявлению" id="597725"><tfr rev_id="1430795" t="заявлению"><v><l id="114311" t="заявление"><g v="NOUN"></g><g v="inan"></g><g v="neut"></g><g v="sing"></g><g v="datv"></g></l></v></tfr></token><token text="суда" id="597726"><tfr rev_id="3494800" t="суда"><v><l id="338918" t="суд"><g v="NOUN"></g><g v="inan"></g><g v="masc"></g><g v="sing"></g><g v="gent"></g></l></v></tfr></token><token text="присяжных" id="597727"><tfr rev_id="4472932" t="присяжных"><v><l id="275171" t="присяжный"><g v="NOUN"></g><g v="anim"></g><g v="masc"></g><g v="plur"></g><g v="gent"></g></l></v></tfr></token><token text="," id="597728"><tfr rev_id="1430798" t=","><v><l id="0" t=","><g v="PNCT"></g></l></v></tfr></token><token text="вина" id="597729"><tfr rev_id="3714865" t="вина"><v><l id="45136" t="вина"><g v="NOUN"></g><g v="inan"></g><g v="femn"></g><g v="sing"></g><g v="nomn"></g></l></v></tfr></token><token text="рабби" id="597730"><tfr rev_id="1430800" t="рабби"><v><l id="0" t="рабби"><g v="UNKN"></g></l></v></tfr></token><token text="Гавриэля" id="597731"><tfr rev_id="1430801" t="Гавриэля"><v><l id="0" t="гавриэля"><g v="UNKN"></g></l></v></tfr></token><token text="у" id="597732"><tfr rev_id="1430802" t="у"><v><l id="352818" t="у"><g v="PREP"></g></l></v><v><l id="352819" t="у"><g v="INTJ"></g></l></v></tfr></token><token text="них" id="597733"><tfr rev_id="3697672" t="них"><v><l id="206619" t="они"><g v="NPRO"></g><g v="3per"></g><g v="Anph"></g><g v="plur"></g><g v="gent"></g><g v="Af-p"></g></l></v></tfr></token><token text="не" id="597734"><tfr rev_id="1430804" t="не"><v><l id="178876" t="не"><g v="PRCL"></g></l></v></tfr></token><token text="вызывает" id="597735"><tfr rev_id="1430805" t="вызывает"><v><l id="57671" t="вызываю"><g v="VERB"></g><g v="impf"></g><g v="tran"></g><g v="sing"></g><g v="3per"></g><g v="pres"></g><g v="indc"></g></l></v></tfr></token><token text="сомнения" id="597736"><tfr rev_id="3435104" t="сомнения"><v><l id="329384" t="сомнение"><g v="NOUN"></g><g v="inan"></g><g v="neut"></g><g v="sing"></g><g v="gent"></g></l></v></tfr></token><token text="." id="597737"><tfr rev_id="1430807" t="."><v><l id="0" t="."><g v="PNCT"></g></l></v></tfr></token></tokens></sentence></paragraph><paragraph id="10653"><sentence id="33370"><source>Инцидент произошел 27 марта, на борту самолета компании «Дельта», выполняющего рейс Тель-Авив — Нью-Йорк.</source><tokens><token text="Инцидент" id="597738"><tfr rev_id="1430808" t="Инцидент"><v><l id="123629" t="инцидент"><g v="NOUN"></g><g v="inan"></g><g v="masc"></g><g v="sing"></g><g v="nomn"></g></l></v><v><l id="123629" t="инцидент"><g v="NOUN"></g><g v="inan"></g><g v="masc"></g><g v="sing"></g><g v="accs"></g></l></v></tfr></token><token text="произошел" id="597739"><tfr rev_id="1430809" t="произошел"><v><l id="280162" t="произошёл"><g v="VERB"></g><g v="perf"></g><g v="intr"></g><g v="masc"></g><g v="sing"></g><g v="past"></g><g v="indc"></g></l></v></tfr></token><token text="27" id="597740"><tfr rev_id="2461559" t="27"><v><l id="0" t="27"><g v="NUMB"></g></l></v></tfr></token><token text="марта" id="597741"><tfr rev_id="4257749" t="марта"><v><l id="155465" t="март"><g v="NOUN"></g><g v="inan"></g><g v="masc"></g><g v="sing"></g><g v="gent"></g></l></v></tfr></token><token text="," id="597742"><tfr rev_id="1430812" t=","><v><l id="0" t=","><g v="PNCT"></g></l></v></tfr></token><token text="на" id="597743"><tfr rev_id="3397949" t="на"><v><l id="166264" t="на"><g v="PREP"></g></l></v></tfr></token><token text="борту" id="597744"><tfr rev_id="2964572" t="борту"><v><l id="33039" t="борт"><g v="NOUN"></g><g v="inan"></g><g v="masc"></g><g v="sing"></g><g v="loc2"></g></l></v></tfr></token><token text="самолета" id="597745"><tfr rev_id="1430815" t="самолета"><v><l id="312513" t="самолёт"><g v="NOUN"></g><g v="inan"></g><g v="masc"></g><g v="sing"></g><g v="gent"></g></l></v></tfr></token><token text="компании" id="597746"><tfr rev_id="4179462" t="компании"><v><l id="137146" t="компания"><g v="NOUN"></g><g v="inan"></g><g v="femn"></g><g v="sing"></g><g v="gent"></g></l></v></tfr></token><token text="«" id="597747"><tfr rev_id="2443465" t="«"><v><l id="0" t="«"><g v="PNCT"></g></l></v></tfr></token><token text="Дельта" id="597748"><tfr rev_id="1430818" t="Дельта"><v><l id="80678" t="дельта"><g v="NOUN"></g><g v="inan"></g><g v="femn"></g><g v="sing"></g><g v="nomn"></g></l></v></tfr></token><token text="»" id="597749"><tfr rev_id="2443466" t="»"><v><l id="0" t="»"><g v="PNCT"></g></l></v></tfr></token><token text="," id="597750"><tfr rev_id="1430820" t=","><v><l id="0" t=","><g v="PNCT"></g></l></v></tfr></token><token text="выполняющего" id="597751"><tfr rev_id="3443156" t="выполняющего"><v><l id="60638" t="выполняющий"><g v="PRTF"></g><g v="impf"></g><g v="tran"></g><g v="pres"></g><g v="actv"></g><g v="masc"></g><g v="sing"></g><g v="gent"></g></l></v><v><l id="60638" t="выполняющий"><g v="PRTF"></g><g v="impf"></g><g v="tran"></g><g v="pres"></g><g v="actv"></g><g v="anim"></g><g v="masc"></g><g v="sing"></g><g v="accs"></g></l></v></tfr></token><token text="рейс" id="597752"><tfr rev_id="3949319" t="рейс"><v><l id="305589" t="рейс"><g v="NOUN"></g><g v="inan"></g><g v="masc"></g><g v="sing"></g><g v="accs"></g></l></v></tfr></token><token text="Тель-Авив" id="597753"><tfr rev_id="1430823" t="Тель-Авив"><v><l id="344422" t="тель-авив"><g v="NOUN"></g><g v="inan"></g><g v="masc"></g><g v="Geox"></g><g v="sing"></g><g v="nomn"></g></l></v><v><l id="344422" t="тель-авив"><g v="NOUN"></g><g v="inan"></g><g v="masc"></g><g v="Geox"></g><g v="sing"></g><g v="accs"></g></l></v></tfr></token><token text="—" id="597754"><tfr rev_id="2443467" t="—"><v><l id="0" t="—"><g v="PNCT"></g></l></v></tfr></token><token text="Нью-Йорк" id="597755"><tfr rev_id="4101067" t="Нью-Йорк"><v><l id="192831" t="нью-йорк"><g v="NOUN"></g><g v="inan"></g><g v="masc"></g><g v="Geox"></g><g v="sing"></g><g v="nomn"></g></l></v></tfr></token><token text="." id="597756"><tfr rev_id="1430826" t="."><v><l id="0" t="."><g v="PNCT"></g></l></v></tfr></token></tokens></sentence><sentence id="33371"><source>Гавриэлю Бидани — сорокавосьмилетнему раввину, отцу одиннадцати детей, досталось место рядом с тридцатидвухлетней военнослужащей ЦАХАЛа.</source><tokens><token text="Гавриэлю" id="597757"><tfr rev_id="1430827" t="Гавриэлю"><v><l id="0" t="гавриэлю"><g v="UNKN"></g></l></v></tfr></token><token text="Бидани" id="597758"><tfr rev_id="1430828" t="Бидани"><v><l id="0" t="бидани"><g v="UNKN"></g></l></v></tfr></token><token text="—" id="597759"><tfr rev_id="2443468" t="—"><v><l id="0" t="—"><g v="PNCT"></g></l></v></tfr></token><token text="сорокавосьмилетнему" id="597760"><tfr rev_id="1430830" t="сорокавосьмилетнему"><v><l id="0" t="сорокавосьмилетнему"><g v="UNKN"></g></l></v></tfr></token><token text="раввину" id="597761"><tfr rev_id="1430831" t="раввину"><v><l id="290552" t="раввин"><g v="NOUN"></g><g v="anim"></g><g v="masc"></g><g v="sing"></g><g v="datv"></g></l></v></tfr></token><token text="," id="597762"><tfr rev_id="1430832" t=","><v><l id="0" t=","><g v="PNCT"></g></l></v></tfr></token><token text="отцу" id="597763"><tfr rev_id="1430833" t="отцу"><v><l id="213627" t="отец"><g v="NOUN"></g><g v="anim"></g><g v="masc"></g><g v="sing"></g><g v="datv"></g></l></v></tfr></token><token text="одиннадцати" id="597764"><tfr rev_id="4338137" t="одиннадцати"><v><l id="203338" t="одиннадцать"><g v="NUMR"></g><g v="gent"></g></l></v></tfr></token><token text="детей" id="597765"><tfr rev_id="3823105" t="детей"><v><l id="304488" t="ребёнок"><g v="NOUN"></g><g v="anim"></g><g v="masc"></g><g v="plur"></g><g v="gent"></g></l></v></tfr></token><token text="," id="597766"><tfr rev_id="1430836" t=","><v><l id="0" t=","><g v="PNCT"></g></l></v></tfr></token><token text="досталось" id="597767"><tfr rev_id="1430837" t="досталось"><v><l id="90486" t="достался"><g v="VERB"></g><g v="perf"></g><g v="intr"></g><g v="neut"></g><g v="sing"></g><g v="past"></g><g v="indc"></g></l></v></tfr></token><token text="место" id="597768"><tfr rev_id="1430838" t="место"><v><l id="158822" t="место"><g v="NOUN"></g><g v="inan"></g><g v="neut"></g><g v="sing"></g><g v="nomn"></g></l></v><v><l id="158822" t="место"><g v="NOUN"></g><g v="inan"></g><g v="neut"></g><g v="sing"></g><g v="accs"></g></l></v></tfr></token><token text="рядом" id="597769"><tfr rev_id="4264534" t="рядом"><v><l id="311076" t="рядом"><g v="ADVB"></g><g v="Prdx"></g></l></v></tfr></token><token text="с" id="597770"><tfr rev_id="1430840" t="с"><v><l id="311151" t="с"><g v="PREP"></g></l></v></tfr></token><token text="тридцатидвухлетней" id="597771"><tfr rev_id="4159583" t="тридцатидвухлетней"><v><l id="350044" t="тридцатидвухлетний"><g v="ADJF"></g><g v="femn"></g><g v="sing"></g><g v="ablt"></g></l></v></tfr></token><token text="военнослужащей" id="597772"><tfr rev_id="2369730" t="военнослужащей"><v><l id="48614" t="военнослужащий"><g v="ADJF"></g><g v="femn"></g><g v="sing"></g><g v="ablt"></g></l></v></tfr></token><token text="ЦАХАЛа" id="597773"><tfr rev_id="1430843" t="ЦАХАЛа"><v><l id="0" t="цахала"><g v="UNKN"></g></l></v></tfr></token><token text="." id="597774"><tfr rev_id="1430844" t="."><v><l id="0" t="."><g v="PNCT"></g></l></v></tfr></token></tokens></sentence><sentence id="33372"><source>По версии обвинителей, которую и принял суд, когда во время полёта женщина задремала, Бидани начал её домогаться.</source><tokens><token text="По" id="597775"><tfr rev_id="1430845" t="По"><v><l id="241240" t="по"><g v="PREP"></g></l></v></tfr></token><token text="версии" id="597776"><tfr rev_id="3508777" t="версии"><v><l id="41566" t="версия"><g v="NOUN"></g><g v="inan"></g><g v="femn"></g><g v="sing"></g><g v="gent"></g></l></v><v><l id="41566" t="версия"><g v="NOUN"></g><g v="inan"></g><g v="femn"></g><g v="sing"></g><g v="datv"></g></l></v><v><l id="41566" t="версия"><g v="NOUN"></g><g v="inan"></g><g v="femn"></g><g v="sing"></g><g v="loct"></g></l></v></tfr></token><token text="обвинителей" id="597777"><tfr rev_id="3713417" t="обвинителей"><v><l id="193411" t="обвинитель"><g v="NOUN"></g><g v="anim"></g><g v="masc"></g><g v="plur"></g><g v="gent"></g></l></v></tfr></token><token text="," id="597778"><tfr rev_id="1430848" t=","><v><l id="0" t=","><g v="PNCT"></g></l></v></tfr></token><token text="которую" id="597779"><tfr rev_id="3641063" t="которую"><v><l id="141203" t="который"><g v="ADJF"></g><g v="Apro"></g><g v="Subx"></g><g v="Anph"></g><g v="femn"></g><g v="sing"></g><g v="accs"></g></l></v></tfr></token><token text="и" id="597780"><tfr rev_id="3495386" t="и"><v><l id="116949" t="и"><g v="CONJ"></g></l></v></tfr></token><token text="принял" id="597781"><tfr rev_id="1430851" t="принял"><v><l id="272700" t="принял"><g v="VERB"></g><g v="perf"></g><g v="tran"></g><g v="masc"></g><g v="sing"></g><g v="past"></g><g v="indc"></g></l></v></tfr></token><token text="суд" id="597782"><tfr rev_id="3710575" t="суд"><v><l id="338918" t="суд"><g v="NOUN"></g><g v="inan"></g><g v="masc"></g><g v="sing"></g><g v="nomn"></g></l></v></tfr></token><token text="," id="597783"><tfr rev_id="1430853" t=","><v><l id="0" t=","><g v="PNCT"></g></l></v></tfr></token><token text="когда" id="597784"><tfr rev_id="1430854" t="когда"><v><l id="135239" t="когда"><g v="CONJ"></g></l></v><v><l id="135240" t="когда"><g v="ADVB"></g><g v="Ques"></g></l></v></tfr></token><token text="во" id="597785"><tfr rev_id="2920234" t="во"><v><l id="37409" t="в"><g v="PREP"></g><g v="Vpre"></g></l></v></tfr></token><token text="время" id="597786"><tfr rev_id="4095658" t="время"><v><l id="53149" t="время"><g v="NOUN"></g><g v="inan"></g><g v="neut"></g><g v="sing"></g><g v="accs"></g></l></v></tfr></token><token text="полёта" id="597787"><tfr rev_id="1430857" t="полёта"><v><l id="255108" t="полёт"><g v="NOUN"></g><g v="inan"></g><g v="masc"></g><g v="sing"></g><g v="gent"></g></l></v></tfr></token><token text="женщина" id="597788"><tfr rev_id="1430858" t="женщина"><v><l id="96749" t="женщина"><g v="NOUN"></g><g v="anim"></g><g v="femn"></g><g v="sing"></g><g v="nomn"></g></l></v></tfr></token><token text="задремала" id="597789"><tfr rev_id="1430859" t="задремала"><v><l id="101782" t="задремал"><g v="VERB"></g><g v="perf"></g><g v="intr"></g><g v="femn"></g><g v="sing"></g><g v="past"></g><g v="indc"></g></l></v></tfr></token><token text="," id="597790"><tfr rev_id="1430860" t=","><v><l id="0" t=","><g v="PNCT"></g></l></v></tfr></token><token text="Бидани" id="597791"><tfr rev_id="1430861" t="Бидани"><v><l id="0" t="бидани"><g v="UNKN"></g></l></v></tfr></token><token text="начал" id="597792"><tfr rev_id="1715686" t="начал"><v><l id="178224" t="начал"><g v="VERB"></g><g v="perf"></g><g v="tran"></g><g v="masc"></g><g v="sing"></g><g v="past"></g><g v="indc"></g></l></v></tfr></token><token text="её" id="597793"><tfr rev_id="4572566" t="её"><v><l id="206544" t="она"><g v="NPRO"></g><g v="femn"></g><g v="3per"></g><g v="Anph"></g><g v="sing"></g><g v="gent"></g></l></v><v><l id="206544" t="она"><g v="NPRO"></g><g v="femn"></g><g v="3per"></g><g v="Anph"></g><g v="sing"></g><g v="accs"></g></l></v></tfr></token><token text="домогаться" id="597794"><tfr rev_id="1430864" t="домогаться"><v><l id="88419" t="домогаться"><g v="INFN"></g><g v="impf"></g><g v="intr"></g></l></v></tfr></token><token text="." id="597795"><tfr rev_id="1430865" t="."><v><l id="0" t="."><g v="PNCT"></g></l></v></tfr></token></tokens></sentence></paragraph><paragraph id="10654"><sentence id="33373"><source>По заявлению потерпевшей, она проснулась от прикосновений в области паха и груди, в ответ раввин притворился спящим.</source><tokens><token text="По" id="597796"><tfr rev_id="1430866" t="По"><v><l id="241240" t="по"><g v="PREP"></g></l></v></tfr></token><token text="заявлению" id="597797"><tfr rev_id="1430867" t="заявлению"><v><l id="114311" t="заявление"><g v="NOUN"></g><g v="inan"></g><g v="neut"></g><g v="sing"></g><g v="datv"></g></l></v></tfr></token><token text="потерпевшей" id="597798"><tfr rev_id="1430868" t="потерпевшей"><v><l id="263136" t="потерпевший"><g v="ADJF"></g><g v="femn"></g><g v="sing"></g><g v="gent"></g></l></v><v><l id="263136" t="потерпевший"><g v="ADJF"></g><g v="femn"></g><g v="sing"></g><g v="datv"></g></l></v><v><l id="263136" t="потерпевший"><g v="ADJF"></g><g v="femn"></g><g v="sing"></g><g v="ablt"></g></l></v><v><l id="263136" t="потерпевший"><g v="ADJF"></g><g v="femn"></g><g v="sing"></g><g v="loct"></g></l></v><v><l id="263140" t="потерпевший"><g v="PRTF"></g><g v="perf"></g><g v="tran"></g><g v="past"></g><g v="actv"></g><g v="femn"></g><g v="sing"></g><g v="gent"></g></l></v><v><l id="263140" t="потерпевший"><g v="PRTF"></g><g v="perf"></g><g v="tran"></g><g v="past"></g><g v="actv"></g><g v="femn"></g><g v="sing"></g><g v="datv"></g></l></v><v><l id="263140" t="потерпевший"><g v="PRTF"></g><g v="perf"></g><g v="tran"></g><g v="past"></g><g v="actv"></g><g v="femn"></g><g v="sing"></g><g v="ablt"></g></l></v><v><l id="263140" t="потерпевший"><g v="PRTF"></g><g v="perf"></g><g v="tran"></g><g v="past"></g><g v="actv"></g><g v="femn"></g><g v="sing"></g><g v="loct"></g></l></v></tfr></token><token text="," id="597799"><tfr rev_id="1430869" t=","><v><l id="0" t=","><g v="PNCT"></g></l></v></tfr></token><token text="она" id="597800"><tfr rev_id="3586452" t="она"><v><l id="206544" t="она"><g v="NPRO"></g><g v="femn"></g><g v="3per"></g><g v="Anph"></g><g v="sing"></g><g v="nomn"></g></l></v></tfr></token><token text="проснулась" id="597801"><tfr rev_id="1430871" t="проснулась"><v><l id="284691" t="проснулся"><g v="VERB"></g><g v="perf"></g><g v="intr"></g><g v="femn"></g><g v="sing"></g><g v="past"></g><g v="indc"></g></l></v></tfr></token><token text="от" id="597802"><tfr rev_id="1430872" t="от"><v><l id="211644" t="от"><g v="PREP"></g></l></v></tfr></token><token text="прикосновений" id="597803"><tfr rev_id="1430873" t="прикосновений"><v><l id="271238" t="прикосновение"><g v="NOUN"></g><g v="inan"></g><g v="neut"></g><g v="plur"></g><g v="gent"></g></l></v></tfr></token><token text="в" id="597804"><tfr rev_id="1430874" t="в"><v><l id="37409" t="в"><g v="PREP"></g></l></v></tfr></token><token text="области" id="597805"><tfr rev_id="3541727" t="области"><v><l id="196229" t="область"><g v="NOUN"></g><g v="inan"></g><g v="femn"></g><g v="sing"></g><g v="loct"></g></l></v></tfr></token><token text="паха" id="597806"><tfr rev_id="1430876" t="паха"><v><l id="225315" t="пах"><g v="NOUN"></g><g v="inan"></g><g v="masc"></g><g v="Sgtm"></g><g v="sing"></g><g v="gent"></g></l></v></tfr></token><token text="и" id="597807"><tfr rev_id="3557566" t="и"><v><l id="116949" t="и"><g v="CONJ"></g></l></v></tfr></token><token text="груди" id="597808"><tfr rev_id="4390992" t="груди"><v><l id="75930" t="грудь"><g v="NOUN"></g><g v="inan"></g><g v="femn"></g><g v="sing"></g><g v="gent"></g></l></v></tfr></token><token text="," id="597809"><tfr rev_id="1430879" t=","><v><l id="0" t=","><g v="PNCT"></g></l></v></tfr></token><token text="в" id="597810"><tfr rev_id="1430880" t="в"><v><l id="37409" t="в"><g v="PREP"></g></l></v></tfr></token><token text="ответ" id="597811"><tfr rev_id="1430881" t="ответ"><v><l id="212408" t="ответ"><g v="NOUN"></g><g v="inan"></g><g v="masc"></g><g v="sing"></g><g v="nomn"></g></l></v><v><l id="212408" t="ответ"><g v="NOUN"></g><g v="inan"></g><g v="masc"></g><g v="sing"></g><g v="accs"></g></l></v></tfr></token><token text="раввин" id="597812"><tfr rev_id="1430882" t="раввин"><v><l id="290552" t="раввин"><g v="NOUN"></g><g v="anim"></g><g v="masc"></g><g v="sing"></g><g v="nomn"></g></l></v></tfr></token><token text="притворился" id="597813"><tfr rev_id="1430883" t="притворился"><v><l id="275286" t="притворился"><g v="VERB"></g><g v="perf"></g><g v="intr"></g><g v="masc"></g><g v="sing"></g><g v="past"></g><g v="indc"></g></l></v></tfr></token><token text="спящим" id="597814"><tfr rev_id="4360194" t="спящим"><v><l id="331613" t="спящий"><g v="PRTF"></g><g v="impf"></g><g v="intr"></g><g v="pres"></g><g v="actv"></g><g v="Adjx"></g><g v="masc"></g><g v="sing"></g><g v="ablt"></g></l></v></tfr></token><token text="." id="597815"><tfr rev_id="1430885" t="."><v><l id="0" t="."><g v="PNCT"></g></l></v></tfr></token></tokens></sentence></paragraph><paragraph id="10655"><sentence id="33374"><source>Адвокат раввина настаивал на том, что всё произошло произвольно во время сна.</source><tokens><token text="Адвокат" id="597816"><tfr rev_id="1430886" t="Адвокат"><v><l id="4650" t="адвокат"><g v="NOUN"></g><g v="anim"></g><g v="masc"></g><g v="sing"></g><g v="nomn"></g></l></v></tfr></token><token text="раввина" id="597817"><tfr rev_id="3676016" t="раввина"><v><l id="290552" t="раввин"><g v="NOUN"></g><g v="anim"></g><g v="masc"></g><g v="sing"></g><g v="gent"></g></l></v></tfr></token><token text="настаивал" id="597818"><tfr rev_id="1430888" t="настаивал"><v><l id="175966" t="настаиваю"><g v="VERB"></g><g v="impf"></g><g v="tran"></g><g v="masc"></g><g v="sing"></g><g v="past"></g><g v="indc"></g></l></v><v><l id="175973" t="настаиваю"><g v="VERB"></g><g v="impf"></g><g v="intr"></g><g v="masc"></g><g v="sing"></g><g v="past"></g><g v="indc"></g></l></v></tfr></token><token text="на" id="597819"><tfr rev_id="3343564" t="на"><v><l id="166264" t="на"><g v="PREP"></g></l></v></tfr></token><token text="том" id="597820"><tfr rev_id="4287000" t="том"><v><l id="348430" t="тот"><g v="ADJF"></g><g v="Subx"></g><g v="Apro"></g><g v="Anph"></g><g v="masc"></g><g v="sing"></g><g v="loct"></g></l></v><v><l id="348430" t="тот"><g v="ADJF"></g><g v="Subx"></g><g v="Apro"></g><g v="Anph"></g><g v="neut"></g><g v="sing"></g><g v="loct"></g></l></v></tfr></token><token text="," id="597821"><tfr rev_id="1430891" t=","><v><l id="0" t=","><g v="PNCT"></g></l></v></tfr></token><token text="что" id="597822"><tfr rev_id="4204077" t="что"><v><l id="377004" t="что"><g v="CONJ"></g></l></v></tfr></token><token text="всё" id="597823"><tfr rev_id="4504773" t="всё"><v><l id="42156" t="весь"><g v="ADJF"></g><g v="Subx"></g><g v="Apro"></g><g v="neut"></g><g v="sing"></g><g v="accs"></g></l></v><v><l id="42156" t="весь"><g v="ADJF"></g><g v="Subx"></g><g v="Apro"></g><g v="neut"></g><g v="sing"></g><g v="nomn"></g></l></v></tfr></token><token text="произошло" id="597824"><tfr rev_id="1430894" t="произошло"><v><l id="280162" t="произошёл"><g v="VERB"></g><g v="perf"></g><g v="intr"></g><g v="neut"></g><g v="sing"></g><g v="past"></g><g v="indc"></g></l></v></tfr></token><token text="произвольно" id="597825"><tfr rev_id="1430895" t="произвольно"><v><l id="280130" t="произвольно"><g v="ADVB"></g></l></v><v><l id="280133" t="произволен"><g v="ADJS"></g><g v="Qual"></g><g v="neut"></g><g v="sing"></g></l></v></tfr></token><token text="во" id="597826"><tfr rev_id="2920235" t="во"><v><l id="37409" t="в"><g v="PREP"></g><g v="Vpre"></g></l></v></tfr></token><token text="время" id="597827"><tfr rev_id="3689245" t="время"><v><l id="53149" t="время"><g v="NOUN"></g><g v="inan"></g><g v="neut"></g><g v="sing"></g><g v="accs"></g></l></v></tfr></token><token text="сна" id="597828"><tfr rev_id="1430898" t="сна"><v><l id="329403" t="сон"><g v="NOUN"></g><g v="inan"></g><g v="masc"></g><g v="sing"></g><g v="gent"></g></l></v></tfr></token><token text="." id="597829"><tfr rev_id="1430899" t="."><v><l id="0" t="."><g v="PNCT"></g></l></v></tfr></token></tokens></sentence><sentence id="33375"><source>По мнению защиты, представить себе, что раввин домогается капитана Армии обороны Израиля, просто абсурдно.</source><tokens><token text="По" id="597830"><tfr rev_id="1430900" t="По"><v><l id="241240" t="по"><g v="PREP"></g></l></v></tfr></token><token text="мнению" id="597831"><tfr rev_id="1430901" t="мнению"><v><l id="161395" t="мнение"><g v="NOUN"></g><g v="inan"></g><g v="neut"></g><g v="sing"></g><g v="datv"></g></l></v></tfr></token><token text="защиты" id="597832"><tfr rev_id="3432592" t="защиты"><v><l id="114235" t="защита"><g v="NOUN"></g><g v="inan"></g><g v="femn"></g><g v="sing"></g><g v="gent"></g></l></v></tfr></token><token text="," id="597833"><tfr rev_id="1430903" t=","><v><l id="0" t=","><g v="PNCT"></g></l></v></tfr></token><token text="представить" id="597834"><tfr rev_id="1430904" t="представить"><v><l id="267100" t="представить"><g v="INFN"></g><g v="perf"></g><g v="tran"></g></l></v></tfr></token><token text="себе" id="597835"><tfr rev_id="4398046" t="себе"><v><l id="317456" t="себя"><g v="NPRO"></g><g v="Anph"></g><g v="sing"></g><g v="datv"></g></l></v></tfr></token><token text="," id="597836"><tfr rev_id="1430906" t=","><v><l id="0" t=","><g v="PNCT"></g></l></v></tfr></token><token text="что" id="597837"><tfr rev_id="3196778" t="что"><v><l id="377004" t="что"><g v="CONJ"></g></l></v><v><l id="377005" t="что"><g v="NPRO"></g><g v="neut"></g><g v="sing"></g><g v="nomn"></g></l></v><v><l id="377005" t="что"><g v="NPRO"></g><g v="neut"></g><g v="sing"></g><g v="accs"></g></l></v><v><l id="377006" t="что"><g v="ADVB"></g><g v="Ques"></g></l></v><v><l id="388695" t="что"><g v="PRCL"></g></l></v></tfr></token><token text="раввин" id="597838"><tfr rev_id="1430908" t="раввин"><v><l id="290552" t="раввин"><g v="NOUN"></g><g v="anim"></g><g v="masc"></g><g v="sing"></g><g v="nomn"></g></l></v></tfr></token><token text="домогается" id="597839"><tfr rev_id="1430909" t="домогается"><v><l id="88418" t="домогаюсь"><g v="VERB"></g><g v="impf"></g><g v="intr"></g><g v="sing"></g><g v="3per"></g><g v="pres"></g><g v="indc"></g></l></v></tfr></token><token text="капитана" id="597840"><tfr rev_id="4215484" t="капитана"><v><l id="129729" t="капитан"><g v="NOUN"></g><g v="anim"></g><g v="masc"></g><g v="sing"></g><g v="gent"></g></l></v></tfr></token><token text="Армии" id="597841"><tfr rev_id="4178167" t="Армии"><v><l id="16905" t="армия"><g v="NOUN"></g><g v="inan"></g><g v="femn"></g><g v="sing"></g><g v="gent"></g></l></v></tfr></token><token text="обороны" id="597842"><tfr rev_id="3451409" t="обороны"><v><l id="198479" t="оборона"><g v="NOUN"></g><g v="inan"></g><g v="femn"></g><g v="sing"></g><g v="gent"></g></l></v></tfr></token><token text="Израиля" id="597843"><tfr rev_id="4218259" t="Израиля"><v><l id="120470" t="израиль"><g v="NOUN"></g><g v="inan"></g><g v="masc"></g><g v="Sgtm"></g><g v="Geox"></g><g v="sing"></g><g v="gent"></g></l></v></tfr></token><token text="," id="597844"><tfr rev_id="1430914" t=","><v><l id="0" t=","><g v="PNCT"></g></l></v></tfr></token><token text="просто" id="597845"><tfr rev_id="1430915" t="просто"><v><l id="285025" t="просто"><g v="ADVB"></g><g v="Prdx"></g></l></v><v><l id="285026" t="просто"><g v="PRCL"></g></l></v><v><l id="285050" t="прост"><g v="ADJS"></g><g v="Qual"></g><g v="neut"></g><g v="sing"></g></l></v></tfr></token><token text="абсурдно" id="597846"><tfr rev_id="1430916" t="абсурдно"><v><l id="1928" t="абсурдно"><g v="ADVB"></g></l></v><v><l id="1931" t="абсурден"><g v="ADJS"></g><g v="Qual"></g><g v="neut"></g><g v="sing"></g></l></v></tfr></token><token text="." id="597847"><tfr rev_id="1430917" t="."><v><l id="0" t="."><g v="PNCT"></g></l></v></tfr></token></tokens></sentence><sentence id="33376"><source>Адвокат Сол Биненфилд отметил, что в случае домогательств хорошо владеющая навыками, полученными в армии, женщина могла бы дать отпор наглому пассажиру.</source><tokens><token text="Адвокат" id="597848"><tfr rev_id="1430918" t="Адвокат"><v><l id="4650" t="адвокат"><g v="NOUN"></g><g v="anim"></g><g v="masc"></g><g v="sing"></g><g v="nomn"></g></l></v></tfr></token><token text="Сол" id="597849"><tfr rev_id="1430919" t="Сол"><v><l id="0" t="сол"><g v="UNKN"></g></l></v></tfr></token><token text="Биненфилд" id="597850"><tfr rev_id="1430920" t="Биненфилд"><v><l id="0" t="биненфилд"><g v="UNKN"></g></l></v></tfr></token><token text="отметил" id="597851"><tfr rev_id="1430921" t="отметил"><v><l id="215584" t="отметил"><g v="VERB"></g><g v="perf"></g><g v="tran"></g><g v="masc"></g><g v="sing"></g><g v="past"></g><g v="indc"></g></l></v></tfr></token><token text="," id="597852"><tfr rev_id="1430922" t=","><v><l id="0" t=","><g v="PNCT"></g></l></v></tfr></token><token text="что" id="597853"><tfr rev_id="3196779" t="что"><v><l id="377004" t="что"><g v="CONJ"></g></l></v><v><l id="377005" t="что"><g v="NPRO"></g><g v="neut"></g><g v="sing"></g><g v="nomn"></g></l></v><v><l id="377005" t="что"><g v="NPRO"></g><g v="neut"></g><g v="sing"></g><g v="accs"></g></l></v><v><l id="377006" t="что"><g v="ADVB"></g><g v="Ques"></g></l></v><v><l id="388695" t="что"><g v="PRCL"></g></l></v></tfr></token><token text="в" id="597854"><tfr rev_id="1430924" t="в"><v><l id="37409" t="в"><g v="PREP"></g></l></v></tfr></token><token text="случае" id="597855"><tfr rev_id="1430925" t="случае"><v><l id="325472" t="случай"><g v="NOUN"></g><g v="inan"></g><g v="masc"></g><g v="sing"></g><g v="loct"></g></l></v></tfr></token><token text="домогательств" id="597856"><tfr rev_id="1430926" t="домогательств"><v><l id="88417" t="домогательство"><g v="NOUN"></g><g v="inan"></g><g v="neut"></g><g v="plur"></g><g v="gent"></g></l></v></tfr></token><token text="хорошо" id="597857"><tfr rev_id="1430927" t="хорошо"><v><l id="371669" t="хорош"><g v="ADJS"></g><g v="Qual"></g><g v="neut"></g><g v="sing"></g></l></v><v><l id="371678" t="хорошо"><g v="ADVB"></g><g v="Prdx"></g></l></v><v><l id="371679" t="хорошо"><g v="PRCL"></g></l></v><v><l id="371680" t="хорошо"><g v="PRED"></g><g v="pres"></g></l></v></tfr></token><token text="владеющая" id="597858"><tfr rev_id="1430928" t="владеющая"><v><l id="46540" t="владеющий"><g v="PRTF"></g><g v="impf"></g><g v="intr"></g><g v="pres"></g><g v="actv"></g><g v="femn"></g><g v="sing"></g><g v="nomn"></g></l></v></tfr></token><token text="навыками" id="597859"><tfr rev_id="1430929" t="навыками"><v><l id="167537" t="навык"><g v="NOUN"></g><g v="inan"></g><g v="masc"></g><g v="plur"></g><g v="ablt"></g></l></v></tfr></token><token text="," id="597860"><tfr rev_id="1430930" t=","><v><l id="0" t=","><g v="PNCT"></g></l></v></tfr></token><token text="полученными" id="597861"><tfr rev_id="1430931" t="полученными"><v><l id="256962" t="полученный"><g v="PRTF"></g><g v="perf"></g><g v="tran"></g><g v="past"></g><g v="pssv"></g><g v="plur"></g><g v="ablt"></g></l></v></tfr></token><token text="в" id="597862"><tfr rev_id="1430932" t="в"><v><l id="37409" t="в"><g v="PREP"></g></l></v></tfr></token><token text="армии" id="597863"><tfr rev_id="4269821" t="армии"><v><l id="16905" t="армия"><g v="NOUN"></g><g v="inan"></g><g v="femn"></g><g v="sing"></g><g v="loct"></g></l></v></tfr></token><token text="," id="597864"><tfr rev_id="1430934" t=","><v><l id="0" t=","><g v="PNCT"></g></l></v></tfr></token><token text="женщина" id="597865"><tfr rev_id="1430935" t="женщина"><v><l id="96749" t="женщина"><g v="NOUN"></g><g v="anim"></g><g v="femn"></g><g v="sing"></g><g v="nomn"></g></l></v></tfr></token><token text="могла" id="597866"><tfr rev_id="1430936" t="могла"><v><l id="164485" t="могу"><g v="VERB"></g><g v="impf"></g><g v="intr"></g><g v="femn"></g><g v="sing"></g><g v="past"></g><g v="indc"></g></l></v></tfr></token><token text="бы" id="597867"><tfr rev_id="1430937" t="бы"><v><l id="36985" t="бы"><g v="PRCL"></g></l></v></tfr></token><token text="дать" id="597868"><tfr rev_id="1430938" t="дать"><v><l id="78547" t="дать"><g v="INFN"></g><g v="perf"></g><g v="tran"></g></l></v></tfr></token><token text="отпор" id="597869"><tfr rev_id="3301219" t="отпор"><v><l id="216893" t="отпор"><g v="NOUN"></g><g v="inan"></g><g v="masc"></g><g v="sing"></g><g v="accs"></g></l></v></tfr></token><token text="наглому" id="597870"><tfr rev_id="3431024" t="наглому"><v><l id="167822" t="наглый"><g v="ADJF"></g><g v="Qual"></g><g v="masc"></g><g v="sing"></g><g v="datv"></g></l></v></tfr></token><token text="пассажиру" id="597871"><tfr rev_id="1430941" t="пассажиру"><v><l id="224760" t="пассажир"><g v="NOUN"></g><g v="anim"></g><g v="masc"></g><g v="sing"></g><g v="datv"></g></l></v></tfr></token><token text="." id="597872"><tfr rev_id="1430942" t="."><v><l id="0" t="."><g v="PNCT"></g></l></v></tfr></token></tokens></sentence></paragraph><paragraph id="10656"><sentence id="33377"><source>Суд принял сторону обвинения, и теперь раввину грозит полугодовое тюремное заключение, окончательный приговор будет объявлен только на следующей неделе.</source><tokens><token text="Суд" id="597873"><tfr rev_id="4348532" t="Суд"><v><l id="338918" t="суд"><g v="NOUN"></g><g v="inan"></g><g v="masc"></g><g v="sing"></g><g v="nomn"></g></l></v></tfr></token><token text="принял" id="597874"><tfr rev_id="1430944" t="принял"><v><l id="272700" t="принял"><g v="VERB"></g><g v="perf"></g><g v="tran"></g><g v="masc"></g><g v="sing"></g><g v="past"></g><g v="indc"></g></l></v></tfr></token><token text="сторону" id="597875"><tfr rev_id="1430945" t="сторону"><v><l id="336894" t="сторона"><g v="NOUN"></g><g v="inan"></g><g v="femn"></g><g v="sing"></g><g v="accs"></g></l></v></tfr></token><token text="обвинения" id="597876"><tfr rev_id="3501800" t="обвинения"><v><l id="193410" t="обвинение"><g v="NOUN"></g><g v="inan"></g><g v="neut"></g><g v="sing"></g><g v="gent"></g></l></v></tfr></token><token text="," id="597877"><tfr rev_id="1430947" t=","><v><l id="0" t=","><g v="PNCT"></g></l></v></tfr></token><token text="и" id="597878"><tfr rev_id="1430948" t="и"><v><l id="116949" t="и"><g v="CONJ"></g></l></v><v><l id="116950" t="и"><g v="INTJ"></g></l></v></tfr></token><token text="теперь" id="597879"><tfr rev_id="1430949" t="теперь"><v><l id="344864" t="теперь"><g v="ADVB"></g></l></v></tfr></token><token text="раввину" id="597880"><tfr rev_id="1430950" t="раввину"><v><l id="290552" t="раввин"><g v="NOUN"></g><g v="anim"></g><g v="masc"></g><g v="sing"></g><g v="datv"></g></l></v></tfr></token><token text="грозит" id="597881"><tfr rev_id="1430951" t="грозит"><v><l id="75593" t="грожу"><g v="VERB"></g><g v="impf"></g><g v="intr"></g><g v="sing"></g><g v="3per"></g><g v="pres"></g><g v="indc"></g></l></v></tfr></token><token text="полугодовое" id="597882"><tfr rev_id="4430973" t="полугодовое"><v><l id="390573" t="полугодовой"><g v="ADJF"></g><g v="neut"></g><g v="sing"></g><g v="accs"></g></l></v><v><l id="390573" t="полугодовой"><g v="ADJF"></g><g v="neut"></g><g v="sing"></g><g v="nomn"></g></l></v></tfr></token><token text="тюремное" id="597883"><tfr rev_id="1430953" t="тюремное"><v><l id="352504" t="тюремный"><g v="ADJF"></g><g v="Qual"></g><g v="neut"></g><g v="sing"></g><g v="nomn"></g></l></v><v><l id="352504" t="тюремный"><g v="ADJF"></g><g v="Qual"></g><g v="neut"></g><g v="sing"></g><g v="accs"></g></l></v></tfr></token><token text="заключение" id="597884"><tfr rev_id="1430954" t="заключение"><v><l id="103480" t="заключение"><g v="NOUN"></g><g v="inan"></g><g v="neut"></g><g v="sing"></g><g v="nomn"></g></l></v><v><l id="103480" t="заключение"><g v="NOUN"></g><g v="inan"></g><g v="neut"></g><g v="sing"></g><g v="accs"></g></l></v></tfr></token><token text="," id="597885"><tfr rev_id="1430955" t=","><v><l id="0" t=","><g v="PNCT"></g></l></v></tfr></token><token text="окончательный" id="597886"><tfr rev_id="3126193" t="окончательный"><v><l id="205181" t="окончательный"><g v="ADJF"></g><g v="masc"></g><g v="sing"></g><g v="nomn"></g></l></v></tfr></token><token text="приговор" id="597887"><tfr rev_id="1430957" t="приговор"><v><l id="269843" t="приговор"><g v="NOUN"></g><g v="inan"></g><g v="masc"></g><g v="sing"></g><g v="nomn"></g></l></v><v><l id="269843" t="приговор"><g v="NOUN"></g><g v="inan"></g><g v="masc"></g><g v="sing"></g><g v="accs"></g></l></v></tfr></token><token text="будет" id="597888"><tfr rev_id="1430958" t="будет"><v><l id="37265" t="есть"><g v="VERB"></g><g v="impf"></g><g v="intr"></g><g v="sing"></g><g v="3per"></g><g v="futr"></g><g v="indc"></g></l></v></tfr></token><token text="объявлен" id="597889"><tfr rev_id="1430959" t="объявлен"><v><l id="201895" t="объявлен"><g v="PRTS"></g><g v="perf"></g><g v="past"></g><g v="pssv"></g><g v="masc"></g><g v="sing"></g></l></v></tfr></token><token text="только" id="597890"><tfr rev_id="3784053" t="только"><v><l id="347395" t="только"><g v="CONJ"></g></l></v><v><l id="347396" t="только"><g v="PRCL"></g></l></v><v><l id="390053" t="только"><g v="ADVB"></g></l></v></tfr></token><token text="на" id="597891"><tfr rev_id="3333721" t="на"><v><l id="166264" t="на"><g v="PREP"></g></l></v></tfr></token><token text="следующей" id="597892"><tfr rev_id="3810379" t="следующей"><v><l id="324749" t="следующий"><g v="PRTF"></g><g v="impf"></g><g v="intr"></g><g v="pres"></g><g v="actv"></g><g v="femn"></g><g v="sing"></g><g v="gent"></g></l></v><v><l id="324749" t="следующий"><g v="PRTF"></g><g v="impf"></g><g v="intr"></g><g v="pres"></g><g v="actv"></g><g v="femn"></g><g v="sing"></g><g v="datv"></g></l></v><v><l id="324749" t="следующий"><g v="PRTF"></g><g v="impf"></g><g v="intr"></g><g v="pres"></g><g v="actv"></g><g v="femn"></g><g v="sing"></g><g v="ablt"></g></l></v><v><l id="324749" t="следующий"><g v="PRTF"></g><g v="impf"></g><g v="intr"></g><g v="pres"></g><g v="actv"></g><g v="femn"></g><g v="sing"></g><g v="loct"></g></l></v><v><l id="324769" t="следующий"><g v="ADJF"></g><g v="femn"></g><g v="sing"></g><g v="gent"></g></l></v><v><l id="324769" t="следующий"><g v="ADJF"></g><g v="femn"></g><g v="sing"></g><g v="datv"></g></l></v><v><l id="324769" t="следующий"><g v="ADJF"></g><g v="femn"></g><g v="sing"></g><g v="ablt"></g></l></v><v><l id="324769" t="следующий"><g v="ADJF"></g><g v="femn"></g><g v="sing"></g><g v="loct"></g></l></v></tfr></token><token text="неделе" id="597893"><tfr rev_id="3557018" t="неделе"><v><l id="180718" t="неделя"><g v="NOUN"></g><g v="inan"></g><g v="femn"></g><g v="sing"></g><g v="loct"></g></l></v></tfr></token><token text="." id="597894"><tfr rev_id="1430964" t="."><v><l id="0" t="."><g v="PNCT"></g></l></v></tfr></token></tokens></sentence><sentence id="33378"><source>Сейчас раввин находится на свободе, только потому что за него был внесён залог 500 000 долларов.</source><tokens><token text="Сейчас" id="597895"><tfr rev_id="1430965" t="Сейчас"><v><l id="317975" t="сейчас"><g v="ADVB"></g></l></v></tfr></token><token text="раввин" id="597896"><tfr rev_id="1430966" t="раввин"><v><l id="290552" t="раввин"><g v="NOUN"></g><g v="anim"></g><g v="masc"></g><g v="sing"></g><g v="nomn"></g></l></v></tfr></token><token text="находится" id="597897"><tfr rev_id="1430967" t="находится"><v><l id="177898" t="нахожусь"><g v="VERB"></g><g v="impf"></g><g v="intr"></g><g v="sing"></g><g v="3per"></g><g v="pres"></g><g v="indc"></g></l></v><v><l id="177903" t="находился"><g v="VERB"></g><g v="perf"></g><g v="intr"></g><g v="sing"></g><g v="3per"></g><g v="futr"></g><g v="indc"></g></l></v></tfr></token><token text="на" id="597898"><tfr rev_id="3337233" t="на"><v><l id="166264" t="на"><g v="PREP"></g></l></v></tfr></token><token text="свободе" id="597899"><tfr rev_id="3550865" t="свободе"><v><l id="316212" t="свобода"><g v="NOUN"></g><g v="inan"></g><g v="femn"></g><g v="sing"></g><g v="loct"></g></l></v></tfr></token><token text="," id="597900"><tfr rev_id="1430970" t=","><v><l id="0" t=","><g v="PNCT"></g></l></v></tfr></token><token text="только" id="597901"><tfr rev_id="3784054" t="только"><v><l id="347395" t="только"><g v="CONJ"></g></l></v><v><l id="347396" t="только"><g v="PRCL"></g></l></v><v><l id="390053" t="только"><g v="ADVB"></g></l></v></tfr></token><token text="потому" id="597902"><tfr rev_id="1430972" t="потому"><v><l id="263335" t="потому"><g v="ADVB"></g><g v="Dmns"></g></l></v></tfr></token><token text="что" id="597903"><tfr rev_id="3196780" t="что"><v><l id="377004" t="что"><g v="CONJ"></g></l></v><v><l id="377005" t="что"><g v="NPRO"></g><g v="neut"></g><g v="sing"></g><g v="nomn"></g></l></v><v><l id="377005" t="что"><g v="NPRO"></g><g v="neut"></g><g v="sing"></g><g v="accs"></g></l></v><v><l id="377006" t="что"><g v="ADVB"></g><g v="Ques"></g></l></v><v><l id="388695" t="что"><g v="PRCL"></g></l></v></tfr></token><token text="за" id="597904"><tfr rev_id="1430974" t="за"><v><l id="98043" t="за"><g v="PREP"></g></l></v></tfr></token><token text="него" id="597905"><tfr rev_id="4528179" t="него"><v><l id="206541" t="он"><g v="NPRO"></g><g v="masc"></g><g v="3per"></g><g v="Anph"></g><g v="sing"></g><g v="accs"></g><g v="Af-p"></g></l></v><v><l id="206649" t="оно"><g v="NPRO"></g><g v="neut"></g><g v="3per"></g><g v="Anph"></g><g v="sing"></g><g v="accs"></g><g v="Af-p"></g></l></v></tfr></token><token text="был" id="597906"><tfr rev_id="1430976" t="был"><v><l id="37265" t="есть"><g v="VERB"></g><g v="impf"></g><g v="intr"></g><g v="masc"></g><g v="sing"></g><g v="past"></g><g v="indc"></g></l></v></tfr></token><token text="внесён" id="597907"><tfr rev_id="1430977" t="внесён"><v><l id="47481" t="внесён"><g v="PRTS"></g><g v="perf"></g><g v="past"></g><g v="pssv"></g><g v="masc"></g><g v="sing"></g></l></v></tfr></token><token text="залог" id="597908"><tfr rev_id="4348408" t="залог"><v><l id="104834" t="залог"><g v="NOUN"></g><g v="inan"></g><g v="masc"></g><g v="sing"></g><g v="nomn"></g></l></v></tfr></token><token text="500" id="597909"><tfr rev_id="2461560" t="500"><v><l id="0" t="500"><g v="NUMB"></g></l></v></tfr></token><token text="000" id="597910"><tfr rev_id="2461561" t="000"><v><l id="0" t="000"><g v="NUMB"></g></l></v></tfr></token><token text="долларов" id="597911"><tfr rev_id="2700646" t="долларов"><v><l id="88047" t="доллар"><g v="NOUN"></g><g v="inan"></g><g v="masc"></g><g v="plur"></g><g v="gent"></g></l></v></tfr></token><token text="." id="597912"><tfr rev_id="1430982" t="."><v><l id="0" t="."><g v="PNCT"></g></l></v></tfr></token></tokens></sentence></paragraph></paragraphs></text>