<?xml version="1.0" encoding="utf-8"?><text parent="226" id="1147" name="21559 Машина и человек померятся интеллектом"><tags><tag>url:http://www.chaskor.ru/news/mashina_i_chelovek_pomeryatsya_intellektom_21559</tag><tag>Год:2010</tag><tag>Дата:15/12</tag><tag>Тема:ЧасКор:Технологии</tag><tag>Тема:ЧасКор:Технологии/Компьютеры</tag></tags><paragraphs><paragraph id="10877"><sentence id="34034"><source>Машина и человек померятся интеллектом</source><tokens><token text="Машина" id="609178"><tfr rev_id="3494289" t="Машина"><v><l id="156690" t="машина"><g v="NOUN"></g><g v="inan"></g><g v="femn"></g><g v="sing"></g><g v="nomn"></g></l></v></tfr></token><token text="и" id="609179"><tfr rev_id="1441600" t="и"><v><l id="116949" t="и"><g v="CONJ"></g></l></v><v><l id="116950" t="и"><g v="INTJ"></g></l></v></tfr></token><token text="человек" id="609180"><tfr rev_id="3473565" t="человек"><v><l id="375073" t="человек"><g v="NOUN"></g><g v="anim"></g><g v="masc"></g><g v="sing"></g><g v="nomn"></g></l></v></tfr></token><token text="померятся" id="609181"><tfr rev_id="1441602" t="померятся"><v><l id="257539" t="померился"><g v="VERB"></g><g v="perf"></g><g v="intr"></g><g v="plur"></g><g v="3per"></g><g v="futr"></g><g v="indc"></g></l></v></tfr></token><token text="интеллектом" id="609182"><tfr rev_id="1441603" t="интеллектом"><v><l id="123058" t="интеллект"><g v="NOUN"></g><g v="inan"></g><g v="masc"></g><g v="sing"></g><g v="ablt"></g></l></v></tfr></token></tokens></sentence><sentence id="34035"><source>Компьютерная система IBM примет участие в телевикторине Jeopardy (российский аналог — «Своя игра»), где будет состязаться с Кеном Дженнингсом и Брэдом Руттером.</source><tokens><token text="Компьютерная" id="609183"><tfr rev_id="1441604" t="Компьютерная"><v><l id="137452" t="компьютерный"><g v="ADJF"></g><g v="femn"></g><g v="sing"></g><g v="nomn"></g></l></v></tfr></token><token text="система" id="609184"><tfr rev_id="1441605" t="система"><v><l id="321350" t="система"><g v="NOUN"></g><g v="inan"></g><g v="femn"></g><g v="sing"></g><g v="nomn"></g></l></v></tfr></token><token text="IBM" id="609185"><tfr rev_id="2474765" t="IBM"><v><l id="0" t="IBM"><g v="LATN"></g></l></v></tfr></token><token text="примет" id="609186"><tfr rev_id="1715908" t="примет"><v><l id="272700" t="принял"><g v="VERB"></g><g v="perf"></g><g v="tran"></g><g v="sing"></g><g v="3per"></g><g v="futr"></g><g v="indc"></g></l></v></tfr></token><token text="участие" id="609187"><tfr rev_id="4102879" t="участие"><v><l id="363132" t="участие"><g v="NOUN"></g><g v="inan"></g><g v="neut"></g><g v="sing"></g><g v="accs"></g></l></v></tfr></token><token text="в" id="609188"><tfr rev_id="1441609" t="в"><v><l id="37409" t="в"><g v="PREP"></g></l></v></tfr></token><token text="телевикторине" id="609189"><tfr rev_id="3557109" t="телевикторине"><v><l id="344105" t="телевикторина"><g v="NOUN"></g><g v="inan"></g><g v="femn"></g><g v="sing"></g><g v="loct"></g></l></v></tfr></token><token text="Jeopardy" id="609190"><tfr rev_id="2474766" t="Jeopardy"><v><l id="0" t="Jeopardy"><g v="LATN"></g></l></v></tfr></token><token text="(" id="609191"><tfr rev_id="1441612" t="("><v><l id="0" t="("><g v="PNCT"></g></l></v></tfr></token><token text="российский" id="609192"><tfr rev_id="1441613" t="российский"><v><l id="309319" t="российский"><g v="ADJF"></g><g v="masc"></g><g v="sing"></g><g v="nomn"></g></l></v><v><l id="309319" t="российский"><g v="ADJF"></g><g v="inan"></g><g v="masc"></g><g v="sing"></g><g v="accs"></g></l></v></tfr></token><token text="аналог" id="609193"><tfr rev_id="4099908" t="аналог"><v><l id="12235" t="аналог"><g v="NOUN"></g><g v="inan"></g><g v="masc"></g><g v="sing"></g><g v="nomn"></g></l></v></tfr></token><token text="—" id="609194"><tfr rev_id="2443822" t="—"><v><l id="0" t="—"><g v="PNCT"></g></l></v></tfr></token><token text="«" id="609195"><tfr rev_id="2443823" t="«"><v><l id="0" t="«"><g v="PNCT"></g></l></v></tfr></token><token text="Своя" id="609196"><tfr rev_id="3631297" t="Своя"><v><l id="316379" t="свой"><g v="ADJF"></g><g v="Apro"></g><g v="Anph"></g><g v="femn"></g><g v="sing"></g><g v="nomn"></g></l></v></tfr></token><token text="игра" id="609197"><tfr rev_id="1441618" t="игра"><v><l id="117293" t="игра"><g v="NOUN"></g><g v="inan"></g><g v="femn"></g><g v="sing"></g><g v="nomn"></g></l></v></tfr></token><token text="»" id="609198"><tfr rev_id="2443824" t="»"><v><l id="0" t="»"><g v="PNCT"></g></l></v></tfr></token><token text=")" id="609199"><tfr rev_id="1441620" t=")"><v><l id="0" t=")"><g v="PNCT"></g></l></v></tfr></token><token text="," id="609200"><tfr rev_id="1441621" t=","><v><l id="0" t=","><g v="PNCT"></g></l></v></tfr></token><token text="где" id="609201"><tfr rev_id="2636462" t="где"><v><l id="67984" t="где"><g v="ADVB"></g><g v="Ques"></g></l></v><v><l id="388669" t="где"><g v="CONJ"></g></l></v></tfr></token><token text="будет" id="609202"><tfr rev_id="1441623" t="будет"><v><l id="37265" t="есть"><g v="VERB"></g><g v="impf"></g><g v="intr"></g><g v="sing"></g><g v="3per"></g><g v="futr"></g><g v="indc"></g></l></v></tfr></token><token text="состязаться" id="609203"><tfr rev_id="1441624" t="состязаться"><v><l id="330731" t="состязаться"><g v="INFN"></g><g v="impf"></g><g v="intr"></g></l></v></tfr></token><token text="с" id="609204"><tfr rev_id="1441625" t="с"><v><l id="311151" t="с"><g v="PREP"></g></l></v></tfr></token><token text="Кеном" id="609205"><tfr rev_id="1441626" t="Кеном"><v><l id="132395" t="кен"><g v="NOUN"></g><g v="anim"></g><g v="masc"></g><g v="Name"></g><g v="sing"></g><g v="ablt"></g></l></v></tfr></token><token text="Дженнингсом" id="609206"><tfr rev_id="1441627" t="Дженнингсом"><v><l id="0" t="дженнингсом"><g v="UNKN"></g></l></v></tfr></token><token text="и" id="609207"><tfr rev_id="1441628" t="и"><v><l id="116949" t="и"><g v="CONJ"></g></l></v><v><l id="116950" t="и"><g v="INTJ"></g></l></v></tfr></token><token text="Брэдом" id="609208"><tfr rev_id="1441629" t="Брэдом"><v><l id="34637" t="брэд"><g v="NOUN"></g><g v="anim"></g><g v="masc"></g><g v="Name"></g><g v="sing"></g><g v="ablt"></g></l></v></tfr></token><token text="Руттером" id="609209"><tfr rev_id="1441630" t="Руттером"><v><l id="0" t="руттером"><g v="UNKN"></g></l></v></tfr></token><token text="." id="609210"><tfr rev_id="1441631" t="."><v><l id="0" t="."><g v="PNCT"></g></l></v></tfr></token></tokens></sentence></paragraph><paragraph id="10878"><sentence id="34036"><source>Состязание между компьютерной системой IBM Watson и самыми великими чемпионами популярнейшей американской телевикторины Jeopardy за всю её историю намечено на февраль будущего года.</source><tokens><token text="Состязание" id="609211"><tfr rev_id="4233410" t="Состязание"><v><l id="330723" t="состязание"><g v="NOUN"></g><g v="inan"></g><g v="neut"></g><g v="sing"></g><g v="nomn"></g></l></v></tfr></token><token text="между" id="609212"><tfr rev_id="1441633" t="между"><v><l id="157306" t="между"><g v="PREP"></g></l></v></tfr></token><token text="компьютерной" id="609213"><tfr rev_id="2948663" t="компьютерной"><v><l id="137452" t="компьютерный"><g v="ADJF"></g><g v="femn"></g><g v="sing"></g><g v="ablt"></g></l></v></tfr></token><token text="системой" id="609214"><tfr rev_id="1441635" t="системой"><v><l id="321350" t="система"><g v="NOUN"></g><g v="inan"></g><g v="femn"></g><g v="sing"></g><g v="ablt"></g></l></v></tfr></token><token text="IBM" id="609215"><tfr rev_id="2474767" t="IBM"><v><l id="0" t="IBM"><g v="LATN"></g></l></v></tfr></token><token text="Watson" id="609216"><tfr rev_id="2474768" t="Watson"><v><l id="0" t="Watson"><g v="LATN"></g></l></v></tfr></token><token text="и" id="609217"><tfr rev_id="3410594" t="и"><v><l id="116949" t="и"><g v="CONJ"></g></l></v></tfr></token><token text="самыми" id="609218"><tfr rev_id="1441639" t="самыми"><v><l id="313174" t="самый"><g v="ADJF"></g><g v="Apro"></g><g v="plur"></g><g v="ablt"></g></l></v></tfr></token><token text="великими" id="609219"><tfr rev_id="3947539" t="великими"><v><l id="40614" t="великий"><g v="ADJF"></g><g v="plur"></g><g v="ablt"></g></l></v></tfr></token><token text="чемпионами" id="609220"><tfr rev_id="1441641" t="чемпионами"><v><l id="375185" t="чемпион"><g v="NOUN"></g><g v="anim"></g><g v="masc"></g><g v="plur"></g><g v="ablt"></g></l></v></tfr></token><token text="популярнейшей" id="609221"><tfr rev_id="2369624" t="популярнейшей"><v><l id="259763" t="популярнейший"><g v="ADJF"></g><g v="Supr"></g><g v="Qual"></g><g v="femn"></g><g v="sing"></g><g v="gent"></g></l></v></tfr></token><token text="американской" id="609222"><tfr rev_id="4315105" t="американской"><v><l id="11429" t="американский"><g v="ADJF"></g><g v="femn"></g><g v="sing"></g><g v="gent"></g></l></v></tfr></token><token text="телевикторины" id="609223"><tfr rev_id="3124559" t="телевикторины"><v><l id="344105" t="телевикторина"><g v="NOUN"></g><g v="inan"></g><g v="femn"></g><g v="sing"></g><g v="gent"></g></l></v></tfr></token><token text="Jeopardy" id="609224"><tfr rev_id="2474769" t="Jeopardy"><v><l id="0" t="Jeopardy"><g v="LATN"></g></l></v></tfr></token><token text="за" id="609225"><tfr rev_id="1441646" t="за"><v><l id="98043" t="за"><g v="PREP"></g></l></v></tfr></token><token text="всю" id="609226"><tfr rev_id="4131361" t="всю"><v><l id="42156" t="весь"><g v="ADJF"></g><g v="Subx"></g><g v="Apro"></g><g v="femn"></g><g v="sing"></g><g v="accs"></g></l></v></tfr></token><token text="её" id="609227"><tfr rev_id="4457492" t="её"><v><l id="94433" t="её"><g v="ADJF"></g><g v="Fixd"></g><g v="Apro"></g><g v="Anph"></g><g v="femn"></g><g v="sing"></g><g v="nomn"></g></l></v><v><l id="94433" t="её"><g v="ADJF"></g><g v="Fixd"></g><g v="Apro"></g><g v="Anph"></g><g v="femn"></g><g v="sing"></g><g v="gent"></g></l></v><v><l id="94433" t="её"><g v="ADJF"></g><g v="Fixd"></g><g v="Apro"></g><g v="Anph"></g><g v="femn"></g><g v="sing"></g><g v="datv"></g></l></v><v><l id="94433" t="её"><g v="ADJF"></g><g v="Fixd"></g><g v="Apro"></g><g v="Anph"></g><g v="femn"></g><g v="sing"></g><g v="accs"></g></l></v><v><l id="94433" t="её"><g v="ADJF"></g><g v="Fixd"></g><g v="Apro"></g><g v="Anph"></g><g v="femn"></g><g v="sing"></g><g v="ablt"></g></l></v><v><l id="94433" t="её"><g v="ADJF"></g><g v="Fixd"></g><g v="Apro"></g><g v="Anph"></g><g v="femn"></g><g v="sing"></g><g v="loct"></g></l></v></tfr></token><token text="историю" id="609228"><tfr rev_id="1441649" t="историю"><v><l id="126437" t="история"><g v="NOUN"></g><g v="inan"></g><g v="femn"></g><g v="sing"></g><g v="accs"></g></l></v></tfr></token><token text="намечено" id="609229"><tfr rev_id="1441650" t="намечено"><v><l id="172527" t="намечен"><g v="PRTS"></g><g v="perf"></g><g v="past"></g><g v="pssv"></g><g v="neut"></g><g v="sing"></g></l></v></tfr></token><token text="на" id="609230"><tfr rev_id="3340669" t="на"><v><l id="166264" t="на"><g v="PREP"></g></l></v></tfr></token><token text="февраль" id="609231"><tfr rev_id="3491457" t="февраль"><v><l id="364920" t="февраль"><g v="NOUN"></g><g v="inan"></g><g v="masc"></g><g v="sing"></g><g v="accs"></g></l></v></tfr></token><token text="будущего" id="609232"><tfr rev_id="4309806" t="будущего"><v><l id="35164" t="будущий"><g v="ADJF"></g><g v="masc"></g><g v="sing"></g><g v="gent"></g></l></v><v><l id="35164" t="будущий"><g v="ADJF"></g><g v="anim"></g><g v="masc"></g><g v="sing"></g><g v="accs"></g></l></v></tfr></token><token text="года" id="609233"><tfr rev_id="3468785" t="года"><v><l id="72149" t="год"><g v="NOUN"></g><g v="inan"></g><g v="masc"></g><g v="sing"></g><g v="gen1"></g></l></v></tfr></token><token text="." id="609234"><tfr rev_id="1441655" t="."><v><l id="0" t="."><g v="PNCT"></g></l></v></tfr></token></tokens></sentence><sentence id="34037"><source>Машина будет соревноваться в знаниях с двумя самыми успешными участниками — Кеном Дженнингсом и Брэдом Руттером.</source><tokens><token text="Машина" id="609235"><tfr rev_id="3680137" t="Машина"><v><l id="156690" t="машина"><g v="NOUN"></g><g v="inan"></g><g v="femn"></g><g v="sing"></g><g v="nomn"></g></l></v></tfr></token><token text="будет" id="609236"><tfr rev_id="1441657" t="будет"><v><l id="37265" t="есть"><g v="VERB"></g><g v="impf"></g><g v="intr"></g><g v="sing"></g><g v="3per"></g><g v="futr"></g><g v="indc"></g></l></v></tfr></token><token text="соревноваться" id="609237"><tfr rev_id="1441658" t="соревноваться"><v><l id="330018" t="соревноваться"><g v="INFN"></g><g v="impf"></g><g v="intr"></g></l></v></tfr></token><token text="в" id="609238"><tfr rev_id="1441659" t="в"><v><l id="37409" t="в"><g v="PREP"></g></l></v></tfr></token><token text="знаниях" id="609239"><tfr rev_id="1441660" t="знаниях"><v><l id="115978" t="знание"><g v="NOUN"></g><g v="inan"></g><g v="neut"></g><g v="plur"></g><g v="loct"></g></l></v></tfr></token><token text="с" id="609240"><tfr rev_id="1441661" t="с"><v><l id="311151" t="с"><g v="PREP"></g></l></v></tfr></token><token text="двумя" id="609241"><tfr rev_id="4449800" t="двумя"><v><l id="78668" t="два"><g v="NUMR"></g><g v="ablt"></g></l></v></tfr></token><token text="самыми" id="609242"><tfr rev_id="1441663" t="самыми"><v><l id="313174" t="самый"><g v="ADJF"></g><g v="Apro"></g><g v="plur"></g><g v="ablt"></g></l></v></tfr></token><token text="успешными" id="609243"><tfr rev_id="1441664" t="успешными"><v><l id="360843" t="успешный"><g v="ADJF"></g><g v="Qual"></g><g v="plur"></g><g v="ablt"></g></l></v></tfr></token><token text="участниками" id="609244"><tfr rev_id="1441665" t="участниками"><v><l id="363151" t="участник"><g v="NOUN"></g><g v="anim"></g><g v="masc"></g><g v="plur"></g><g v="ablt"></g></l></v></tfr></token><token text="—" id="609245"><tfr rev_id="2443825" t="—"><v><l id="0" t="—"><g v="PNCT"></g></l></v></tfr></token><token text="Кеном" id="609246"><tfr rev_id="1441667" t="Кеном"><v><l id="132395" t="кен"><g v="NOUN"></g><g v="anim"></g><g v="masc"></g><g v="Name"></g><g v="sing"></g><g v="ablt"></g></l></v></tfr></token><token text="Дженнингсом" id="609247"><tfr rev_id="1441668" t="Дженнингсом"><v><l id="0" t="дженнингсом"><g v="UNKN"></g></l></v></tfr></token><token text="и" id="609248"><tfr rev_id="1441669" t="и"><v><l id="116949" t="и"><g v="CONJ"></g></l></v><v><l id="116950" t="и"><g v="INTJ"></g></l></v></tfr></token><token text="Брэдом" id="609249"><tfr rev_id="1441670" t="Брэдом"><v><l id="34637" t="брэд"><g v="NOUN"></g><g v="anim"></g><g v="masc"></g><g v="Name"></g><g v="sing"></g><g v="ablt"></g></l></v></tfr></token><token text="Руттером" id="609250"><tfr rev_id="1441671" t="Руттером"><v><l id="0" t="руттером"><g v="UNKN"></g></l></v></tfr></token><token text="." id="609251"><tfr rev_id="1441672" t="."><v><l id="0" t="."><g v="PNCT"></g></l></v></tfr></token></tokens></sentence></paragraph><paragraph id="10879"><sentence id="34038"><source>Кен Дженнингс побил рекорд Jeopardy по максимальному количеству сыгранных друг за другом игр — на протяжении сезонов 2004/2005 года он выиграл 74 игры подряд, что обеспечило ему выигрыш более 2,5 млн долларов.</source><tokens><token text="Кен" id="609252"><tfr rev_id="1441673" t="Кен"><v><l id="132395" t="кен"><g v="NOUN"></g><g v="anim"></g><g v="masc"></g><g v="Name"></g><g v="sing"></g><g v="nomn"></g></l></v></tfr></token><token text="Дженнингс" id="609253"><tfr rev_id="1441674" t="Дженнингс"><v><l id="0" t="дженнингс"><g v="UNKN"></g></l></v></tfr></token><token text="побил" id="609254"><tfr rev_id="1441675" t="побил"><v><l id="241617" t="побил"><g v="VERB"></g><g v="perf"></g><g v="tran"></g><g v="masc"></g><g v="sing"></g><g v="past"></g><g v="indc"></g></l></v></tfr></token><token text="рекорд" id="609255"><tfr rev_id="3458055" t="рекорд"><v><l id="305797" t="рекорд"><g v="NOUN"></g><g v="inan"></g><g v="masc"></g><g v="sing"></g><g v="accs"></g></l></v></tfr></token><token text="Jeopardy" id="609256"><tfr rev_id="2474770" t="Jeopardy"><v><l id="0" t="Jeopardy"><g v="LATN"></g></l></v></tfr></token><token text="по" id="609257"><tfr rev_id="1441678" t="по"><v><l id="241240" t="по"><g v="PREP"></g></l></v></tfr></token><token text="максимальному" id="609258"><tfr rev_id="3539023" t="максимальному"><v><l id="153541" t="максимальный"><g v="ADJF"></g><g v="neut"></g><g v="sing"></g><g v="datv"></g></l></v></tfr></token><token text="количеству" id="609259"><tfr rev_id="1441680" t="количеству"><v><l id="135983" t="количество"><g v="NOUN"></g><g v="inan"></g><g v="neut"></g><g v="sing"></g><g v="datv"></g></l></v></tfr></token><token text="сыгранных" id="609260"><tfr rev_id="1441681" t="сыгранных"><v><l id="341559" t="сыгранный"><g v="ADJF"></g><g v="Qual"></g><g v="plur"></g><g v="gent"></g></l></v><v><l id="341559" t="сыгранный"><g v="ADJF"></g><g v="Qual"></g><g v="anim"></g><g v="plur"></g><g v="accs"></g></l></v><v><l id="341559" t="сыгранный"><g v="ADJF"></g><g v="Qual"></g><g v="plur"></g><g v="loct"></g></l></v><v><l id="341569" t="сыгранный"><g v="PRTF"></g><g v="perf"></g><g v="tran"></g><g v="past"></g><g v="pssv"></g><g v="plur"></g><g v="gent"></g></l></v><v><l id="341569" t="сыгранный"><g v="PRTF"></g><g v="perf"></g><g v="tran"></g><g v="past"></g><g v="pssv"></g><g v="anim"></g><g v="plur"></g><g v="accs"></g></l></v><v><l id="341569" t="сыгранный"><g v="PRTF"></g><g v="perf"></g><g v="tran"></g><g v="past"></g><g v="pssv"></g><g v="plur"></g><g v="loct"></g></l></v></tfr></token><token text="друг" id="609261"><tfr rev_id="1441682" t="друг"><v><l id="92341" t="друг"><g v="NOUN"></g><g v="anim"></g><g v="masc"></g><g v="sing"></g><g v="nomn"></g></l></v></tfr></token><token text="за" id="609262"><tfr rev_id="1441683" t="за"><v><l id="98043" t="за"><g v="PREP"></g></l></v></tfr></token><token text="другом" id="609263"><tfr rev_id="3230882" t="другом"><v><l id="92341" t="друг"><g v="NOUN"></g><g v="anim"></g><g v="masc"></g><g v="sing"></g><g v="ablt"></g></l></v></tfr></token><token text="игр" id="609264"><tfr rev_id="1441685" t="игр"><v><l id="117293" t="игра"><g v="NOUN"></g><g v="inan"></g><g v="femn"></g><g v="plur"></g><g v="gent"></g></l></v></tfr></token><token text="—" id="609265"><tfr rev_id="2443826" t="—"><v><l id="0" t="—"><g v="PNCT"></g></l></v></tfr></token><token text="на" id="609266"><tfr rev_id="3396240" t="на"><v><l id="166264" t="на"><g v="PREP"></g></l></v></tfr></token><token text="протяжении" id="609267"><tfr rev_id="1441688" t="протяжении"><v><l id="286786" t="протяжение"><g v="NOUN"></g><g v="inan"></g><g v="neut"></g><g v="sing"></g><g v="loct"></g></l></v></tfr></token><token text="сезонов" id="609268"><tfr rev_id="1441689" t="сезонов"><v><l id="317857" t="сезон"><g v="NOUN"></g><g v="inan"></g><g v="masc"></g><g v="plur"></g><g v="gent"></g></l></v></tfr></token><token text="2004" id="609269"><tfr rev_id="2461761" t="2004"><v><l id="0" t="2004"><g v="NUMB"></g></l></v></tfr></token><token text="/" id="609270"><tfr rev_id="1441691" t="/"><v><l id="0" t="/"><g v="PNCT"></g></l></v></tfr></token><token text="2005" id="609271"><tfr rev_id="2461762" t="2005"><v><l id="0" t="2005"><g v="NUMB"></g></l></v></tfr></token><token text="года" id="609272"><tfr rev_id="3446814" t="года"><v><l id="72149" t="год"><g v="NOUN"></g><g v="inan"></g><g v="masc"></g><g v="sing"></g><g v="gen1"></g></l></v></tfr></token><token text="он" id="609273"><tfr rev_id="3575574" t="он"><v><l id="206541" t="он"><g v="NPRO"></g><g v="masc"></g><g v="3per"></g><g v="Anph"></g><g v="sing"></g><g v="nomn"></g></l></v></tfr></token><token text="выиграл" id="609274"><tfr rev_id="1441695" t="выиграл"><v><l id="57698" t="выиграл"><g v="VERB"></g><g v="perf"></g><g v="tran"></g><g v="masc"></g><g v="sing"></g><g v="past"></g><g v="indc"></g></l></v></tfr></token><token text="74" id="609275"><tfr rev_id="2461763" t="74"><v><l id="0" t="74"><g v="NUMB"></g></l></v></tfr></token><token text="игры" id="609276"><tfr rev_id="3508703" t="игры"><v><l id="117293" t="игра"><g v="NOUN"></g><g v="inan"></g><g v="femn"></g><g v="sing"></g><g v="gent"></g></l></v></tfr></token><token text="подряд" id="609277"><tfr rev_id="4265126" t="подряд"><v><l id="249979" t="подряд"><g v="ADVB"></g></l></v></tfr></token><token text="," id="609278"><tfr rev_id="1441699" t=","><v><l id="0" t=","><g v="PNCT"></g></l></v></tfr></token><token text="что" id="609279"><tfr rev_id="3196858" t="что"><v><l id="377004" t="что"><g v="CONJ"></g></l></v><v><l id="377005" t="что"><g v="NPRO"></g><g v="neut"></g><g v="sing"></g><g v="nomn"></g></l></v><v><l id="377005" t="что"><g v="NPRO"></g><g v="neut"></g><g v="sing"></g><g v="accs"></g></l></v><v><l id="377006" t="что"><g v="ADVB"></g><g v="Ques"></g></l></v><v><l id="388695" t="что"><g v="PRCL"></g></l></v></tfr></token><token text="обеспечило" id="609280"><tfr rev_id="1441701" t="обеспечило"><v><l id="194762" t="обеспечил"><g v="VERB"></g><g v="perf"></g><g v="tran"></g><g v="neut"></g><g v="sing"></g><g v="past"></g><g v="indc"></g></l></v></tfr></token><token text="ему" id="609281"><tfr rev_id="4528896" t="ему"><v><l id="206541" t="он"><g v="NPRO"></g><g v="masc"></g><g v="3per"></g><g v="Anph"></g><g v="sing"></g><g v="datv"></g></l></v><v><l id="206649" t="оно"><g v="NPRO"></g><g v="neut"></g><g v="3per"></g><g v="Anph"></g><g v="sing"></g><g v="datv"></g></l></v></tfr></token><token text="выигрыш" id="609282"><tfr rev_id="1441703" t="выигрыш"><v><l id="57720" t="выигрыш"><g v="NOUN"></g><g v="inan"></g><g v="masc"></g><g v="sing"></g><g v="nomn"></g></l></v><v><l id="57720" t="выигрыш"><g v="NOUN"></g><g v="inan"></g><g v="masc"></g><g v="sing"></g><g v="accs"></g></l></v></tfr></token><token text="более" id="609283"><tfr rev_id="1441704" t="более"><v><l id="32065" t="более"><g v="ADVB"></g></l></v></tfr></token><token text="2,5" id="609284"><tfr rev_id="2461764" t="2,5"><v><l id="0" t="2,5"><g v="NUMB"></g></l></v></tfr></token><token text="млн" id="609285"><tfr rev_id="4136607" t="млн"><v><l id="389040" t="млн"><g v="NOUN"></g><g v="inan"></g><g v="masc"></g><g v="Fixd"></g><g v="Abbr"></g><g v="plur"></g><g v="nomn"></g></l></v><v><l id="389040" t="млн"><g v="NOUN"></g><g v="inan"></g><g v="masc"></g><g v="Fixd"></g><g v="Abbr"></g><g v="plur"></g><g v="gent"></g></l></v><v><l id="389040" t="млн"><g v="NOUN"></g><g v="inan"></g><g v="masc"></g><g v="Fixd"></g><g v="Abbr"></g><g v="plur"></g><g v="datv"></g></l></v><v><l id="389040" t="млн"><g v="NOUN"></g><g v="inan"></g><g v="masc"></g><g v="Fixd"></g><g v="Abbr"></g><g v="plur"></g><g v="accs"></g></l></v><v><l id="389040" t="млн"><g v="NOUN"></g><g v="inan"></g><g v="masc"></g><g v="Fixd"></g><g v="Abbr"></g><g v="plur"></g><g v="ablt"></g></l></v><v><l id="389040" t="млн"><g v="NOUN"></g><g v="inan"></g><g v="masc"></g><g v="Fixd"></g><g v="Abbr"></g><g v="plur"></g><g v="loct"></g></l></v></tfr></token><token text="долларов" id="609286"><tfr rev_id="3450863" t="долларов"><v><l id="88047" t="доллар"><g v="NOUN"></g><g v="inan"></g><g v="masc"></g><g v="plur"></g><g v="gent"></g></l></v></tfr></token><token text="." id="609287"><tfr rev_id="1441708" t="."><v><l id="0" t="."><g v="PNCT"></g></l></v></tfr></token></tokens></sentence><sentence id="34039"><source>Брэд Руттер выиграл максимальное совокупное количество игр для одного участника Jeopardy, что принесло ему 3 млн 255 тыс. долларов.</source><tokens><token text="Брэд" id="609288"><tfr rev_id="1441709" t="Брэд"><v><l id="34637" t="брэд"><g v="NOUN"></g><g v="anim"></g><g v="masc"></g><g v="Name"></g><g v="sing"></g><g v="nomn"></g></l></v></tfr></token><token text="Руттер" id="609289"><tfr rev_id="1441710" t="Руттер"><v><l id="0" t="руттер"><g v="UNKN"></g></l></v></tfr></token><token text="выиграл" id="609290"><tfr rev_id="1441711" t="выиграл"><v><l id="57698" t="выиграл"><g v="VERB"></g><g v="perf"></g><g v="tran"></g><g v="masc"></g><g v="sing"></g><g v="past"></g><g v="indc"></g></l></v></tfr></token><token text="максимальное" id="609291"><tfr rev_id="3282745" t="максимальное"><v><l id="153541" t="максимальный"><g v="ADJF"></g><g v="neut"></g><g v="sing"></g><g v="accs"></g></l></v></tfr></token><token text="совокупное" id="609292"><tfr rev_id="1441713" t="совокупное"><v><l id="328162" t="совокупный"><g v="ADJF"></g><g v="Qual"></g><g v="neut"></g><g v="sing"></g><g v="nomn"></g></l></v><v><l id="328162" t="совокупный"><g v="ADJF"></g><g v="Qual"></g><g v="neut"></g><g v="sing"></g><g v="accs"></g></l></v></tfr></token><token text="количество" id="609293"><tfr rev_id="4212739" t="количество"><v><l id="135983" t="количество"><g v="NOUN"></g><g v="inan"></g><g v="neut"></g><g v="sing"></g><g v="accs"></g></l></v></tfr></token><token text="игр" id="609294"><tfr rev_id="1441715" t="игр"><v><l id="117293" t="игра"><g v="NOUN"></g><g v="inan"></g><g v="femn"></g><g v="plur"></g><g v="gent"></g></l></v></tfr></token><token text="для" id="609295"><tfr rev_id="2948575" t="для"><v><l id="85032" t="для"><g v="PREP"></g></l></v></tfr></token><token text="одного" id="609296"><tfr rev_id="4300606" t="одного"><v><l id="203319" t="один"><g v="ADJF"></g><g v="Apro"></g><g v="Anum"></g><g v="masc"></g><g v="sing"></g><g v="gent"></g></l></v><v><l id="203319" t="один"><g v="ADJF"></g><g v="Apro"></g><g v="Anum"></g><g v="anim"></g><g v="masc"></g><g v="sing"></g><g v="accs"></g></l></v></tfr></token><token text="участника" id="609297"><tfr rev_id="2931294" t="участника"><v><l id="363151" t="участник"><g v="NOUN"></g><g v="anim"></g><g v="masc"></g><g v="sing"></g><g v="gent"></g></l></v></tfr></token><token text="Jeopardy" id="609298"><tfr rev_id="2474771" t="Jeopardy"><v><l id="0" t="Jeopardy"><g v="LATN"></g></l></v></tfr></token><token text="," id="609299"><tfr rev_id="1441720" t=","><v><l id="0" t=","><g v="PNCT"></g></l></v></tfr></token><token text="что" id="609300"><tfr rev_id="3196859" t="что"><v><l id="377004" t="что"><g v="CONJ"></g></l></v><v><l id="377005" t="что"><g v="NPRO"></g><g v="neut"></g><g v="sing"></g><g v="nomn"></g></l></v><v><l id="377005" t="что"><g v="NPRO"></g><g v="neut"></g><g v="sing"></g><g v="accs"></g></l></v><v><l id="377006" t="что"><g v="ADVB"></g><g v="Ques"></g></l></v><v><l id="388695" t="что"><g v="PRCL"></g></l></v></tfr></token><token text="принесло" id="609301"><tfr rev_id="1441722" t="принесло"><v><l id="272525" t="принёс"><g v="VERB"></g><g v="perf"></g><g v="tran"></g><g v="neut"></g><g v="sing"></g><g v="past"></g><g v="indc"></g></l></v></tfr></token><token text="ему" id="609302"><tfr rev_id="4528897" t="ему"><v><l id="206541" t="он"><g v="NPRO"></g><g v="masc"></g><g v="3per"></g><g v="Anph"></g><g v="sing"></g><g v="datv"></g></l></v><v><l id="206649" t="оно"><g v="NPRO"></g><g v="neut"></g><g v="3per"></g><g v="Anph"></g><g v="sing"></g><g v="datv"></g></l></v></tfr></token><token text="3" id="609303"><tfr rev_id="2461765" t="3"><v><l id="0" t="3"><g v="NUMB"></g></l></v></tfr></token><token text="млн" id="609304"><tfr rev_id="4180318" t="млн"><v><l id="389040" t="млн"><g v="NOUN"></g><g v="inan"></g><g v="masc"></g><g v="Fixd"></g><g v="Abbr"></g><g v="sing"></g><g v="gent"></g></l></v></tfr></token><token text="255" id="609305"><tfr rev_id="2461766" t="255"><v><l id="0" t="255"><g v="NUMB"></g></l></v></tfr></token><token text="тыс" id="609306"><tfr rev_id="4136722" t="тыс"><v><l id="389041" t="тыс"><g v="NOUN"></g><g v="inan"></g><g v="femn"></g><g v="Fixd"></g><g v="Abbr"></g><g v="plur"></g><g v="nomn"></g></l></v><v><l id="389041" t="тыс"><g v="NOUN"></g><g v="inan"></g><g v="femn"></g><g v="Fixd"></g><g v="Abbr"></g><g v="plur"></g><g v="gent"></g></l></v><v><l id="389041" t="тыс"><g v="NOUN"></g><g v="inan"></g><g v="femn"></g><g v="Fixd"></g><g v="Abbr"></g><g v="plur"></g><g v="datv"></g></l></v><v><l id="389041" t="тыс"><g v="NOUN"></g><g v="inan"></g><g v="femn"></g><g v="Fixd"></g><g v="Abbr"></g><g v="plur"></g><g v="accs"></g></l></v><v><l id="389041" t="тыс"><g v="NOUN"></g><g v="inan"></g><g v="femn"></g><g v="Fixd"></g><g v="Abbr"></g><g v="plur"></g><g v="ablt"></g></l></v><v><l id="389041" t="тыс"><g v="NOUN"></g><g v="inan"></g><g v="femn"></g><g v="Fixd"></g><g v="Abbr"></g><g v="plur"></g><g v="loct"></g></l></v></tfr></token><token text="." id="609307"><tfr rev_id="1441728" t="."><v><l id="0" t="."><g v="PNCT"></g></l></v></tfr></token><token text="долларов" id="609308"><tfr rev_id="2700652" t="долларов"><v><l id="88047" t="доллар"><g v="NOUN"></g><g v="inan"></g><g v="masc"></g><g v="plur"></g><g v="gent"></g></l></v></tfr></token><token text="." id="609309"><tfr rev_id="1441730" t="."><v><l id="0" t="."><g v="PNCT"></g></l></v></tfr></token></tokens></sentence><sentence id="34040"><source>«Большой приз» состязания составит 1 млн долларов, а призы за второе и третье места — 300 и 200 тыс. долларов соответственно.</source><tokens><token text="«" id="609310"><tfr rev_id="2443827" t="«"><v><l id="0" t="«"><g v="PNCT"></g></l></v></tfr></token><token text="Большой" id="609311"><tfr rev_id="2370359" t="Большой"><v><l id="32445" t="большой"><g v="ADJF"></g><g v="Qual"></g><g v="masc"></g><g v="sing"></g><g v="nomn"></g></l></v><v><l id="32445" t="большой"><g v="ADJF"></g><g v="Qual"></g><g v="inan"></g><g v="masc"></g><g v="sing"></g><g v="accs"></g></l></v></tfr></token><token text="приз" id="609312"><tfr rev_id="3230400" t="приз"><v><l id="270520" t="приз"><g v="NOUN"></g><g v="inan"></g><g v="masc"></g><g v="sing"></g><g v="nomn"></g></l></v></tfr></token><token text="»" id="609313"><tfr rev_id="2443828" t="»"><v><l id="0" t="»"><g v="PNCT"></g></l></v></tfr></token><token text="состязания" id="609314"><tfr rev_id="3487238" t="состязания"><v><l id="330723" t="состязание"><g v="NOUN"></g><g v="inan"></g><g v="neut"></g><g v="sing"></g><g v="gent"></g></l></v></tfr></token><token text="составит" id="609315"><tfr rev_id="1441736" t="составит"><v><l id="330483" t="составил"><g v="VERB"></g><g v="perf"></g><g v="tran"></g><g v="sing"></g><g v="3per"></g><g v="futr"></g><g v="indc"></g></l></v></tfr></token><token text="1" id="609316"><tfr rev_id="2461767" t="1"><v><l id="0" t="1"><g v="NUMB"></g></l></v></tfr></token><token text="млн" id="609317"><tfr rev_id="4136649" t="млн"><v><l id="389040" t="млн"><g v="NOUN"></g><g v="inan"></g><g v="masc"></g><g v="Fixd"></g><g v="Abbr"></g><g v="sing"></g><g v="nomn"></g></l></v><v><l id="389040" t="млн"><g v="NOUN"></g><g v="inan"></g><g v="masc"></g><g v="Fixd"></g><g v="Abbr"></g><g v="sing"></g><g v="gent"></g></l></v><v><l id="389040" t="млн"><g v="NOUN"></g><g v="inan"></g><g v="masc"></g><g v="Fixd"></g><g v="Abbr"></g><g v="sing"></g><g v="datv"></g></l></v><v><l id="389040" t="млн"><g v="NOUN"></g><g v="inan"></g><g v="masc"></g><g v="Fixd"></g><g v="Abbr"></g><g v="sing"></g><g v="accs"></g></l></v><v><l id="389040" t="млн"><g v="NOUN"></g><g v="inan"></g><g v="masc"></g><g v="Fixd"></g><g v="Abbr"></g><g v="sing"></g><g v="ablt"></g></l></v><v><l id="389040" t="млн"><g v="NOUN"></g><g v="inan"></g><g v="masc"></g><g v="Fixd"></g><g v="Abbr"></g><g v="sing"></g><g v="loct"></g></l></v></tfr></token><token text="долларов" id="609318"><tfr rev_id="2700653" t="долларов"><v><l id="88047" t="доллар"><g v="NOUN"></g><g v="inan"></g><g v="masc"></g><g v="plur"></g><g v="gent"></g></l></v></tfr></token><token text="," id="609319"><tfr rev_id="1441740" t=","><v><l id="0" t=","><g v="PNCT"></g></l></v></tfr></token><token text="а" id="609320"><tfr rev_id="1441741" t="а"><v><l id="51" t="а"><g v="CONJ"></g></l></v><v><l id="52" t="а"><g v="INTJ"></g></l></v><v><l id="53" t="а"><g v="PRCL"></g></l></v></tfr></token><token text="призы" id="609321"><tfr rev_id="3757302" t="призы"><v><l id="270520" t="приз"><g v="NOUN"></g><g v="inan"></g><g v="masc"></g><g v="plur"></g><g v="nomn"></g></l></v></tfr></token><token text="за" id="609322"><tfr rev_id="1441743" t="за"><v><l id="98043" t="за"><g v="PREP"></g></l></v></tfr></token><token text="второе" id="609323"><tfr rev_id="4406904" t="второе"><v><l id="55043" t="второй"><g v="ADJF"></g><g v="Anum"></g><g v="neut"></g><g v="sing"></g><g v="accs"></g></l></v></tfr></token><token text="и" id="609324"><tfr rev_id="1441745" t="и"><v><l id="116949" t="и"><g v="CONJ"></g></l></v><v><l id="116950" t="и"><g v="INTJ"></g></l></v></tfr></token><token text="третье" id="609325"><tfr rev_id="4406905" t="третье"><v><l id="349855" t="третий"><g v="ADJF"></g><g v="Anum"></g><g v="neut"></g><g v="sing"></g><g v="accs"></g></l></v></tfr></token><token text="места" id="609326"><tfr rev_id="3802213" t="места"><v><l id="158822" t="место"><g v="NOUN"></g><g v="inan"></g><g v="neut"></g><g v="plur"></g><g v="accs"></g></l></v></tfr></token><token text="—" id="609327"><tfr rev_id="2443829" t="—"><v><l id="0" t="—"><g v="PNCT"></g></l></v></tfr></token><token text="300" id="609328"><tfr rev_id="2461768" t="300"><v><l id="0" t="300"><g v="NUMB"></g></l></v></tfr></token><token text="и" id="609329"><tfr rev_id="1441750" t="и"><v><l id="116949" t="и"><g v="CONJ"></g></l></v><v><l id="116950" t="и"><g v="INTJ"></g></l></v></tfr></token><token text="200" id="609330"><tfr rev_id="2461769" t="200"><v><l id="0" t="200"><g v="NUMB"></g></l></v></tfr></token><token text="тыс" id="609331"><tfr rev_id="4165429" t="тыс"><v><l id="389041" t="тыс"><g v="NOUN"></g><g v="inan"></g><g v="femn"></g><g v="Fixd"></g><g v="Abbr"></g><g v="plur"></g><g v="nomn"></g></l></v><v><l id="389041" t="тыс"><g v="NOUN"></g><g v="inan"></g><g v="femn"></g><g v="Fixd"></g><g v="Abbr"></g><g v="plur"></g><g v="gent"></g></l></v><v><l id="389041" t="тыс"><g v="NOUN"></g><g v="inan"></g><g v="femn"></g><g v="Fixd"></g><g v="Abbr"></g><g v="plur"></g><g v="datv"></g></l></v><v><l id="389041" t="тыс"><g v="NOUN"></g><g v="inan"></g><g v="femn"></g><g v="Fixd"></g><g v="Abbr"></g><g v="plur"></g><g v="accs"></g></l></v><v><l id="389041" t="тыс"><g v="NOUN"></g><g v="inan"></g><g v="femn"></g><g v="Fixd"></g><g v="Abbr"></g><g v="plur"></g><g v="ablt"></g></l></v><v><l id="389041" t="тыс"><g v="NOUN"></g><g v="inan"></g><g v="femn"></g><g v="Fixd"></g><g v="Abbr"></g><g v="plur"></g><g v="loct"></g></l></v></tfr></token><token text="." id="609332"><tfr rev_id="1441753" t="."><v><l id="0" t="."><g v="PNCT"></g></l></v></tfr></token><token text="долларов" id="609333"><tfr rev_id="2700654" t="долларов"><v><l id="88047" t="доллар"><g v="NOUN"></g><g v="inan"></g><g v="masc"></g><g v="plur"></g><g v="gent"></g></l></v></tfr></token><token text="соответственно" id="609334"><tfr rev_id="3664190" t="соответственно"><v><l id="329617" t="соответственно"><g v="ADVB"></g></l></v><v><l id="329618" t="соответственно"><g v="PREP"></g></l></v><v><l id="329621" t="соответствен"><g v="ADJS"></g><g v="neut"></g><g v="sing"></g></l></v><v><l id="388717" t="соответственно"><g v="CONJ"></g><g v="Prnt"></g></l></v></tfr></token><token text="." id="609335"><tfr rev_id="1441756" t="."><v><l id="0" t="."><g v="PNCT"></g></l></v></tfr></token></tokens></sentence><sentence id="34041"><source>Руттер и Дженнингс пожертвуют половину своего выигрыша на благотворительные цели, а корпорация IBM полностью отдаст заработанное.</source><tokens><token text="Руттер" id="609336"><tfr rev_id="1441757" t="Руттер"><v><l id="0" t="руттер"><g v="UNKN"></g></l></v></tfr></token><token text="и" id="609337"><tfr rev_id="1441758" t="и"><v><l id="116949" t="и"><g v="CONJ"></g></l></v><v><l id="116950" t="и"><g v="INTJ"></g></l></v></tfr></token><token text="Дженнингс" id="609338"><tfr rev_id="1441759" t="Дженнингс"><v><l id="0" t="дженнингс"><g v="UNKN"></g></l></v></tfr></token><token text="пожертвуют" id="609339"><tfr rev_id="1441760" t="пожертвуют"><v><l id="253130" t="пожертвовал"><g v="VERB"></g><g v="perf"></g><g v="tran"></g><g v="plur"></g><g v="3per"></g><g v="futr"></g><g v="indc"></g></l></v></tfr></token><token text="половину" id="609340"><tfr rev_id="3467454" t="половину"><v><l id="256181" t="половина"><g v="NOUN"></g><g v="inan"></g><g v="femn"></g><g v="sing"></g><g v="accs"></g></l></v></tfr></token><token text="своего" id="609341"><tfr rev_id="4204985" t="своего"><v><l id="316379" t="свой"><g v="ADJF"></g><g v="Apro"></g><g v="Anph"></g><g v="masc"></g><g v="sing"></g><g v="gent"></g></l></v><v><l id="316379" t="свой"><g v="ADJF"></g><g v="Apro"></g><g v="Anph"></g><g v="anim"></g><g v="masc"></g><g v="sing"></g><g v="accs"></g></l></v></tfr></token><token text="выигрыша" id="609342"><tfr rev_id="1441763" t="выигрыша"><v><l id="57720" t="выигрыш"><g v="NOUN"></g><g v="inan"></g><g v="masc"></g><g v="sing"></g><g v="gent"></g></l></v></tfr></token><token text="на" id="609343"><tfr rev_id="3344625" t="на"><v><l id="166264" t="на"><g v="PREP"></g></l></v></tfr></token><token text="благотворительные" id="609344"><tfr rev_id="3820296" t="благотворительные"><v><l id="30593" t="благотворительный"><g v="ADJF"></g><g v="inan"></g><g v="plur"></g><g v="accs"></g></l></v></tfr></token><token text="цели" id="609345"><tfr rev_id="3815283" t="цели"><v><l id="373216" t="цель"><g v="NOUN"></g><g v="inan"></g><g v="femn"></g><g v="plur"></g><g v="accs"></g></l></v></tfr></token><token text="," id="609346"><tfr rev_id="1441767" t=","><v><l id="0" t=","><g v="PNCT"></g></l></v></tfr></token><token text="а" id="609347"><tfr rev_id="1441768" t="а"><v><l id="51" t="а"><g v="CONJ"></g></l></v><v><l id="52" t="а"><g v="INTJ"></g></l></v><v><l id="53" t="а"><g v="PRCL"></g></l></v></tfr></token><token text="корпорация" id="609348"><tfr rev_id="1441769" t="корпорация"><v><l id="140149" t="корпорация"><g v="NOUN"></g><g v="inan"></g><g v="femn"></g><g v="sing"></g><g v="nomn"></g></l></v></tfr></token><token text="IBM" id="609349"><tfr rev_id="2474772" t="IBM"><v><l id="0" t="IBM"><g v="LATN"></g></l></v></tfr></token><token text="полностью" id="609350"><tfr rev_id="1441771" t="полностью"><v><l id="256145" t="полностью"><g v="ADVB"></g></l></v></tfr></token><token text="отдаст" id="609351"><tfr rev_id="1441772" t="отдаст"><v><l id="213333" t="отдал"><g v="VERB"></g><g v="perf"></g><g v="tran"></g><g v="sing"></g><g v="3per"></g><g v="futr"></g><g v="indc"></g></l></v></tfr></token><token text="заработанное" id="609352"><tfr rev_id="1441773" t="заработанное"><v><l id="108488" t="заработанный"><g v="PRTF"></g><g v="perf"></g><g v="tran"></g><g v="past"></g><g v="pssv"></g><g v="neut"></g><g v="sing"></g><g v="nomn"></g></l></v><v><l id="108488" t="заработанный"><g v="PRTF"></g><g v="perf"></g><g v="tran"></g><g v="past"></g><g v="pssv"></g><g v="neut"></g><g v="sing"></g><g v="accs"></g></l></v></tfr></token><token text="." id="609353"><tfr rev_id="1441774" t="."><v><l id="0" t="."><g v="PNCT"></g></l></v></tfr></token></tokens></sentence></paragraph><paragraph id="10880"><sentence id="34042"><source>Система Watson построена группой учёных IBM, которые стремились создать компьютерную систему, способную на уровне человека отвечать на вопросы, изложенные на естественном языке, причём быстро, точно и достоверно.</source><tokens><token text="Система" id="609354"><tfr rev_id="1441775" t="Система"><v><l id="321350" t="система"><g v="NOUN"></g><g v="inan"></g><g v="femn"></g><g v="sing"></g><g v="nomn"></g></l></v></tfr></token><token text="Watson" id="609355"><tfr rev_id="2474773" t="Watson"><v><l id="0" t="Watson"><g v="LATN"></g></l></v></tfr></token><token text="построена" id="609356"><tfr rev_id="1441777" t="построена"><v><l id="262525" t="построен"><g v="PRTS"></g><g v="perf"></g><g v="past"></g><g v="pssv"></g><g v="femn"></g><g v="sing"></g></l></v></tfr></token><token text="группой" id="609357"><tfr rev_id="1441778" t="группой"><v><l id="76092" t="группа"><g v="NOUN"></g><g v="inan"></g><g v="femn"></g><g v="sing"></g><g v="ablt"></g></l></v></tfr></token><token text="учёных" id="609358"><tfr rev_id="4484923" t="учёных"><v><l id="363100" t="учёный"><g v="NOUN"></g><g v="anim"></g><g v="masc"></g><g v="plur"></g><g v="gent"></g></l></v></tfr></token><token text="IBM" id="609359"><tfr rev_id="2474774" t="IBM"><v><l id="0" t="IBM"><g v="LATN"></g></l></v></tfr></token><token text="," id="609360"><tfr rev_id="1441781" t=","><v><l id="0" t=","><g v="PNCT"></g></l></v></tfr></token><token text="которые" id="609361"><tfr rev_id="4086177" t="которые"><v><l id="141203" t="который"><g v="ADJF"></g><g v="Apro"></g><g v="Subx"></g><g v="Anph"></g><g v="plur"></g><g v="nomn"></g></l></v></tfr></token><token text="стремились" id="609362"><tfr rev_id="1441783" t="стремились"><v><l id="337460" t="стремлюсь"><g v="VERB"></g><g v="impf"></g><g v="intr"></g><g v="plur"></g><g v="past"></g><g v="indc"></g></l></v></tfr></token><token text="создать" id="609363"><tfr rev_id="1441784" t="создать"><v><l id="328586" t="создать"><g v="INFN"></g><g v="perf"></g><g v="tran"></g></l></v></tfr></token><token text="компьютерную" id="609364"><tfr rev_id="1441785" t="компьютерную"><v><l id="137452" t="компьютерный"><g v="ADJF"></g><g v="femn"></g><g v="sing"></g><g v="accs"></g></l></v></tfr></token><token text="систему" id="609365"><tfr rev_id="1441786" t="систему"><v><l id="321350" t="система"><g v="NOUN"></g><g v="inan"></g><g v="femn"></g><g v="sing"></g><g v="accs"></g></l></v></tfr></token><token text="," id="609366"><tfr rev_id="1441787" t=","><v><l id="0" t=","><g v="PNCT"></g></l></v></tfr></token><token text="способную" id="609367"><tfr rev_id="1441788" t="способную"><v><l id="332837" t="способный"><g v="ADJF"></g><g v="Qual"></g><g v="femn"></g><g v="sing"></g><g v="accs"></g></l></v></tfr></token><token text="на" id="609368"><tfr rev_id="3396258" t="на"><v><l id="166264" t="на"><g v="PREP"></g></l></v></tfr></token><token text="уровне" id="609369"><tfr rev_id="1441790" t="уровне"><v><l id="359953" t="уровень"><g v="NOUN"></g><g v="inan"></g><g v="masc"></g><g v="sing"></g><g v="loct"></g></l></v></tfr></token><token text="человека" id="609370"><tfr rev_id="4461920" t="человека"><v><l id="375073" t="человек"><g v="NOUN"></g><g v="anim"></g><g v="masc"></g><g v="sing"></g><g v="gent"></g></l></v></tfr></token><token text="отвечать" id="609371"><tfr rev_id="1441792" t="отвечать"><v><l id="212455" t="отвечать"><g v="INFN"></g><g v="impf"></g><g v="intr"></g></l></v></tfr></token><token text="на" id="609372"><tfr rev_id="3393827" t="на"><v><l id="166264" t="на"><g v="PREP"></g></l></v></tfr></token><token text="вопросы" id="609373"><tfr rev_id="3757177" t="вопросы"><v><l id="50830" t="вопрос"><g v="NOUN"></g><g v="inan"></g><g v="masc"></g><g v="plur"></g><g v="accs"></g></l></v></tfr></token><token text="," id="609374"><tfr rev_id="1441795" t=","><v><l id="0" t=","><g v="PNCT"></g></l></v></tfr></token><token text="изложенные" id="609375"><tfr rev_id="1441796" t="изложенные"><v><l id="119202" t="изложенный"><g v="PRTF"></g><g v="perf"></g><g v="tran"></g><g v="past"></g><g v="pssv"></g><g v="plur"></g><g v="nomn"></g></l></v><v><l id="119202" t="изложенный"><g v="PRTF"></g><g v="perf"></g><g v="tran"></g><g v="past"></g><g v="pssv"></g><g v="inan"></g><g v="plur"></g><g v="accs"></g></l></v></tfr></token><token text="на" id="609376"><tfr rev_id="3394722" t="на"><v><l id="166264" t="на"><g v="PREP"></g></l></v></tfr></token><token text="естественном" id="609377"><tfr rev_id="3674641" t="естественном"><v><l id="95386" t="естественный"><g v="ADJF"></g><g v="Qual"></g><g v="masc"></g><g v="sing"></g><g v="loct"></g></l></v></tfr></token><token text="языке" id="609378"><tfr rev_id="3492620" t="языке"><v><l id="387573" t="язык"><g v="NOUN"></g><g v="inan"></g><g v="masc"></g><g v="sing"></g><g v="loc1"></g></l></v></tfr></token><token text="," id="609379"><tfr rev_id="1441800" t=","><v><l id="0" t=","><g v="PNCT"></g></l></v></tfr></token><token text="причём" id="609380"><tfr rev_id="1441801" t="причём"><v><l id="276410" t="причём"><g v="CONJ"></g></l></v></tfr></token><token text="быстро" id="609381"><tfr rev_id="4092419" t="быстро"><v><l id="37073" t="быстро"><g v="ADVB"></g></l></v></tfr></token><token text="," id="609382"><tfr rev_id="1441803" t=","><v><l id="0" t=","><g v="PNCT"></g></l></v></tfr></token><token text="точно" id="609383"><tfr rev_id="4509209" t="точно"><v><l id="348514" t="точно"><g v="ADVB"></g></l></v><v><l id="348515" t="точно"><g v="CONJ"></g></l></v><v><l id="348521" t="точен"><g v="ADJS"></g><g v="Qual"></g><g v="neut"></g><g v="sing"></g></l></v></tfr></token><token text="и" id="609384"><tfr rev_id="1441805" t="и"><v><l id="116949" t="и"><g v="CONJ"></g></l></v><v><l id="116950" t="и"><g v="INTJ"></g></l></v></tfr></token><token text="достоверно" id="609385"><tfr rev_id="3526389" t="достоверно"><v><l id="90569" t="достоверно"><g v="ADVB"></g></l></v></tfr></token><token text="." id="609386"><tfr rev_id="1441807" t="."><v><l id="0" t="."><g v="PNCT"></g></l></v></tfr></token></tokens></sentence><sentence id="34043"><source>Формат викторины Jeopardy является исключительно трудным, поскольку предлагаемые участникам подсказки вынуждают их анализировать тонкие смысловые оттенки, учитывать иронию, разгадывать загадки и преодолевать другие сложности, то есть заниматься теми видами деятельности, которые люди традиционно выполняют лучше, чем компьютеры.</source><tokens><token text="Формат" id="609387"><tfr rev_id="1441808" t="Формат"><v><l id="367137" t="формат"><g v="NOUN"></g><g v="inan"></g><g v="masc"></g><g v="sing"></g><g v="nomn"></g></l></v><v><l id="367137" t="формат"><g v="NOUN"></g><g v="inan"></g><g v="masc"></g><g v="sing"></g><g v="accs"></g></l></v></tfr></token><token text="викторины" id="609388"><tfr rev_id="4100210" t="викторины"><v><l id="44831" t="викторина"><g v="NOUN"></g><g v="inan"></g><g v="femn"></g><g v="sing"></g><g v="gent"></g></l></v></tfr></token><token text="Jeopardy" id="609389"><tfr rev_id="2474775" t="Jeopardy"><v><l id="0" t="Jeopardy"><g v="LATN"></g></l></v></tfr></token><token text="является" id="609390"><tfr rev_id="1441811" t="является"><v><l id="387385" t="являюсь"><g v="VERB"></g><g v="impf"></g><g v="intr"></g><g v="sing"></g><g v="3per"></g><g v="pres"></g><g v="indc"></g></l></v></tfr></token><token text="исключительно" id="609391"><tfr rev_id="1441812" t="исключительно"><v><l id="124358" t="исключительно"><g v="ADVB"></g></l></v><v><l id="124359" t="исключительно"><g v="PRCL"></g></l></v><v><l id="124362" t="исключителен"><g v="ADJS"></g><g v="neut"></g><g v="sing"></g></l></v></tfr></token><token text="трудным" id="609392"><tfr rev_id="4462834" t="трудным"><v><l id="350851" t="трудный"><g v="ADJF"></g><g v="Qual"></g><g v="masc"></g><g v="sing"></g><g v="ablt"></g></l></v></tfr></token><token text="," id="609393"><tfr rev_id="1441814" t=","><v><l id="0" t=","><g v="PNCT"></g></l></v></tfr></token><token text="поскольку" id="609394"><tfr rev_id="1441815" t="поскольку"><v><l id="261429" t="поскольку"><g v="CONJ"></g></l></v></tfr></token><token text="предлагаемые" id="609395"><tfr rev_id="1441816" t="предлагаемые"><v><l id="266522" t="предлагаемый"><g v="PRTF"></g><g v="impf"></g><g v="tran"></g><g v="pres"></g><g v="pssv"></g><g v="plur"></g><g v="nomn"></g></l></v><v><l id="266522" t="предлагаемый"><g v="PRTF"></g><g v="impf"></g><g v="tran"></g><g v="pres"></g><g v="pssv"></g><g v="inan"></g><g v="plur"></g><g v="accs"></g></l></v></tfr></token><token text="участникам" id="609396"><tfr rev_id="1441817" t="участникам"><v><l id="363151" t="участник"><g v="NOUN"></g><g v="anim"></g><g v="masc"></g><g v="plur"></g><g v="datv"></g></l></v></tfr></token><token text="подсказки" id="609397"><tfr rev_id="3762423" t="подсказки"><v><l id="250386" t="подсказка"><g v="NOUN"></g><g v="inan"></g><g v="femn"></g><g v="plur"></g><g v="nomn"></g></l></v></tfr></token><token text="вынуждают" id="609398"><tfr rev_id="1441819" t="вынуждают"><v><l id="59956" t="вынуждаю"><g v="VERB"></g><g v="impf"></g><g v="tran"></g><g v="plur"></g><g v="3per"></g><g v="pres"></g><g v="indc"></g></l></v></tfr></token><token text="их" id="609399"><tfr rev_id="4476457" t="их"><v><l id="206619" t="они"><g v="NPRO"></g><g v="3per"></g><g v="Anph"></g><g v="plur"></g><g v="gent"></g></l></v><v><l id="206619" t="они"><g v="NPRO"></g><g v="3per"></g><g v="Anph"></g><g v="plur"></g><g v="accs"></g></l></v></tfr></token><token text="анализировать" id="609400"><tfr rev_id="1441821" t="анализировать"><v><l id="12211" t="анализировать"><g v="INFN"></g><g v="impf"></g><g v="tran"></g></l></v></tfr></token><token text="тонкие" id="609401"><tfr rev_id="3795275" t="тонкие"><v><l id="347620" t="тонкий"><g v="ADJF"></g><g v="Qual"></g><g v="inan"></g><g v="plur"></g><g v="accs"></g></l></v></tfr></token><token text="смысловые" id="609402"><tfr rev_id="3794028" t="смысловые"><v><l id="327005" t="смысловой"><g v="ADJF"></g><g v="inan"></g><g v="plur"></g><g v="accs"></g></l></v></tfr></token><token text="оттенки" id="609403"><tfr rev_id="2757321" t="оттенки"><v><l id="218957" t="оттенок"><g v="NOUN"></g><g v="inan"></g><g v="masc"></g><g v="plur"></g><g v="accs"></g></l></v></tfr></token><token text="," id="609404"><tfr rev_id="1441825" t=","><v><l id="0" t=","><g v="PNCT"></g></l></v></tfr></token><token text="учитывать" id="609405"><tfr rev_id="1441826" t="учитывать"><v><l id="363302" t="учитывать"><g v="INFN"></g><g v="impf"></g><g v="tran"></g></l></v></tfr></token><token text="иронию" id="609406"><tfr rev_id="1441827" t="иронию"><v><l id="124083" t="ирония"><g v="NOUN"></g><g v="inan"></g><g v="femn"></g><g v="sing"></g><g v="accs"></g></l></v></tfr></token><token text="," id="609407"><tfr rev_id="1441828" t=","><v><l id="0" t=","><g v="PNCT"></g></l></v></tfr></token><token text="разгадывать" id="609408"><tfr rev_id="1441829" t="разгадывать"><v><l id="292884" t="разгадывать"><g v="INFN"></g><g v="impf"></g><g v="tran"></g></l></v></tfr></token><token text="загадки" id="609409"><tfr rev_id="3801030" t="загадки"><v><l id="100237" t="загадка"><g v="NOUN"></g><g v="inan"></g><g v="femn"></g><g v="plur"></g><g v="accs"></g></l></v></tfr></token><token text="и" id="609410"><tfr rev_id="1441831" t="и"><v><l id="116949" t="и"><g v="CONJ"></g></l></v><v><l id="116950" t="и"><g v="INTJ"></g></l></v></tfr></token><token text="преодолевать" id="609411"><tfr rev_id="1441832" t="преодолевать"><v><l id="267877" t="преодолевать"><g v="INFN"></g><g v="impf"></g><g v="tran"></g></l></v></tfr></token><token text="другие" id="609412"><tfr rev_id="3813374" t="другие"><v><l id="92342" t="другой"><g v="ADJF"></g><g v="Apro"></g><g v="Subx"></g><g v="inan"></g><g v="plur"></g><g v="accs"></g></l></v></tfr></token><token text="сложности" id="609413"><tfr rev_id="3768705" t="сложности"><v><l id="325272" t="сложность"><g v="NOUN"></g><g v="inan"></g><g v="femn"></g><g v="plur"></g><g v="accs"></g></l></v></tfr></token><token text="," id="609414"><tfr rev_id="1441835" t=","><v><l id="0" t=","><g v="PNCT"></g></l></v></tfr></token><token text="то" id="609415"><tfr rev_id="3777531" t="то"><v><l id="346835" t="то"><g v="CONJ"></g></l></v><v><l id="346836" t="то"><g v="PRCL"></g></l></v><v><l id="348430" t="тот"><g v="ADJF"></g><g v="Subx"></g><g v="Apro"></g><g v="Anph"></g><g v="neut"></g><g v="sing"></g><g v="nomn"></g></l></v><v><l id="348430" t="тот"><g v="ADJF"></g><g v="Subx"></g><g v="Apro"></g><g v="Anph"></g><g v="neut"></g><g v="sing"></g><g v="accs"></g></l></v></tfr></token><token text="есть" id="609416"><tfr rev_id="4393894" t="есть"><v><l id="37265" t="есть"><g v="VERB"></g><g v="impf"></g><g v="intr"></g><g v="sing"></g><g v="3per"></g><g v="pres"></g><g v="indc"></g></l></v><v><l id="37265" t="есть"><g v="VERB"></g><g v="impf"></g><g v="intr"></g><g v="plur"></g><g v="3per"></g><g v="pres"></g><g v="indc"></g></l></v></tfr></token><token text="заниматься" id="609417"><tfr rev_id="1441838" t="заниматься"><v><l id="106420" t="заниматься"><g v="INFN"></g><g v="impf"></g><g v="intr"></g></l></v></tfr></token><token text="теми" id="609418"><tfr rev_id="3780809" t="теми"><v><l id="348430" t="тот"><g v="ADJF"></g><g v="Subx"></g><g v="Apro"></g><g v="Anph"></g><g v="plur"></g><g v="ablt"></g></l></v></tfr></token><token text="видами" id="609419"><tfr rev_id="1441840" t="видами"><v><l id="44437" t="вид"><g v="NOUN"></g><g v="inan"></g><g v="masc"></g><g v="plur"></g><g v="ablt"></g></l></v></tfr></token><token text="деятельности" id="609420"><tfr rev_id="4288169" t="деятельности"><v><l id="82512" t="деятельность"><g v="NOUN"></g><g v="inan"></g><g v="femn"></g><g v="sing"></g><g v="gent"></g></l></v></tfr></token><token text="," id="609421"><tfr rev_id="1441842" t=","><v><l id="0" t=","><g v="PNCT"></g></l></v></tfr></token><token text="которые" id="609422"><tfr rev_id="3750193" t="которые"><v><l id="141203" t="который"><g v="ADJF"></g><g v="Apro"></g><g v="Subx"></g><g v="Anph"></g><g v="inan"></g><g v="plur"></g><g v="accs"></g></l></v></tfr></token><token text="люди" id="609423"><tfr rev_id="1441844" t="люди"><v><l id="375073" t="человек"><g v="NOUN"></g><g v="anim"></g><g v="masc"></g><g v="plur"></g><g v="nomn"></g></l></v></tfr></token><token text="традиционно" id="609424"><tfr rev_id="3646881" t="традиционно"><v><l id="388629" t="традиционно"><g v="ADVB"></g></l></v></tfr></token><token text="выполняют" id="609425"><tfr rev_id="1441846" t="выполняют"><v><l id="60636" t="выполняю"><g v="VERB"></g><g v="impf"></g><g v="tran"></g><g v="plur"></g><g v="3per"></g><g v="pres"></g><g v="indc"></g></l></v></tfr></token><token text="лучше" id="609426"><tfr rev_id="1441847" t="лучше"><v><l id="151661" t="лучше"><g v="PRCL"></g></l></v><v><l id="371670" t="лучше"><g v="COMP"></g><g v="Qual"></g></l></v></tfr></token><token text="," id="609427"><tfr rev_id="1441848" t=","><v><l id="0" t=","><g v="PNCT"></g></l></v></tfr></token><token text="чем" id="609428"><tfr rev_id="4320785" t="чем"><v><l id="375161" t="чем"><g v="CONJ"></g></l></v></tfr></token><token text="компьютеры" id="609429"><tfr rev_id="3751730" t="компьютеры"><v><l id="137413" t="компьютер"><g v="NOUN"></g><g v="inan"></g><g v="masc"></g><g v="plur"></g><g v="nomn"></g></l></v></tfr></token><token text="." id="609430"><tfr rev_id="1441851" t="."><v><l id="0" t="."><g v="PNCT"></g></l></v></tfr></token></tokens></sentence><sentence id="34044"><source>«После четырёх лет работы наша научная группа уверена в том, что система Watson готова к этому состязанию.</source><tokens><token text="«" id="609431"><tfr rev_id="2443830" t="«"><v><l id="0" t="«"><g v="PNCT"></g></l></v></tfr></token><token text="После" id="609432"><tfr rev_id="4406372" t="После"><v><l id="261542" t="после"><g v="PREP"></g></l></v></tfr></token><token text="четырёх" id="609433"><tfr rev_id="2781544" t="четырёх"><v><l id="376181" t="четыре"><g v="NUMR"></g><g v="gent"></g></l></v></tfr></token><token text="лет" id="609434"><tfr rev_id="3473137" t="лет"><v><l id="72149" t="год"><g v="NOUN"></g><g v="inan"></g><g v="masc"></g><g v="plur"></g><g v="gent"></g></l></v></tfr></token><token text="работы" id="609435"><tfr rev_id="3438222" t="работы"><v><l id="290501" t="работа"><g v="NOUN"></g><g v="inan"></g><g v="femn"></g><g v="sing"></g><g v="gent"></g></l></v></tfr></token><token text="наша" id="609436"><tfr rev_id="1441857" t="наша"><v><l id="178492" t="наш"><g v="ADJF"></g><g v="Apro"></g><g v="femn"></g><g v="sing"></g><g v="nomn"></g></l></v></tfr></token><token text="научная" id="609437"><tfr rev_id="1441858" t="научная"><v><l id="177544" t="научный"><g v="ADJF"></g><g v="Qual"></g><g v="femn"></g><g v="sing"></g><g v="nomn"></g></l></v></tfr></token><token text="группа" id="609438"><tfr rev_id="1441859" t="группа"><v><l id="76092" t="группа"><g v="NOUN"></g><g v="inan"></g><g v="femn"></g><g v="sing"></g><g v="nomn"></g></l></v></tfr></token><token text="уверена" id="609439"><tfr rev_id="1441860" t="уверена"><v><l id="353446" t="уверен"><g v="PRTS"></g><g v="perf"></g><g v="past"></g><g v="pssv"></g><g v="femn"></g><g v="sing"></g></l></v></tfr></token><token text="в" id="609440"><tfr rev_id="1441861" t="в"><v><l id="37409" t="в"><g v="PREP"></g></l></v></tfr></token><token text="том" id="609441"><tfr rev_id="4286932" t="том"><v><l id="348430" t="тот"><g v="ADJF"></g><g v="Subx"></g><g v="Apro"></g><g v="Anph"></g><g v="masc"></g><g v="sing"></g><g v="loct"></g></l></v><v><l id="348430" t="тот"><g v="ADJF"></g><g v="Subx"></g><g v="Apro"></g><g v="Anph"></g><g v="neut"></g><g v="sing"></g><g v="loct"></g></l></v></tfr></token><token text="," id="609442"><tfr rev_id="1441863" t=","><v><l id="0" t=","><g v="PNCT"></g></l></v></tfr></token><token text="что" id="609443"><tfr rev_id="3196860" t="что"><v><l id="377004" t="что"><g v="CONJ"></g></l></v><v><l id="377005" t="что"><g v="NPRO"></g><g v="neut"></g><g v="sing"></g><g v="nomn"></g></l></v><v><l id="377005" t="что"><g v="NPRO"></g><g v="neut"></g><g v="sing"></g><g v="accs"></g></l></v><v><l id="377006" t="что"><g v="ADVB"></g><g v="Ques"></g></l></v><v><l id="388695" t="что"><g v="PRCL"></g></l></v></tfr></token><token text="система" id="609444"><tfr rev_id="1441865" t="система"><v><l id="321350" t="система"><g v="NOUN"></g><g v="inan"></g><g v="femn"></g><g v="sing"></g><g v="nomn"></g></l></v></tfr></token><token text="Watson" id="609445"><tfr rev_id="2474776" t="Watson"><v><l id="0" t="Watson"><g v="LATN"></g></l></v></tfr></token><token text="готова" id="609446"><tfr rev_id="1441867" t="готова"><v><l id="74227" t="готов"><g v="ADJS"></g><g v="Qual"></g><g v="femn"></g><g v="sing"></g></l></v></tfr></token><token text="к" id="609447"><tfr rev_id="1441868" t="к"><v><l id="127460" t="к"><g v="PREP"></g></l></v></tfr></token><token text="этому" id="609448"><tfr rev_id="4486708" t="этому"><v><l id="386581" t="этот"><g v="ADJF"></g><g v="Subx"></g><g v="Apro"></g><g v="Anph"></g><g v="neut"></g><g v="sing"></g><g v="datv"></g></l></v></tfr></token><token text="состязанию" id="609449"><tfr rev_id="1441870" t="состязанию"><v><l id="330723" t="состязание"><g v="NOUN"></g><g v="inan"></g><g v="neut"></g><g v="sing"></g><g v="datv"></g></l></v></tfr></token><token text="." id="609450"><tfr rev_id="1441871" t="."><v><l id="0" t="."><g v="PNCT"></g></l></v></tfr></token></tokens></sentence><sentence id="34045"><source>Она способна быстро осознавать, что означает подсказка Jeopardy, анализировать доступную информацию и быстро находить точные и достоверные ответы.</source><tokens><token text="Она" id="609451"><tfr rev_id="3586474" t="Она"><v><l id="206544" t="она"><g v="NPRO"></g><g v="femn"></g><g v="3per"></g><g v="Anph"></g><g v="sing"></g><g v="nomn"></g></l></v></tfr></token><token text="способна" id="609452"><tfr rev_id="1441873" t="способна"><v><l id="332839" t="способен"><g v="ADJS"></g><g v="Qual"></g><g v="femn"></g><g v="sing"></g></l></v></tfr></token><token text="быстро" id="609453"><tfr rev_id="1441874" t="быстро"><v><l id="37073" t="быстро"><g v="ADVB"></g></l></v><v><l id="37234" t="быстр"><g v="ADJS"></g><g v="Qual"></g><g v="neut"></g><g v="sing"></g></l></v></tfr></token><token text="осознавать" id="609454"><tfr rev_id="1441875" t="осознавать"><v><l id="210691" t="осознавать"><g v="INFN"></g><g v="impf"></g><g v="tran"></g></l></v></tfr></token><token text="," id="609455"><tfr rev_id="1441876" t=","><v><l id="0" t=","><g v="PNCT"></g></l></v></tfr></token><token text="что" id="609456"><tfr rev_id="3196861" t="что"><v><l id="377004" t="что"><g v="CONJ"></g></l></v><v><l id="377005" t="что"><g v="NPRO"></g><g v="neut"></g><g v="sing"></g><g v="nomn"></g></l></v><v><l id="377005" t="что"><g v="NPRO"></g><g v="neut"></g><g v="sing"></g><g v="accs"></g></l></v><v><l id="377006" t="что"><g v="ADVB"></g><g v="Ques"></g></l></v><v><l id="388695" t="что"><g v="PRCL"></g></l></v></tfr></token><token text="означает" id="609457"><tfr rev_id="1441878" t="означает"><v><l id="204299" t="означаю"><g v="VERB"></g><g v="impf"></g><g v="tran"></g><g v="sing"></g><g v="3per"></g><g v="pres"></g><g v="indc"></g></l></v></tfr></token><token text="подсказка" id="609458"><tfr rev_id="1441879" t="подсказка"><v><l id="250386" t="подсказка"><g v="NOUN"></g><g v="inan"></g><g v="femn"></g><g v="sing"></g><g v="nomn"></g></l></v></tfr></token><token text="Jeopardy" id="609459"><tfr rev_id="2474777" t="Jeopardy"><v><l id="0" t="Jeopardy"><g v="LATN"></g></l></v></tfr></token><token text="," id="609460"><tfr rev_id="1441881" t=","><v><l id="0" t=","><g v="PNCT"></g></l></v></tfr></token><token text="анализировать" id="609461"><tfr rev_id="1441882" t="анализировать"><v><l id="12211" t="анализировать"><g v="INFN"></g><g v="impf"></g><g v="tran"></g></l></v></tfr></token><token text="доступную" id="609462"><tfr rev_id="1441883" t="доступную"><v><l id="90730" t="доступный"><g v="ADJF"></g><g v="Qual"></g><g v="femn"></g><g v="sing"></g><g v="accs"></g></l></v></tfr></token><token text="информацию" id="609463"><tfr rev_id="1441884" t="информацию"><v><l id="123576" t="информация"><g v="NOUN"></g><g v="inan"></g><g v="femn"></g><g v="sing"></g><g v="accs"></g></l></v></tfr></token><token text="и" id="609464"><tfr rev_id="4238569" t="и"><v><l id="116949" t="и"><g v="CONJ"></g></l></v></tfr></token><token text="быстро" id="609465"><tfr rev_id="1441886" t="быстро"><v><l id="37073" t="быстро"><g v="ADVB"></g></l></v><v><l id="37234" t="быстр"><g v="ADJS"></g><g v="Qual"></g><g v="neut"></g><g v="sing"></g></l></v></tfr></token><token text="находить" id="609466"><tfr rev_id="1441887" t="находить"><v><l id="177886" t="находить"><g v="INFN"></g><g v="impf"></g><g v="tran"></g></l></v><v><l id="177893" t="находить"><g v="INFN"></g><g v="perf"></g><g v="tran"></g></l></v></tfr></token><token text="точные" id="609467"><tfr rev_id="3765597" t="точные"><v><l id="348518" t="точный"><g v="ADJF"></g><g v="Qual"></g><g v="inan"></g><g v="plur"></g><g v="accs"></g></l></v></tfr></token><token text="и" id="609468"><tfr rev_id="1441889" t="и"><v><l id="116949" t="и"><g v="CONJ"></g></l></v><v><l id="116950" t="и"><g v="INTJ"></g></l></v></tfr></token><token text="достоверные" id="609469"><tfr rev_id="3820287" t="достоверные"><v><l id="90571" t="достоверный"><g v="ADJF"></g><g v="Qual"></g><g v="inan"></g><g v="plur"></g><g v="accs"></g></l></v></tfr></token><token text="ответы" id="609470"><tfr rev_id="3749479" t="ответы"><v><l id="212408" t="ответ"><g v="NOUN"></g><g v="inan"></g><g v="masc"></g><g v="plur"></g><g v="accs"></g></l></v></tfr></token><token text="." id="609471"><tfr rev_id="1441892" t="."><v><l id="0" t="."><g v="PNCT"></g></l></v></tfr></token></tokens></sentence><sentence id="34046"><source>Мы не только волнуемся за результаты самого состязания, наша группа испытывает сильное воодушевление благодаря возможностям, которые революционная компьютерная система Watson открывает в таких областях, как построение более разумной планеты и содействие людям в решении бизнес-задач и повышении качества жизни»,</source><tokens><token text="Мы" id="609472"><tfr rev_id="1441893" t="Мы"><v><l id="165750" t="мы"><g v="NPRO"></g><g v="1per"></g><g v="plur"></g><g v="nomn"></g></l></v></tfr></token><token text="не" id="609473"><tfr rev_id="1441894" t="не"><v><l id="178876" t="не"><g v="PRCL"></g></l></v></tfr></token><token text="только" id="609474"><tfr rev_id="3784073" t="только"><v><l id="347395" t="только"><g v="CONJ"></g></l></v><v><l id="347396" t="только"><g v="PRCL"></g></l></v><v><l id="390053" t="только"><g v="ADVB"></g></l></v></tfr></token><token text="волнуемся" id="609475"><tfr rev_id="1441896" t="волнуемся"><v><l id="50036" t="волнуюсь"><g v="VERB"></g><g v="impf"></g><g v="intr"></g><g v="plur"></g><g v="1per"></g><g v="pres"></g><g v="indc"></g></l></v></tfr></token><token text="за" id="609476"><tfr rev_id="1441897" t="за"><v><l id="98043" t="за"><g v="PREP"></g></l></v></tfr></token><token text="результаты" id="609477"><tfr rev_id="3744121" t="результаты"><v><l id="305391" t="результат"><g v="NOUN"></g><g v="inan"></g><g v="masc"></g><g v="plur"></g><g v="accs"></g></l></v></tfr></token><token text="самого" id="609478"><tfr rev_id="3549261" t="самого"><v><l id="312034" t="сам"><g v="ADJF"></g><g v="Apro"></g><g v="neut"></g><g v="sing"></g><g v="gent"></g></l></v><v><l id="313174" t="самый"><g v="ADJF"></g><g v="Apro"></g><g v="neut"></g><g v="sing"></g><g v="gent"></g></l></v></tfr></token><token text="состязания" id="609479"><tfr rev_id="3439685" t="состязания"><v><l id="330723" t="состязание"><g v="NOUN"></g><g v="inan"></g><g v="neut"></g><g v="sing"></g><g v="gent"></g></l></v></tfr></token><token text="," id="609480"><tfr rev_id="1441901" t=","><v><l id="0" t=","><g v="PNCT"></g></l></v></tfr></token><token text="наша" id="609481"><tfr rev_id="1441902" t="наша"><v><l id="178492" t="наш"><g v="ADJF"></g><g v="Apro"></g><g v="femn"></g><g v="sing"></g><g v="nomn"></g></l></v></tfr></token><token text="группа" id="609482"><tfr rev_id="1441903" t="группа"><v><l id="76092" t="группа"><g v="NOUN"></g><g v="inan"></g><g v="femn"></g><g v="sing"></g><g v="nomn"></g></l></v></tfr></token><token text="испытывает" id="609483"><tfr rev_id="1441904" t="испытывает"><v><l id="125681" t="испытываю"><g v="VERB"></g><g v="impf"></g><g v="tran"></g><g v="sing"></g><g v="3per"></g><g v="pres"></g><g v="indc"></g></l></v></tfr></token><token text="сильное" id="609484"><tfr rev_id="1441905" t="сильное"><v><l id="320610" t="сильный"><g v="ADJF"></g><g v="Qual"></g><g v="neut"></g><g v="sing"></g><g v="nomn"></g></l></v><v><l id="320610" t="сильный"><g v="ADJF"></g><g v="Qual"></g><g v="neut"></g><g v="sing"></g><g v="accs"></g></l></v></tfr></token><token text="воодушевление" id="609485"><tfr rev_id="1441906" t="воодушевление"><v><l id="50749" t="воодушевление"><g v="NOUN"></g><g v="inan"></g><g v="neut"></g><g v="sing"></g><g v="nomn"></g></l></v><v><l id="50749" t="воодушевление"><g v="NOUN"></g><g v="inan"></g><g v="neut"></g><g v="sing"></g><g v="accs"></g></l></v></tfr></token><token text="благодаря" id="609486"><tfr rev_id="3452705" t="благодаря"><v><l id="30404" t="благодаря"><g v="PREP"></g></l></v></tfr></token><token text="возможностям" id="609487"><tfr rev_id="1441908" t="возможностям"><v><l id="49410" t="возможность"><g v="NOUN"></g><g v="inan"></g><g v="femn"></g><g v="plur"></g><g v="datv"></g></l></v></tfr></token><token text="," id="609488"><tfr rev_id="1441909" t=","><v><l id="0" t=","><g v="PNCT"></g></l></v></tfr></token><token text="которые" id="609489"><tfr rev_id="3794467" t="которые"><v><l id="141203" t="который"><g v="ADJF"></g><g v="Apro"></g><g v="Subx"></g><g v="Anph"></g><g v="inan"></g><g v="plur"></g><g v="accs"></g></l></v></tfr></token><token text="революционная" id="609490"><tfr rev_id="1441911" t="революционная"><v><l id="304728" t="революционный"><g v="ADJF"></g><g v="Qual"></g><g v="femn"></g><g v="sing"></g><g v="nomn"></g></l></v></tfr></token><token text="компьютерная" id="609491"><tfr rev_id="1441912" t="компьютерная"><v><l id="137452" t="компьютерный"><g v="ADJF"></g><g v="femn"></g><g v="sing"></g><g v="nomn"></g></l></v></tfr></token><token text="система" id="609492"><tfr rev_id="1441913" t="система"><v><l id="321350" t="система"><g v="NOUN"></g><g v="inan"></g><g v="femn"></g><g v="sing"></g><g v="nomn"></g></l></v></tfr></token><token text="Watson" id="609493"><tfr rev_id="2474778" t="Watson"><v><l id="0" t="Watson"><g v="LATN"></g></l></v></tfr></token><token text="открывает" id="609494"><tfr rev_id="1441915" t="открывает"><v><l id="214732" t="открываю"><g v="VERB"></g><g v="impf"></g><g v="tran"></g><g v="sing"></g><g v="3per"></g><g v="pres"></g><g v="indc"></g></l></v></tfr></token><token text="в" id="609495"><tfr rev_id="1441916" t="в"><v><l id="37409" t="в"><g v="PREP"></g></l></v></tfr></token><token text="таких" id="609496"><tfr rev_id="4403115" t="таких"><v><l id="342491" t="такой"><g v="ADJF"></g><g v="Apro"></g><g v="plur"></g><g v="loct"></g></l></v></tfr></token><token text="областях" id="609497"><tfr rev_id="1441918" t="областях"><v><l id="196229" t="область"><g v="NOUN"></g><g v="inan"></g><g v="femn"></g><g v="plur"></g><g v="loct"></g></l></v></tfr></token><token text="," id="609498"><tfr rev_id="1441919" t=","><v><l id="0" t=","><g v="PNCT"></g></l></v></tfr></token><token text="как" id="609499"><tfr rev_id="1441920" t="как"><v><l id="128190" t="как"><g v="CONJ"></g></l></v><v><l id="128191" t="как"><g v="PRCL"></g></l></v><v><l id="128192" t="как"><g v="ADVB"></g><g v="Ques"></g></l></v></tfr></token><token text="построение" id="609500"><tfr rev_id="3530789" t="построение"><v><l id="262515" t="построение"><g v="NOUN"></g><g v="inan"></g><g v="neut"></g><g v="sing"></g><g v="nomn"></g></l></v></tfr></token><token text="более" id="609501"><tfr rev_id="1441922" t="более"><v><l id="32065" t="более"><g v="ADVB"></g></l></v></tfr></token><token text="разумной" id="609502"><tfr rev_id="4423752" t="разумной"><v><l id="297132" t="разумный"><g v="ADJF"></g><g v="Qual"></g><g v="femn"></g><g v="sing"></g><g v="gent"></g></l></v></tfr></token><token text="планеты" id="609503"><tfr rev_id="3469892" t="планеты"><v><l id="239690" t="планета"><g v="NOUN"></g><g v="inan"></g><g v="femn"></g><g v="sing"></g><g v="gent"></g></l></v></tfr></token><token text="и" id="609504"><tfr rev_id="3696873" t="и"><v><l id="116949" t="и"><g v="CONJ"></g></l></v></tfr></token><token text="содействие" id="609505"><tfr rev_id="1441926" t="содействие"><v><l id="328398" t="содействие"><g v="NOUN"></g><g v="inan"></g><g v="neut"></g><g v="sing"></g><g v="nomn"></g></l></v><v><l id="328398" t="содействие"><g v="NOUN"></g><g v="inan"></g><g v="neut"></g><g v="sing"></g><g v="accs"></g></l></v></tfr></token><token text="людям" id="609506"><tfr rev_id="1441927" t="людям"><v><l id="375073" t="человек"><g v="NOUN"></g><g v="anim"></g><g v="masc"></g><g v="plur"></g><g v="datv"></g></l></v></tfr></token><token text="в" id="609507"><tfr rev_id="1441928" t="в"><v><l id="37409" t="в"><g v="PREP"></g></l></v></tfr></token><token text="решении" id="609508"><tfr rev_id="1441929" t="решении"><v><l id="307350" t="решение"><g v="NOUN"></g><g v="inan"></g><g v="neut"></g><g v="sing"></g><g v="loct"></g></l></v></tfr></token><token text="бизнес-задач" id="609509"><tfr rev_id="4541402" t="бизнес-задач"><v><l id="393059" t="бизнес-задача"><g v="NOUN"></g><g v="inan"></g><g v="femn"></g><g v="plur"></g><g v="gent"></g></l></v></tfr></token><token text="и" id="609510"><tfr rev_id="1441931" t="и"><v><l id="116949" t="и"><g v="CONJ"></g></l></v><v><l id="116950" t="и"><g v="INTJ"></g></l></v></tfr></token><token text="повышении" id="609511"><tfr rev_id="1441932" t="повышении"><v><l id="243063" t="повышение"><g v="NOUN"></g><g v="inan"></g><g v="neut"></g><g v="sing"></g><g v="loct"></g></l></v></tfr></token><token text="качества" id="609512"><tfr rev_id="3436490" t="качества"><v><l id="131638" t="качество"><g v="NOUN"></g><g v="inan"></g><g v="neut"></g><g v="sing"></g><g v="gent"></g></l></v></tfr></token><token text="жизни" id="609513"><tfr rev_id="4180049" t="жизни"><v><l id="97314" t="жизнь"><g v="NOUN"></g><g v="inan"></g><g v="femn"></g><g v="sing"></g><g v="gent"></g></l></v></tfr></token><token text="»" id="609514"><tfr rev_id="2443831" t="»"><v><l id="0" t="»"><g v="PNCT"></g></l></v></tfr></token><token text="," id="609515"><tfr rev_id="1441936" t=","><v><l id="0" t=","><g v="PNCT"></g></l></v></tfr></token></tokens></sentence><sentence id="34047"><source>— отмечает глава группы из IBM Research, которая создала систему Watson, Дэйвид Ферруччи.</source><tokens><token text="—" id="609516"><tfr rev_id="2443832" t="—"><v><l id="0" t="—"><g v="PNCT"></g></l></v></tfr></token><token text="отмечает" id="609517"><tfr rev_id="1441938" t="отмечает"><v><l id="215600" t="отмечаю"><g v="VERB"></g><g v="impf"></g><g v="tran"></g><g v="sing"></g><g v="3per"></g><g v="pres"></g><g v="indc"></g></l></v></tfr></token><token text="глава" id="609518"><tfr rev_id="4572271" t="глава"><v><l id="70790" t="глава"><g v="NOUN"></g><g v="anim"></g><g v="ms-f"></g><g v="sing"></g><g v="nomn"></g></l></v></tfr></token><token text="группы" id="609519"><tfr rev_id="3433081" t="группы"><v><l id="76092" t="группа"><g v="NOUN"></g><g v="inan"></g><g v="femn"></g><g v="sing"></g><g v="gent"></g></l></v></tfr></token><token text="из" id="609520"><tfr rev_id="1717912" t="из"><v><l id="117677" t="из"><g v="PREP"></g></l></v></tfr></token><token text="IBM" id="609521"><tfr rev_id="2474779" t="IBM"><v><l id="0" t="IBM"><g v="LATN"></g></l></v></tfr></token><token text="Research" id="609522"><tfr rev_id="2474780" t="Research"><v><l id="0" t="Research"><g v="LATN"></g></l></v></tfr></token><token text="," id="609523"><tfr rev_id="1441944" t=","><v><l id="0" t=","><g v="PNCT"></g></l></v></tfr></token><token text="которая" id="609524"><tfr rev_id="3639810" t="которая"><v><l id="141203" t="который"><g v="ADJF"></g><g v="Apro"></g><g v="Subx"></g><g v="Anph"></g><g v="femn"></g><g v="sing"></g><g v="nomn"></g></l></v></tfr></token><token text="создала" id="609525"><tfr rev_id="1441946" t="создала"><v><l id="328585" t="создал"><g v="VERB"></g><g v="perf"></g><g v="tran"></g><g v="femn"></g><g v="sing"></g><g v="past"></g><g v="indc"></g></l></v></tfr></token><token text="систему" id="609526"><tfr rev_id="1441947" t="систему"><v><l id="321350" t="система"><g v="NOUN"></g><g v="inan"></g><g v="femn"></g><g v="sing"></g><g v="accs"></g></l></v></tfr></token><token text="Watson" id="609527"><tfr rev_id="2474781" t="Watson"><v><l id="0" t="Watson"><g v="LATN"></g></l></v></tfr></token><token text="," id="609528"><tfr rev_id="1441949" t=","><v><l id="0" t=","><g v="PNCT"></g></l></v></tfr></token><token text="Дэйвид" id="609529"><tfr rev_id="1441950" t="Дэйвид"><v><l id="0" t="дэйвид"><g v="UNKN"></g></l></v></tfr></token><token text="Ферруччи" id="609530"><tfr rev_id="1441951" t="Ферруччи"><v><l id="0" t="ферруччи"><g v="UNKN"></g></l></v></tfr></token><token text="." id="609531"><tfr rev_id="1441952" t="."><v><l id="0" t="."><g v="PNCT"></g></l></v></tfr></token></tokens></sentence></paragraph></paragraphs></text>