<?xml version="1.0" encoding="utf-8"?><text parent="226" id="1163" name="20307: Тест на наркотики в России может стать обязательным"><tags><tag>url:http://www.chaskor.ru/news/test_na_narkotiki_v_rossii_mozhet_stat_obyazatelnym_20307</tag></tags><paragraphs><paragraph id="10994"><sentence id="34491"><source>Тест на наркотики в России может стать обязательным</source><tokens><token text="Тест" id="616154"><tfr rev_id="3460943" t="Тест"><v><l id="345755" t="тест"><g v="NOUN"></g><g v="inan"></g><g v="masc"></g><g v="sing"></g><g v="nomn"></g></l></v><v><l id="345755" t="тест"><g v="NOUN"></g><g v="inan"></g><g v="masc"></g><g v="sing"></g><g v="accs"></g></l></v></tfr></token><token text="на" id="616155"><tfr rev_id="3341527" t="на"><v><l id="166264" t="на"><g v="PREP"></g></l></v></tfr></token><token text="наркотики" id="616156"><tfr rev_id="4280806" t="наркотики"><v><l id="174689" t="наркотик"><g v="NOUN"></g><g v="inan"></g><g v="masc"></g><g v="plur"></g><g v="accs"></g></l></v></tfr></token><token text="в" id="616157"><tfr rev_id="1448404" t="в"><v><l id="37409" t="в"><g v="PREP"></g></l></v></tfr></token><token text="России" id="616158"><tfr rev_id="2934795" t="России"><v><l id="309322" t="россия"><g v="NOUN"></g><g v="inan"></g><g v="femn"></g><g v="Sgtm"></g><g v="Geox"></g><g v="sing"></g><g v="loct"></g></l></v></tfr></token><token text="может" id="616159"><tfr rev_id="4212432" t="может"><v><l id="164485" t="могу"><g v="VERB"></g><g v="impf"></g><g v="intr"></g><g v="sing"></g><g v="3per"></g><g v="pres"></g><g v="indc"></g></l></v></tfr></token><token text="стать" id="616160"><tfr rev_id="1712949" t="стать"><v><l id="335165" t="стать"><g v="INFN"></g><g v="perf"></g><g v="intr"></g></l></v></tfr></token><token text="обязательным" id="616161"><tfr rev_id="4462329" t="обязательным"><v><l id="202087" t="обязательный"><g v="ADJF"></g><g v="masc"></g><g v="sing"></g><g v="ablt"></g></l></v></tfr></token></tokens></sentence><sentence id="34492"><source>Эксперты считают, что проблема настолько серьёзна, что ориентироваться на согласие или несогласие человека уже нельзя.</source><tokens><token text="Эксперты" id="616162"><tfr rev_id="1448409" t="Эксперты"><v><l id="383582" t="эксперт"><g v="NOUN"></g><g v="anim"></g><g v="masc"></g><g v="plur"></g><g v="nomn"></g></l></v></tfr></token><token text="считают" id="616163"><tfr rev_id="1448410" t="считают"><v><l id="341320" t="считаю"><g v="VERB"></g><g v="impf"></g><g v="tran"></g><g v="plur"></g><g v="3per"></g><g v="pres"></g><g v="indc"></g></l></v><v><l id="341329" t="считал"><g v="VERB"></g><g v="perf"></g><g v="tran"></g><g v="plur"></g><g v="3per"></g><g v="futr"></g><g v="indc"></g></l></v></tfr></token><token text="," id="616164"><tfr rev_id="1448411" t=","><v><l id="0" t=","><g v="PNCT"></g></l></v></tfr></token><token text="что" id="616165"><tfr rev_id="3196939" t="что"><v><l id="377004" t="что"><g v="CONJ"></g></l></v><v><l id="377005" t="что"><g v="NPRO"></g><g v="neut"></g><g v="sing"></g><g v="nomn"></g></l></v><v><l id="377005" t="что"><g v="NPRO"></g><g v="neut"></g><g v="sing"></g><g v="accs"></g></l></v><v><l id="377006" t="что"><g v="ADVB"></g><g v="Ques"></g></l></v><v><l id="388695" t="что"><g v="PRCL"></g></l></v></tfr></token><token text="проблема" id="616166"><tfr rev_id="1448413" t="проблема"><v><l id="277255" t="проблема"><g v="NOUN"></g><g v="inan"></g><g v="femn"></g><g v="sing"></g><g v="nomn"></g></l></v></tfr></token><token text="настолько" id="616167"><tfr rev_id="1448414" t="настолько"><v><l id="176093" t="настолько"><g v="ADVB"></g><g v="Dmns"></g></l></v></tfr></token><token text="серьёзна" id="616168"><tfr rev_id="1448415" t="серьёзна"><v><l id="319560" t="серьёзен"><g v="ADJS"></g><g v="Qual"></g><g v="femn"></g><g v="sing"></g></l></v></tfr></token><token text="," id="616169"><tfr rev_id="1448416" t=","><v><l id="0" t=","><g v="PNCT"></g></l></v></tfr></token><token text="что" id="616170"><tfr rev_id="3196940" t="что"><v><l id="377004" t="что"><g v="CONJ"></g></l></v><v><l id="377005" t="что"><g v="NPRO"></g><g v="neut"></g><g v="sing"></g><g v="nomn"></g></l></v><v><l id="377005" t="что"><g v="NPRO"></g><g v="neut"></g><g v="sing"></g><g v="accs"></g></l></v><v><l id="377006" t="что"><g v="ADVB"></g><g v="Ques"></g></l></v><v><l id="388695" t="что"><g v="PRCL"></g></l></v></tfr></token><token text="ориентироваться" id="616171"><tfr rev_id="1448418" t="ориентироваться"><v><l id="209065" t="ориентироваться"><g v="INFN"></g><g v="impf"></g><g v="intr"></g></l></v></tfr></token><token text="на" id="616172"><tfr rev_id="3339357" t="на"><v><l id="166264" t="на"><g v="PREP"></g></l></v></tfr></token><token text="согласие" id="616173"><tfr rev_id="3430864" t="согласие"><v><l id="328240" t="согласие"><g v="NOUN"></g><g v="inan"></g><g v="neut"></g><g v="sing"></g><g v="accs"></g></l></v></tfr></token><token text="или" id="616174"><tfr rev_id="3787213" t="или"><v><l id="121146" t="или"><g v="CONJ"></g></l></v></tfr></token><token text="несогласие" id="616175"><tfr rev_id="1448422" t="несогласие"><v><l id="188362" t="несогласие"><g v="NOUN"></g><g v="inan"></g><g v="neut"></g><g v="sing"></g><g v="nomn"></g></l></v><v><l id="188362" t="несогласие"><g v="NOUN"></g><g v="inan"></g><g v="neut"></g><g v="sing"></g><g v="accs"></g></l></v></tfr></token><token text="человека" id="616176"><tfr rev_id="4397556" t="человека"><v><l id="375073" t="человек"><g v="NOUN"></g><g v="anim"></g><g v="masc"></g><g v="sing"></g><g v="gent"></g></l></v></tfr></token><token text="уже" id="616177"><tfr rev_id="2692740" t="уже"><v><l id="355422" t="уж"><g v="NOUN"></g><g v="anim"></g><g v="masc"></g><g v="sing"></g><g v="loct"></g></l></v><v><l id="355498" t="уже"><g v="ADVB"></g></l></v><v><l id="355674" t="уже"><g v="COMP"></g><g v="Qual"></g></l></v><v><l id="388673" t="уже"><g v="PRCL"></g></l></v></tfr></token><token text="нельзя" id="616178"><tfr rev_id="1448425" t="нельзя"><v><l id="183884" t="нельзя"><g v="PRED"></g><g v="pres"></g></l></v></tfr></token><token text="." id="616179"><tfr rev_id="1448426" t="."><v><l id="0" t="."><g v="PNCT"></g></l></v></tfr></token></tokens></sentence></paragraph><paragraph id="10995"><sentence id="34493"><source>Тестирование на употребление наркотиков должно стать обязательным в образовательных учреждениях, а также на предприятиях и в организациях.</source><tokens><token text="Тестирование" id="616180"><tfr rev_id="1448427" t="Тестирование"><v><l id="345762" t="тестирование"><g v="NOUN"></g><g v="inan"></g><g v="neut"></g><g v="Sgtm"></g><g v="sing"></g><g v="nomn"></g></l></v><v><l id="345762" t="тестирование"><g v="NOUN"></g><g v="inan"></g><g v="neut"></g><g v="Sgtm"></g><g v="sing"></g><g v="accs"></g></l></v></tfr></token><token text="на" id="616181"><tfr rev_id="3330661" t="на"><v><l id="166264" t="на"><g v="PREP"></g></l></v></tfr></token><token text="употребление" id="616182"><tfr rev_id="3523783" t="употребление"><v><l id="359178" t="употребление"><g v="NOUN"></g><g v="inan"></g><g v="neut"></g><g v="sing"></g><g v="accs"></g></l></v></tfr></token><token text="наркотиков" id="616183"><tfr rev_id="1448430" t="наркотиков"><v><l id="174689" t="наркотик"><g v="NOUN"></g><g v="inan"></g><g v="masc"></g><g v="plur"></g><g v="gent"></g></l></v></tfr></token><token text="должно" id="616184"><tfr rev_id="2559056" t="должно"><v><l id="87969" t="должно"><g v="PRED"></g><g v="pres"></g></l></v><v><l id="87975" t="должен"><g v="ADJS"></g><g v="neut"></g><g v="sing"></g></l></v></tfr></token><token text="стать" id="616185"><tfr rev_id="1712950" t="стать"><v><l id="335165" t="стать"><g v="INFN"></g><g v="perf"></g><g v="intr"></g></l></v></tfr></token><token text="обязательным" id="616186"><tfr rev_id="4381532" t="обязательным"><v><l id="202087" t="обязательный"><g v="ADJF"></g><g v="neut"></g><g v="sing"></g><g v="ablt"></g></l></v></tfr></token><token text="в" id="616187"><tfr rev_id="1448434" t="в"><v><l id="37409" t="в"><g v="PREP"></g></l></v></tfr></token><token text="образовательных" id="616188"><tfr rev_id="4359355" t="образовательных"><v><l id="198807" t="образовательный"><g v="ADJF"></g><g v="plur"></g><g v="loct"></g></l></v></tfr></token><token text="учреждениях" id="616189"><tfr rev_id="1448436" t="учреждениях"><v><l id="363361" t="учреждение"><g v="NOUN"></g><g v="inan"></g><g v="neut"></g><g v="plur"></g><g v="loct"></g></l></v></tfr></token><token text="," id="616190"><tfr rev_id="1448437" t=","><v><l id="0" t=","><g v="PNCT"></g></l></v></tfr></token><token text="а" id="616191"><tfr rev_id="3539806" t="а"><v><l id="51" t="а"><g v="CONJ"></g></l></v></tfr></token><token text="также" id="616192"><tfr rev_id="4267740" t="также"><v><l id="342482" t="также"><g v="PRCL"></g></l></v></tfr></token><token text="на" id="616193"><tfr rev_id="3334727" t="на"><v><l id="166264" t="на"><g v="PREP"></g></l></v></tfr></token><token text="предприятиях" id="616194"><tfr rev_id="1448441" t="предприятиях"><v><l id="266920" t="предприятие"><g v="NOUN"></g><g v="inan"></g><g v="neut"></g><g v="plur"></g><g v="loct"></g></l></v></tfr></token><token text="и" id="616195"><tfr rev_id="1448442" t="и"><v><l id="116949" t="и"><g v="CONJ"></g></l></v><v><l id="116950" t="и"><g v="INTJ"></g></l></v></tfr></token><token text="в" id="616196"><tfr rev_id="1448443" t="в"><v><l id="37409" t="в"><g v="PREP"></g></l></v></tfr></token><token text="организациях" id="616197"><tfr rev_id="1448444" t="организациях"><v><l id="208750" t="организация"><g v="NOUN"></g><g v="inan"></g><g v="femn"></g><g v="plur"></g><g v="loct"></g></l></v></tfr></token><token text="." id="616198"><tfr rev_id="1448445" t="."><v><l id="0" t="."><g v="PNCT"></g></l></v></tfr></token></tokens></sentence><sentence id="34494"><source>Такое заявление сделал президент Клуба военачальников РФ Анатолий Куликов.</source><tokens><token text="Такое" id="616199"><tfr rev_id="1448446" t="Такое"><v><l id="342491" t="такой"><g v="ADJF"></g><g v="Apro"></g><g v="neut"></g><g v="sing"></g><g v="nomn"></g></l></v><v><l id="342491" t="такой"><g v="ADJF"></g><g v="Apro"></g><g v="neut"></g><g v="sing"></g><g v="accs"></g></l></v></tfr></token><token text="заявление" id="616200"><tfr rev_id="3272760" t="заявление"><v><l id="114311" t="заявление"><g v="NOUN"></g><g v="inan"></g><g v="neut"></g><g v="sing"></g><g v="accs"></g></l></v></tfr></token><token text="сделал" id="616201"><tfr rev_id="1448448" t="сделал"><v><l id="317246" t="сделал"><g v="VERB"></g><g v="perf"></g><g v="tran"></g><g v="masc"></g><g v="sing"></g><g v="past"></g><g v="indc"></g></l></v></tfr></token><token text="президент" id="616202"><tfr rev_id="1448449" t="президент"><v><l id="267449" t="президент"><g v="NOUN"></g><g v="anim"></g><g v="masc"></g><g v="sing"></g><g v="nomn"></g></l></v></tfr></token><token text="Клуба" id="616203"><tfr rev_id="1448450" t="Клуба"><v><l id="134630" t="клуб"><g v="NOUN"></g><g v="inan"></g><g v="masc"></g><g v="sing"></g><g v="gent"></g></l></v></tfr></token><token text="военачальников" id="616204"><tfr rev_id="3704476" t="военачальников"><v><l id="48557" t="военачальник"><g v="NOUN"></g><g v="anim"></g><g v="masc"></g><g v="plur"></g><g v="gent"></g></l></v></tfr></token><token text="РФ" id="616205"><tfr rev_id="3466527" t="РФ"><v><l id="310486" t="рф"><g v="NOUN"></g><g v="inan"></g><g v="femn"></g><g v="Sgtm"></g><g v="Fixd"></g><g v="Abbr"></g><g v="Geox"></g><g v="sing"></g><g v="gent"></g></l></v></tfr></token><token text="Анатолий" id="616206"><tfr rev_id="3469241" t="Анатолий"><v><l id="12451" t="анатолий"><g v="NOUN"></g><g v="anim"></g><g v="masc"></g><g v="Name"></g><g v="sing"></g><g v="nomn"></g></l></v></tfr></token><token text="Куликов" id="616207"><tfr rev_id="3462488" t="Куликов"><v><l id="144725" t="куликов"><g v="NOUN"></g><g v="anim"></g><g v="masc"></g><g v="Sgtm"></g><g v="Surn"></g><g v="sing"></g><g v="nomn"></g></l></v></tfr></token><token text="." id="616208"><tfr rev_id="1448455" t="."><v><l id="0" t="."><g v="PNCT"></g></l></v></tfr></token></tokens></sentence><sentence id="34495"><source>«Необходимо ввести обязательное тестирование на наркотики среди школьников, студентов, преподавателей, представителей других профессий, а также получателей различных статусов.</source><tokens><token text="«" id="616209"><tfr rev_id="2444113" t="«"><v><l id="0" t="«"><g v="PNCT"></g></l></v></tfr></token><token text="Необходимо" id="616210"><tfr rev_id="1448457" t="Необходимо"><v><l id="184806" t="необходимо"><g v="PRED"></g><g v="pres"></g></l></v><v><l id="184810" t="необходим"><g v="ADJS"></g><g v="Qual"></g><g v="neut"></g><g v="sing"></g></l></v></tfr></token><token text="ввести" id="616211"><tfr rev_id="1448458" t="ввести"><v><l id="39716" t="ввести"><g v="INFN"></g><g v="perf"></g><g v="tran"></g></l></v></tfr></token><token text="обязательное" id="616212"><tfr rev_id="1448459" t="обязательное"><v><l id="202087" t="обязательный"><g v="ADJF"></g><g v="neut"></g><g v="sing"></g><g v="nomn"></g></l></v><v><l id="202087" t="обязательный"><g v="ADJF"></g><g v="neut"></g><g v="sing"></g><g v="accs"></g></l></v></tfr></token><token text="тестирование" id="616213"><tfr rev_id="1448460" t="тестирование"><v><l id="345762" t="тестирование"><g v="NOUN"></g><g v="inan"></g><g v="neut"></g><g v="Sgtm"></g><g v="sing"></g><g v="nomn"></g></l></v><v><l id="345762" t="тестирование"><g v="NOUN"></g><g v="inan"></g><g v="neut"></g><g v="Sgtm"></g><g v="sing"></g><g v="accs"></g></l></v></tfr></token><token text="на" id="616214"><tfr rev_id="3330697" t="на"><v><l id="166264" t="на"><g v="PREP"></g></l></v></tfr></token><token text="наркотики" id="616215"><tfr rev_id="4280807" t="наркотики"><v><l id="174689" t="наркотик"><g v="NOUN"></g><g v="inan"></g><g v="masc"></g><g v="plur"></g><g v="accs"></g></l></v></tfr></token><token text="среди" id="616216"><tfr rev_id="1448463" t="среди"><v><l id="333473" t="среди"><g v="PREP"></g></l></v></tfr></token><token text="школьников" id="616217"><tfr rev_id="4384704" t="школьников"><v><l id="380237" t="школьник"><g v="NOUN"></g><g v="anim"></g><g v="masc"></g><g v="plur"></g><g v="gent"></g></l></v></tfr></token><token text="," id="616218"><tfr rev_id="1448465" t=","><v><l id="0" t=","><g v="PNCT"></g></l></v></tfr></token><token text="студентов" id="616219"><tfr rev_id="2367263" t="студентов"><v><l id="338210" t="студент"><g v="NOUN"></g><g v="anim"></g><g v="masc"></g><g v="plur"></g><g v="gent"></g></l></v></tfr></token><token text="," id="616220"><tfr rev_id="1448467" t=","><v><l id="0" t=","><g v="PNCT"></g></l></v></tfr></token><token text="преподавателей" id="616221"><tfr rev_id="2866533" t="преподавателей"><v><l id="267948" t="преподаватель"><g v="NOUN"></g><g v="anim"></g><g v="masc"></g><g v="plur"></g><g v="gent"></g></l></v></tfr></token><token text="," id="616222"><tfr rev_id="1448469" t=","><v><l id="0" t=","><g v="PNCT"></g></l></v></tfr></token><token text="представителей" id="616223"><tfr rev_id="4459029" t="представителей"><v><l id="267083" t="представитель"><g v="NOUN"></g><g v="anim"></g><g v="masc"></g><g v="plur"></g><g v="gent"></g></l></v></tfr></token><token text="других" id="616224"><tfr rev_id="4349579" t="других"><v><l id="92342" t="другой"><g v="ADJF"></g><g v="Apro"></g><g v="Subx"></g><g v="plur"></g><g v="gent"></g></l></v></tfr></token><token text="профессий" id="616225"><tfr rev_id="1448472" t="профессий"><v><l id="286925" t="профессия"><g v="NOUN"></g><g v="inan"></g><g v="femn"></g><g v="plur"></g><g v="gent"></g></l></v></tfr></token><token text="," id="616226"><tfr rev_id="1448473" t=","><v><l id="0" t=","><g v="PNCT"></g></l></v></tfr></token><token text="а" id="616227"><tfr rev_id="1448474" t="а"><v><l id="51" t="а"><g v="CONJ"></g></l></v><v><l id="52" t="а"><g v="INTJ"></g></l></v><v><l id="53" t="а"><g v="PRCL"></g></l></v></tfr></token><token text="также" id="616228"><tfr rev_id="4267741" t="также"><v><l id="342482" t="также"><g v="PRCL"></g></l></v></tfr></token><token text="получателей" id="616229"><tfr rev_id="2367361" t="получателей"><v><l id="256940" t="получатель"><g v="NOUN"></g><g v="anim"></g><g v="masc"></g><g v="plur"></g><g v="gent"></g></l></v></tfr></token><token text="различных" id="616230"><tfr rev_id="3556477" t="различных"><v><l id="294553" t="различный"><g v="ADJF"></g><g v="Qual"></g><g v="plur"></g><g v="gent"></g></l></v></tfr></token><token text="статусов" id="616231"><tfr rev_id="1448478" t="статусов"><v><l id="335151" t="статус"><g v="NOUN"></g><g v="inan"></g><g v="masc"></g><g v="plur"></g><g v="gent"></g></l></v></tfr></token><token text="." id="616232"><tfr rev_id="1448479" t="."><v><l id="0" t="."><g v="PNCT"></g></l></v></tfr></token></tokens></sentence><sentence id="34496"><source>Мы уже находимся на той стадии, когда невыявленный наркоман опасен для окружающих»,</source><tokens><token text="Мы" id="616233"><tfr rev_id="1448480" t="Мы"><v><l id="165750" t="мы"><g v="NPRO"></g><g v="1per"></g><g v="plur"></g><g v="nomn"></g></l></v></tfr></token><token text="уже" id="616234"><tfr rev_id="2692741" t="уже"><v><l id="355422" t="уж"><g v="NOUN"></g><g v="anim"></g><g v="masc"></g><g v="sing"></g><g v="loct"></g></l></v><v><l id="355498" t="уже"><g v="ADVB"></g></l></v><v><l id="355674" t="уже"><g v="COMP"></g><g v="Qual"></g></l></v><v><l id="388673" t="уже"><g v="PRCL"></g></l></v></tfr></token><token text="находимся" id="616235"><tfr rev_id="1448482" t="находимся"><v><l id="177898" t="нахожусь"><g v="VERB"></g><g v="impf"></g><g v="intr"></g><g v="plur"></g><g v="1per"></g><g v="pres"></g><g v="indc"></g></l></v><v><l id="177903" t="находился"><g v="VERB"></g><g v="perf"></g><g v="intr"></g><g v="plur"></g><g v="1per"></g><g v="futr"></g><g v="indc"></g></l></v><v><l id="177903" t="находился"><g v="VERB"></g><g v="perf"></g><g v="intr"></g><g v="sing"></g><g v="impr"></g><g v="incl"></g></l></v></tfr></token><token text="на" id="616236"><tfr rev_id="3339227" t="на"><v><l id="166264" t="на"><g v="PREP"></g></l></v></tfr></token><token text="той" id="616237"><tfr rev_id="4405645" t="той"><v><l id="348430" t="тот"><g v="ADJF"></g><g v="Subx"></g><g v="Apro"></g><g v="Anph"></g><g v="femn"></g><g v="sing"></g><g v="loct"></g></l></v></tfr></token><token text="стадии" id="616238"><tfr rev_id="4329241" t="стадии"><v><l id="334417" t="стадия"><g v="NOUN"></g><g v="inan"></g><g v="femn"></g><g v="sing"></g><g v="loct"></g></l></v></tfr></token><token text="," id="616239"><tfr rev_id="1448486" t=","><v><l id="0" t=","><g v="PNCT"></g></l></v></tfr></token><token text="когда" id="616240"><tfr rev_id="1448487" t="когда"><v><l id="135239" t="когда"><g v="CONJ"></g></l></v><v><l id="135240" t="когда"><g v="ADVB"></g><g v="Ques"></g></l></v></tfr></token><token text="невыявленный" id="616241"><tfr rev_id="1448488" t="невыявленный"><v><l id="180296" t="невыявленный"><g v="ADJF"></g><g v="masc"></g><g v="sing"></g><g v="nomn"></g></l></v><v><l id="180296" t="невыявленный"><g v="ADJF"></g><g v="inan"></g><g v="masc"></g><g v="sing"></g><g v="accs"></g></l></v></tfr></token><token text="наркоман" id="616242"><tfr rev_id="1448489" t="наркоман"><v><l id="174656" t="наркоман"><g v="NOUN"></g><g v="anim"></g><g v="masc"></g><g v="sing"></g><g v="nomn"></g></l></v></tfr></token><token text="опасен" id="616243"><tfr rev_id="1448490" t="опасен"><v><l id="206864" t="опасен"><g v="ADJS"></g><g v="Qual"></g><g v="masc"></g><g v="sing"></g></l></v></tfr></token><token text="для" id="616244"><tfr rev_id="3391655" t="для"><v><l id="85032" t="для"><g v="PREP"></g></l></v></tfr></token><token text="окружающих" id="616245"><tfr rev_id="4535582" t="окружающих"><v><l id="205531" t="окружающее"><g v="NOUN"></g><g v="inan"></g><g v="neut"></g><g v="plur"></g><g v="gent"></g></l></v><v><l id="205531" t="окружающее"><g v="NOUN"></g><g v="inan"></g><g v="neut"></g><g v="plur"></g><g v="loct"></g></l></v><v><l id="205532" t="окружающие"><g v="NOUN"></g><g v="anim"></g><g v="GNdr"></g><g v="Pltm"></g><g v="plur"></g><g v="gent"></g></l></v><v><l id="205532" t="окружающие"><g v="NOUN"></g><g v="anim"></g><g v="GNdr"></g><g v="Pltm"></g><g v="plur"></g><g v="accs"></g></l></v><v><l id="205532" t="окружающие"><g v="NOUN"></g><g v="anim"></g><g v="GNdr"></g><g v="Pltm"></g><g v="plur"></g><g v="loct"></g></l></v></tfr></token><token text="»" id="616246"><tfr rev_id="2444114" t="»"><v><l id="0" t="»"><g v="PNCT"></g></l></v></tfr></token><token text="," id="616247"><tfr rev_id="1448494" t=","><v><l id="0" t=","><g v="PNCT"></g></l></v></tfr></token></tokens></sentence><sentence id="34497"><source>— цитируют «Медновости» Куликова.</source><tokens><token text="—" id="616248"><tfr rev_id="2444115" t="—"><v><l id="0" t="—"><g v="PNCT"></g></l></v></tfr></token><token text="цитируют" id="616249"><tfr rev_id="1448496" t="цитируют"><v><l id="374102" t="цитирую"><g v="VERB"></g><g v="impf"></g><g v="tran"></g><g v="plur"></g><g v="3per"></g><g v="pres"></g><g v="indc"></g></l></v></tfr></token><token text="«" id="616250"><tfr rev_id="2444116" t="«"><v><l id="0" t="«"><g v="PNCT"></g></l></v></tfr></token><token text="Медновости" id="616251"><tfr rev_id="3767022" t="Медновости"><v><l id="157131" t="медновость"><g v="NOUN"></g><g v="inan"></g><g v="femn"></g><g v="plur"></g><g v="nomn"></g></l></v></tfr></token><token text="»" id="616252"><tfr rev_id="2444117" t="»"><v><l id="0" t="»"><g v="PNCT"></g></l></v></tfr></token><token text="Куликова" id="616253"><tfr rev_id="4396798" t="Куликова"><v><l id="144725" t="куликов"><g v="NOUN"></g><g v="anim"></g><g v="masc"></g><g v="Sgtm"></g><g v="Surn"></g><g v="sing"></g><g v="accs"></g></l></v></tfr></token><token text="." id="616254"><tfr rev_id="1448501" t="."><v><l id="0" t="."><g v="PNCT"></g></l></v></tfr></token></tokens></sentence></paragraph><paragraph id="10996"><sentence id="34498"><source>Согласно статистике, сегодня каждый двадцатый школьник употребляет наркотики, а 70% подростков, согласно результатам соцопросов, впервые попробовали наркотики в школах и местах развлечения.</source><tokens><token text="Согласно" id="616255"><tfr rev_id="4490545" t="Согласно"><v><l id="328255" t="согласно"><g v="PREP"></g></l></v></tfr></token><token text="статистике" id="616256"><tfr rev_id="2623305" t="статистике"><v><l id="335112" t="статистика"><g v="NOUN"></g><g v="inan"></g><g v="femn"></g><g v="sing"></g><g v="datv"></g></l></v></tfr></token><token text="," id="616257"><tfr rev_id="1448504" t=","><v><l id="0" t=","><g v="PNCT"></g></l></v></tfr></token><token text="сегодня" id="616258"><tfr rev_id="1448505" t="сегодня"><v><l id="317730" t="сегодня"><g v="ADVB"></g></l></v></tfr></token><token text="каждый" id="616259"><tfr rev_id="4429578" t="каждый"><v><l id="127875" t="каждый"><g v="ADJF"></g><g v="Subx"></g><g v="Apro"></g><g v="masc"></g><g v="sing"></g><g v="nomn"></g></l></v><v><l id="127875" t="каждый"><g v="ADJF"></g><g v="Subx"></g><g v="Apro"></g><g v="inan"></g><g v="masc"></g><g v="sing"></g><g v="accs"></g></l></v></tfr></token><token text="двадцатый" id="616260"><tfr rev_id="1448507" t="двадцатый"><v><l id="78790" t="двадцатый"><g v="ADJF"></g><g v="Anum"></g><g v="masc"></g><g v="sing"></g><g v="nomn"></g></l></v><v><l id="78790" t="двадцатый"><g v="ADJF"></g><g v="Anum"></g><g v="inan"></g><g v="masc"></g><g v="sing"></g><g v="accs"></g></l></v></tfr></token><token text="школьник" id="616261"><tfr rev_id="1448508" t="школьник"><v><l id="380237" t="школьник"><g v="NOUN"></g><g v="anim"></g><g v="masc"></g><g v="sing"></g><g v="nomn"></g></l></v></tfr></token><token text="употребляет" id="616262"><tfr rev_id="1448509" t="употребляет"><v><l id="359179" t="употребляю"><g v="VERB"></g><g v="impf"></g><g v="tran"></g><g v="sing"></g><g v="3per"></g><g v="pres"></g><g v="indc"></g></l></v></tfr></token><token text="наркотики" id="616263"><tfr rev_id="4280808" t="наркотики"><v><l id="174689" t="наркотик"><g v="NOUN"></g><g v="inan"></g><g v="masc"></g><g v="plur"></g><g v="accs"></g></l></v></tfr></token><token text="," id="616264"><tfr rev_id="1448511" t=","><v><l id="0" t=","><g v="PNCT"></g></l></v></tfr></token><token text="а" id="616265"><tfr rev_id="1448512" t="а"><v><l id="51" t="а"><g v="CONJ"></g></l></v><v><l id="52" t="а"><g v="INTJ"></g></l></v><v><l id="53" t="а"><g v="PRCL"></g></l></v></tfr></token><token text="70" id="616266"><tfr rev_id="2461838" t="70"><v><l id="0" t="70"><g v="NUMB"></g></l></v></tfr></token><token text="%" id="616267"><tfr rev_id="2444118" t="%"><v><l id="0" t="%"><g v="PNCT"></g></l></v></tfr></token><token text="подростков" id="616268"><tfr rev_id="4383653" t="подростков"><v><l id="249822" t="подросток"><g v="NOUN"></g><g v="anim"></g><g v="masc"></g><g v="plur"></g><g v="gent"></g></l></v></tfr></token><token text="," id="616269"><tfr rev_id="1448516" t=","><v><l id="0" t=","><g v="PNCT"></g></l></v></tfr></token><token text="согласно" id="616270"><tfr rev_id="4463676" t="согласно"><v><l id="328255" t="согласно"><g v="PREP"></g></l></v></tfr></token><token text="результатам" id="616271"><tfr rev_id="1448518" t="результатам"><v><l id="305391" t="результат"><g v="NOUN"></g><g v="inan"></g><g v="masc"></g><g v="plur"></g><g v="datv"></g></l></v></tfr></token><token text="соцопросов" id="616272"><tfr rev_id="1448519" t="соцопросов"><v><l id="0" t="соцопросов"><g v="UNKN"></g></l></v></tfr></token><token text="," id="616273"><tfr rev_id="1448520" t=","><v><l id="0" t=","><g v="PNCT"></g></l></v></tfr></token><token text="впервые" id="616274"><tfr rev_id="1448521" t="впервые"><v><l id="52345" t="впервые"><g v="ADVB"></g></l></v></tfr></token><token text="попробовали" id="616275"><tfr rev_id="1448522" t="попробовали"><v><l id="259607" t="попробовал"><g v="VERB"></g><g v="perf"></g><g v="tran"></g><g v="plur"></g><g v="past"></g><g v="indc"></g></l></v></tfr></token><token text="наркотики" id="616276"><tfr rev_id="4280809" t="наркотики"><v><l id="174689" t="наркотик"><g v="NOUN"></g><g v="inan"></g><g v="masc"></g><g v="plur"></g><g v="accs"></g></l></v></tfr></token><token text="в" id="616277"><tfr rev_id="1448524" t="в"><v><l id="37409" t="в"><g v="PREP"></g></l></v></tfr></token><token text="школах" id="616278"><tfr rev_id="1448525" t="школах"><v><l id="380220" t="школа"><g v="NOUN"></g><g v="inan"></g><g v="femn"></g><g v="plur"></g><g v="loct"></g></l></v></tfr></token><token text="и" id="616279"><tfr rev_id="3690531" t="и"><v><l id="116949" t="и"><g v="CONJ"></g></l></v></tfr></token><token text="местах" id="616280"><tfr rev_id="1448527" t="местах"><v><l id="158822" t="место"><g v="NOUN"></g><g v="inan"></g><g v="neut"></g><g v="plur"></g><g v="loct"></g></l></v></tfr></token><token text="развлечения" id="616281"><tfr rev_id="3476300" t="развлечения"><v><l id="292582" t="развлечение"><g v="NOUN"></g><g v="inan"></g><g v="neut"></g><g v="sing"></g><g v="gent"></g></l></v></tfr></token><token text="." id="616282"><tfr rev_id="1448529" t="."><v><l id="0" t="."><g v="PNCT"></g></l></v></tfr></token></tokens></sentence><sentence id="34499"><source>Также сообщается, что, по оценке Управления ООН по наркотикам и преступности, Россия по-прежнему является крупнейшим потребителем героина, поставляемого из Афганистана, — ежегодно более 70 тонн.</source><tokens><token text="Также" id="616283"><tfr rev_id="4267742" t="Также"><v><l id="342482" t="также"><g v="PRCL"></g></l></v></tfr></token><token text="сообщается" id="616284"><tfr rev_id="1448531" t="сообщается"><v><l id="329545" t="сообщаюсь"><g v="VERB"></g><g v="impf"></g><g v="intr"></g><g v="sing"></g><g v="3per"></g><g v="pres"></g><g v="indc"></g></l></v></tfr></token><token text="," id="616285"><tfr rev_id="1448532" t=","><v><l id="0" t=","><g v="PNCT"></g></l></v></tfr></token><token text="что" id="616286"><tfr rev_id="3196941" t="что"><v><l id="377004" t="что"><g v="CONJ"></g></l></v><v><l id="377005" t="что"><g v="NPRO"></g><g v="neut"></g><g v="sing"></g><g v="nomn"></g></l></v><v><l id="377005" t="что"><g v="NPRO"></g><g v="neut"></g><g v="sing"></g><g v="accs"></g></l></v><v><l id="377006" t="что"><g v="ADVB"></g><g v="Ques"></g></l></v><v><l id="388695" t="что"><g v="PRCL"></g></l></v></tfr></token><token text="," id="616287"><tfr rev_id="1448534" t=","><v><l id="0" t=","><g v="PNCT"></g></l></v></tfr></token><token text="по" id="616288"><tfr rev_id="1448535" t="по"><v><l id="241240" t="по"><g v="PREP"></g></l></v></tfr></token><token text="оценке" id="616289"><tfr rev_id="3556199" t="оценке"><v><l id="221498" t="оценка"><g v="NOUN"></g><g v="inan"></g><g v="femn"></g><g v="sing"></g><g v="datv"></g></l></v></tfr></token><token text="Управления" id="616290"><tfr rev_id="3452108" t="Управления"><v><l id="359211" t="управление"><g v="NOUN"></g><g v="inan"></g><g v="neut"></g><g v="sing"></g><g v="gent"></g></l></v></tfr></token><token text="ООН" id="616291"><tfr rev_id="4138816" t="ООН"><v><l id="206695" t="оон"><g v="NOUN"></g><g v="inan"></g><g v="femn"></g><g v="Sgtm"></g><g v="Fixd"></g><g v="Abbr"></g><g v="Orgn"></g><g v="sing"></g><g v="gent"></g></l></v></tfr></token><token text="по" id="616292"><tfr rev_id="1448539" t="по"><v><l id="241240" t="по"><g v="PREP"></g></l></v></tfr></token><token text="наркотикам" id="616293"><tfr rev_id="3886948" t="наркотикам"><v><l id="174689" t="наркотик"><g v="NOUN"></g><g v="inan"></g><g v="masc"></g><g v="plur"></g><g v="datv"></g></l></v></tfr></token><token text="и" id="616294"><tfr rev_id="3696976" t="и"><v><l id="116949" t="и"><g v="CONJ"></g></l></v></tfr></token><token text="преступности" id="616295"><tfr rev_id="3887793" t="преступности"><v><l id="268349" t="преступность"><g v="NOUN"></g><g v="inan"></g><g v="femn"></g><g v="sing"></g><g v="datv"></g></l></v></tfr></token><token text="," id="616296"><tfr rev_id="1448543" t=","><v><l id="0" t=","><g v="PNCT"></g></l></v></tfr></token><token text="Россия" id="616297"><tfr rev_id="1448544" t="Россия"><v><l id="309322" t="россия"><g v="NOUN"></g><g v="inan"></g><g v="femn"></g><g v="Sgtm"></g><g v="Geox"></g><g v="sing"></g><g v="nomn"></g></l></v></tfr></token><token text="по-прежнему" id="616298"><tfr rev_id="1448545" t="по-прежнему"><v><l id="241307" t="по-прежнему"><g v="ADVB"></g></l></v></tfr></token><token text="является" id="616299"><tfr rev_id="1448546" t="является"><v><l id="387385" t="являюсь"><g v="VERB"></g><g v="impf"></g><g v="intr"></g><g v="sing"></g><g v="3per"></g><g v="pres"></g><g v="indc"></g></l></v></tfr></token><token text="крупнейшим" id="616300"><tfr rev_id="4412326" t="крупнейшим"><v><l id="143764" t="крупнейший"><g v="ADJF"></g><g v="Supr"></g><g v="Qual"></g><g v="masc"></g><g v="sing"></g><g v="ablt"></g></l></v></tfr></token><token text="потребителем" id="616301"><tfr rev_id="1448548" t="потребителем"><v><l id="263522" t="потребитель"><g v="NOUN"></g><g v="anim"></g><g v="masc"></g><g v="sing"></g><g v="ablt"></g></l></v></tfr></token><token text="героина" id="616302"><tfr rev_id="1448549" t="героина"><v><l id="69208" t="героин"><g v="NOUN"></g><g v="inan"></g><g v="masc"></g><g v="sing"></g><g v="gent"></g></l></v></tfr></token><token text="," id="616303"><tfr rev_id="1448550" t=","><v><l id="0" t=","><g v="PNCT"></g></l></v></tfr></token><token text="поставляемого" id="616304"><tfr rev_id="3443172" t="поставляемого"><v><l id="262100" t="поставляемый"><g v="PRTF"></g><g v="impf"></g><g v="tran"></g><g v="pres"></g><g v="pssv"></g><g v="masc"></g><g v="sing"></g><g v="gent"></g></l></v><v><l id="262100" t="поставляемый"><g v="PRTF"></g><g v="impf"></g><g v="tran"></g><g v="pres"></g><g v="pssv"></g><g v="anim"></g><g v="masc"></g><g v="sing"></g><g v="accs"></g></l></v></tfr></token><token text="из" id="616305"><tfr rev_id="2603784" t="из"><v><l id="117677" t="из"><g v="PREP"></g></l></v></tfr></token><token text="Афганистана" id="616306"><tfr rev_id="1448553" t="Афганистана"><v><l id="20112" t="афганистан"><g v="NOUN"></g><g v="inan"></g><g v="masc"></g><g v="Geox"></g><g v="sing"></g><g v="gent"></g></l></v></tfr></token><token text="," id="616307"><tfr rev_id="1448554" t=","><v><l id="0" t=","><g v="PNCT"></g></l></v></tfr></token><token text="—" id="616308"><tfr rev_id="2444119" t="—"><v><l id="0" t="—"><g v="PNCT"></g></l></v></tfr></token><token text="ежегодно" id="616309"><tfr rev_id="1448556" t="ежегодно"><v><l id="94443" t="ежегодно"><g v="ADVB"></g></l></v><v><l id="94445" t="ежегоден"><g v="ADJS"></g><g v="Qual"></g><g v="neut"></g><g v="sing"></g></l></v></tfr></token><token text="более" id="616310"><tfr rev_id="1448557" t="более"><v><l id="32065" t="более"><g v="ADVB"></g></l></v></tfr></token><token text="70" id="616311"><tfr rev_id="2461839" t="70"><v><l id="0" t="70"><g v="NUMB"></g></l></v></tfr></token><token text="тонн" id="616312"><tfr rev_id="1448559" t="тонн"><v><l id="347730" t="тонна"><g v="NOUN"></g><g v="inan"></g><g v="femn"></g><g v="plur"></g><g v="gent"></g></l></v></tfr></token><token text="." id="616313"><tfr rev_id="1448560" t="."><v><l id="0" t="."><g v="PNCT"></g></l></v></tfr></token></tokens></sentence></paragraph><paragraph id="10997"><sentence id="34500"><source>О некоторых способах борьбы с наркоманией читайте в статье Частного корреспондента «Плакатом — по наркомании»</source><tokens><token text="О" id="616314"><tfr rev_id="3327350" t="О"><v><l id="192977" t="о"><g v="PREP"></g></l></v></tfr></token><token text="некоторых" id="616315"><tfr rev_id="4472740" t="некоторых"><v><l id="183542" t="некоторый"><g v="ADJF"></g><g v="Apro"></g><g v="plur"></g><g v="gent"></g></l></v><v><l id="183542" t="некоторый"><g v="ADJF"></g><g v="Apro"></g><g v="anim"></g><g v="plur"></g><g v="accs"></g></l></v><v><l id="183542" t="некоторый"><g v="ADJF"></g><g v="Apro"></g><g v="plur"></g><g v="loct"></g></l></v></tfr></token><token text="способах" id="616316"><tfr rev_id="1448563" t="способах"><v><l id="332835" t="способ"><g v="NOUN"></g><g v="inan"></g><g v="masc"></g><g v="plur"></g><g v="loct"></g></l></v></tfr></token><token text="борьбы" id="616317"><tfr rev_id="1448564" t="борьбы"><v><l id="33103" t="борьба"><g v="NOUN"></g><g v="inan"></g><g v="femn"></g><g v="Sgtm"></g><g v="sing"></g><g v="gent"></g></l></v></tfr></token><token text="с" id="616318"><tfr rev_id="1448565" t="с"><v><l id="311151" t="с"><g v="PREP"></g></l></v></tfr></token><token text="наркоманией" id="616319"><tfr rev_id="1448566" t="наркоманией"><v><l id="174657" t="наркомания"><g v="NOUN"></g><g v="inan"></g><g v="femn"></g><g v="sing"></g><g v="ablt"></g></l></v></tfr></token><token text="читайте" id="616320"><tfr rev_id="1448567" t="читайте"><v><l id="376719" t="читаю"><g v="VERB"></g><g v="impf"></g><g v="tran"></g><g v="plur"></g><g v="impr"></g><g v="excl"></g></l></v></tfr></token><token text="в" id="616321"><tfr rev_id="1448568" t="в"><v><l id="37409" t="в"><g v="PREP"></g></l></v></tfr></token><token text="статье" id="616322"><tfr rev_id="2737771" t="статье"><v><l id="335173" t="статья"><g v="NOUN"></g><g v="inan"></g><g v="femn"></g><g v="sing"></g><g v="loct"></g></l></v></tfr></token><token text="Частного" id="616323"><tfr rev_id="4306762" t="Частного"><v><l id="374795" t="частный"><g v="ADJF"></g><g v="Qual"></g><g v="masc"></g><g v="sing"></g><g v="gent"></g></l></v><v><l id="374795" t="частный"><g v="ADJF"></g><g v="Qual"></g><g v="anim"></g><g v="masc"></g><g v="sing"></g><g v="accs"></g></l></v></tfr></token><token text="корреспондента" id="616324"><tfr rev_id="4363804" t="корреспондента"><v><l id="140239" t="корреспондент"><g v="NOUN"></g><g v="anim"></g><g v="masc"></g><g v="sing"></g><g v="gent"></g></l></v></tfr></token><token text="«" id="616325"><tfr rev_id="2444120" t="«"><v><l id="0" t="«"><g v="PNCT"></g></l></v></tfr></token><token text="Плакатом" id="616326"><tfr rev_id="1448573" t="Плакатом"><v><l id="239587" t="плакат"><g v="NOUN"></g><g v="inan"></g><g v="masc"></g><g v="sing"></g><g v="ablt"></g></l></v></tfr></token><token text="—" id="616327"><tfr rev_id="2444121" t="—"><v><l id="0" t="—"><g v="PNCT"></g></l></v></tfr></token><token text="по" id="616328"><tfr rev_id="1448575" t="по"><v><l id="241240" t="по"><g v="PREP"></g></l></v></tfr></token><token text="наркомании" id="616329"><tfr rev_id="3487683" t="наркомании"><v><l id="174657" t="наркомания"><g v="NOUN"></g><g v="inan"></g><g v="femn"></g><g v="sing"></g><g v="gent"></g></l></v><v><l id="174657" t="наркомания"><g v="NOUN"></g><g v="inan"></g><g v="femn"></g><g v="sing"></g><g v="datv"></g></l></v><v><l id="174657" t="наркомания"><g v="NOUN"></g><g v="inan"></g><g v="femn"></g><g v="sing"></g><g v="loct"></g></l></v></tfr></token><token text="»" id="616330"><tfr rev_id="2444122" t="»"><v><l id="0" t="»"><g v="PNCT"></g></l></v></tfr></token></tokens></sentence></paragraph></paragraphs></text>