<?xml version="1.0" encoding="utf-8"?><text parent="56" id="1174" name="Праздник ГИС в Саратове"><tags><tag>Автор:http://ru.wikinews.org/wiki/Участник:217.23.66.110</tag><tag>Дата:20/11</tag><tag>Год:2008</tag><tag>Тема:ВикиКатегория:Праздники</tag><tag>Гео:ВикиКатегория:Саратов</tag><tag>Гео:ВикиКатегория:Саратовская область</tag><tag>Гео:ВикиКатегория:Россия</tag><tag>url:http://ru.wikinews.org/w/index.php?title=Праздник_ГИС_в_Саратове&amp;oldid=76213</tag></tags><paragraphs><paragraph id="11047"><sentence id="34628"><source>19 ноября 2008 года в Саратове состоялся Праздник ГИС.</source><tokens><token text="19" id="618675"><tfr rev_id="2461909" t="19"><v><l id="0" t="19"><g v="NUMB"></g></l></v></tfr></token><token text="ноября" id="618676"><tfr rev_id="1450922" t="ноября"><v><l id="192482" t="ноябрь"><g v="NOUN"></g><g v="inan"></g><g v="masc"></g><g v="sing"></g><g v="gent"></g></l></v></tfr></token><token text="2008" id="618677"><tfr rev_id="2461910" t="2008"><v><l id="0" t="2008"><g v="NUMB"></g></l></v></tfr></token><token text="года" id="618678"><tfr rev_id="3465212" t="года"><v><l id="72149" t="год"><g v="NOUN"></g><g v="inan"></g><g v="masc"></g><g v="sing"></g><g v="gen1"></g></l></v></tfr></token><token text="в" id="618679"><tfr rev_id="1450925" t="в"><v><l id="37409" t="в"><g v="PREP"></g></l></v></tfr></token><token text="Саратове" id="618680"><tfr rev_id="1450926" t="Саратове"><v><l id="313587" t="саратов"><g v="NOUN"></g><g v="inan"></g><g v="masc"></g><g v="Geox"></g><g v="sing"></g><g v="loct"></g></l></v></tfr></token><token text="состоялся" id="618681"><tfr rev_id="1450927" t="состоялся"><v><l id="330568" t="состоялся"><g v="VERB"></g><g v="perf"></g><g v="intr"></g><g v="masc"></g><g v="sing"></g><g v="past"></g><g v="indc"></g></l></v></tfr></token><token text="Праздник" id="618682"><tfr rev_id="3531282" t="Праздник"><v><l id="265823" t="праздник"><g v="NOUN"></g><g v="inan"></g><g v="masc"></g><g v="sing"></g><g v="nomn"></g></l></v></tfr></token><token text="ГИС" id="618683"><tfr rev_id="1450929" t="ГИС"><v><l id="0" t="гис"><g v="UNKN"></g></l></v></tfr></token><token text="." id="618684"><tfr rev_id="1450930" t="."><v><l id="0" t="."><g v="PNCT"></g></l></v></tfr></token></tokens></sentence><sentence id="34629"><source>Студенты выпускных курсов СГСЭУ представили ряд проектов, посвященных международному дню ГИС.</source><tokens><token text="Студенты" id="618685"><tfr rev_id="1450931" t="Студенты"><v><l id="338210" t="студент"><g v="NOUN"></g><g v="anim"></g><g v="masc"></g><g v="plur"></g><g v="nomn"></g></l></v></tfr></token><token text="выпускных" id="618686"><tfr rev_id="3542504" t="выпускных"><v><l id="61012" t="выпускной"><g v="ADJF"></g><g v="plur"></g><g v="gent"></g></l></v></tfr></token><token text="курсов" id="618687"><tfr rev_id="1450933" t="курсов"><v><l id="145471" t="курс"><g v="NOUN"></g><g v="inan"></g><g v="masc"></g><g v="plur"></g><g v="gent"></g></l></v></tfr></token><token text="СГСЭУ" id="618688"><tfr rev_id="1450934" t="СГСЭУ"><v><l id="0" t="сгсэу"><g v="UNKN"></g></l></v></tfr></token><token text="представили" id="618689"><tfr rev_id="1450935" t="представили"><v><l id="267099" t="представил"><g v="VERB"></g><g v="perf"></g><g v="tran"></g><g v="plur"></g><g v="past"></g><g v="indc"></g></l></v></tfr></token><token text="ряд" id="618690"><tfr rev_id="4104164" t="ряд"><v><l id="311045" t="ряд"><g v="NOUN"></g><g v="inan"></g><g v="masc"></g><g v="sing"></g><g v="accs"></g></l></v></tfr></token><token text="проектов" id="618691"><tfr rev_id="1450937" t="проектов"><v><l id="279545" t="проект"><g v="NOUN"></g><g v="inan"></g><g v="masc"></g><g v="plur"></g><g v="gent"></g></l></v></tfr></token><token text="," id="618692"><tfr rev_id="1450938" t=","><v><l id="0" t=","><g v="PNCT"></g></l></v></tfr></token><token text="посвященных" id="618693"><tfr rev_id="3944202" t="посвященных"><v><l id="261152" t="посвящённый"><g v="PRTF"></g><g v="perf"></g><g v="tran"></g><g v="past"></g><g v="pssv"></g><g v="plur"></g><g v="gent"></g></l></v></tfr></token><token text="международному" id="618694"><tfr rev_id="3468373" t="международному"><v><l id="157346" t="международный"><g v="ADJF"></g><g v="masc"></g><g v="sing"></g><g v="datv"></g></l></v></tfr></token><token text="дню" id="618695"><tfr rev_id="1450941" t="дню"><v><l id="81427" t="день"><g v="NOUN"></g><g v="inan"></g><g v="masc"></g><g v="sing"></g><g v="datv"></g></l></v></tfr></token><token text="ГИС" id="618696"><tfr rev_id="1450942" t="ГИС"><v><l id="0" t="гис"><g v="UNKN"></g></l></v></tfr></token><token text="." id="618697"><tfr rev_id="1450943" t="."><v><l id="0" t="."><g v="PNCT"></g></l></v></tfr></token></tokens></sentence><sentence id="34630"><source>Целью праздника была популяризация геоинформатики и ГИС-технологий.</source><tokens><token text="Целью" id="618698"><tfr rev_id="1450944" t="Целью"><v><l id="373216" t="цель"><g v="NOUN"></g><g v="inan"></g><g v="femn"></g><g v="sing"></g><g v="ablt"></g></l></v></tfr></token><token text="праздника" id="618699"><tfr rev_id="1450945" t="праздника"><v><l id="265823" t="праздник"><g v="NOUN"></g><g v="inan"></g><g v="masc"></g><g v="sing"></g><g v="gent"></g></l></v></tfr></token><token text="была" id="618700"><tfr rev_id="1450946" t="была"><v><l id="37265" t="есть"><g v="VERB"></g><g v="impf"></g><g v="intr"></g><g v="femn"></g><g v="sing"></g><g v="past"></g><g v="indc"></g></l></v></tfr></token><token text="популяризация" id="618701"><tfr rev_id="1450947" t="популяризация"><v><l id="259739" t="популяризация"><g v="NOUN"></g><g v="inan"></g><g v="femn"></g><g v="sing"></g><g v="nomn"></g></l></v></tfr></token><token text="геоинформатики" id="618702"><tfr rev_id="1450948" t="геоинформатики"><v><l id="68721" t="геоинформатика"><g v="NOUN"></g><g v="inan"></g><g v="femn"></g><g v="Sgtm"></g><g v="sing"></g><g v="gent"></g></l></v></tfr></token><token text="и" id="618703"><tfr rev_id="3688543" t="и"><v><l id="116949" t="и"><g v="CONJ"></g></l></v></tfr></token><token text="ГИС-технологий" id="618704"><tfr rev_id="4541382" t="ГИС-технологий"><v><l id="393050" t="гис-технология"><g v="NOUN"></g><g v="inan"></g><g v="femn"></g><g v="plur"></g><g v="gent"></g></l></v></tfr></token><token text="." id="618705"><tfr rev_id="1450951" t="."><v><l id="0" t="."><g v="PNCT"></g></l></v></tfr></token></tokens></sentence><sentence id="34631"><source>Необходимость в этом обусловлена тем, что сегодня в мире насчитывается не так много пользователей геоинформационных систем, и большинство людей, не связанных с географией, практически ничего не знают о ГИС.</source><tokens><token text="Необходимость" id="618706"><tfr rev_id="4233531" t="Необходимость"><v><l id="184807" t="необходимость"><g v="NOUN"></g><g v="inan"></g><g v="femn"></g><g v="sing"></g><g v="nomn"></g></l></v></tfr></token><token text="в" id="618707"><tfr rev_id="1450953" t="в"><v><l id="37409" t="в"><g v="PREP"></g></l></v></tfr></token><token text="этом" id="618708"><tfr rev_id="3272413" t="этом"><v><l id="386575" t="это"><g v="NPRO"></g><g v="neut"></g><g v="sing"></g><g v="loct"></g></l></v></tfr></token><token text="обусловлена" id="618709"><tfr rev_id="1450955" t="обусловлена"><v><l id="200792" t="обусловлен"><g v="PRTS"></g><g v="perf"></g><g v="past"></g><g v="pssv"></g><g v="femn"></g><g v="sing"></g></l></v></tfr></token><token text="тем" id="618710"><tfr rev_id="4501939" t="тем"><v><l id="348430" t="тот"><g v="ADJF"></g><g v="Subx"></g><g v="Apro"></g><g v="Anph"></g><g v="masc"></g><g v="sing"></g><g v="ablt"></g></l></v><v><l id="348430" t="тот"><g v="ADJF"></g><g v="Subx"></g><g v="Apro"></g><g v="Anph"></g><g v="neut"></g><g v="sing"></g><g v="ablt"></g></l></v></tfr></token><token text="," id="618711"><tfr rev_id="1450957" t=","><v><l id="0" t=","><g v="PNCT"></g></l></v></tfr></token><token text="что" id="618712"><tfr rev_id="3196961" t="что"><v><l id="377004" t="что"><g v="CONJ"></g></l></v><v><l id="377005" t="что"><g v="NPRO"></g><g v="neut"></g><g v="sing"></g><g v="nomn"></g></l></v><v><l id="377005" t="что"><g v="NPRO"></g><g v="neut"></g><g v="sing"></g><g v="accs"></g></l></v><v><l id="377006" t="что"><g v="ADVB"></g><g v="Ques"></g></l></v><v><l id="388695" t="что"><g v="PRCL"></g></l></v></tfr></token><token text="сегодня" id="618713"><tfr rev_id="1450959" t="сегодня"><v><l id="317730" t="сегодня"><g v="ADVB"></g></l></v></tfr></token><token text="в" id="618714"><tfr rev_id="1450960" t="в"><v><l id="37409" t="в"><g v="PREP"></g></l></v></tfr></token><token text="мире" id="618715"><tfr rev_id="3723402" t="мире"><v><l id="160807" t="мир"><g v="NOUN"></g><g v="inan"></g><g v="masc"></g><g v="sing"></g><g v="loc1"></g></l></v></tfr></token><token text="насчитывается" id="618716"><tfr rev_id="1450962" t="насчитывается"><v><l id="176593" t="насчитываюсь"><g v="VERB"></g><g v="impf"></g><g v="intr"></g><g v="sing"></g><g v="3per"></g><g v="pres"></g><g v="indc"></g></l></v></tfr></token><token text="не" id="618717"><tfr rev_id="1450963" t="не"><v><l id="178876" t="не"><g v="PRCL"></g></l></v></tfr></token><token text="так" id="618718"><tfr rev_id="1450964" t="так"><v><l id="342451" t="так"><g v="CONJ"></g></l></v><v><l id="342452" t="так"><g v="PRCL"></g></l></v><v><l id="342453" t="так"><g v="ADVB"></g><g v="Dmns"></g></l></v></tfr></token><token text="много" id="618719"><tfr rev_id="4181919" t="много"><v><l id="389079" t="много"><g v="NUMR"></g><g v="nomn"></g></l></v><v><l id="389079" t="много"><g v="NUMR"></g><g v="accs"></g></l></v></tfr></token><token text="пользователей" id="618720"><tfr rev_id="3945110" t="пользователей"><v><l id="257079" t="пользователь"><g v="NOUN"></g><g v="anim"></g><g v="masc"></g><g v="plur"></g><g v="gent"></g></l></v></tfr></token><token text="геоинформационных" id="618721"><tfr rev_id="4159454" t="геоинформационных"><v><l id="68723" t="геоинформационный"><g v="ADJF"></g><g v="plur"></g><g v="gent"></g></l></v></tfr></token><token text="систем" id="618722"><tfr rev_id="1450968" t="систем"><v><l id="321350" t="система"><g v="NOUN"></g><g v="inan"></g><g v="femn"></g><g v="plur"></g><g v="gent"></g></l></v></tfr></token><token text="," id="618723"><tfr rev_id="1450969" t=","><v><l id="0" t=","><g v="PNCT"></g></l></v></tfr></token><token text="и" id="618724"><tfr rev_id="1450970" t="и"><v><l id="116949" t="и"><g v="CONJ"></g></l></v><v><l id="116950" t="и"><g v="INTJ"></g></l></v></tfr></token><token text="большинство" id="618725"><tfr rev_id="3282395" t="большинство"><v><l id="32441" t="большинство"><g v="NOUN"></g><g v="inan"></g><g v="neut"></g><g v="Sgtm"></g><g v="sing"></g><g v="nomn"></g></l></v></tfr></token><token text="людей" id="618726"><tfr rev_id="4382750" t="людей"><v><l id="375073" t="человек"><g v="NOUN"></g><g v="anim"></g><g v="masc"></g><g v="plur"></g><g v="gent"></g></l></v></tfr></token><token text="," id="618727"><tfr rev_id="1450973" t=","><v><l id="0" t=","><g v="PNCT"></g></l></v></tfr></token><token text="не" id="618728"><tfr rev_id="1450974" t="не"><v><l id="178876" t="не"><g v="PRCL"></g></l></v></tfr></token><token text="связанных" id="618729"><tfr rev_id="1450975" t="связанных"><v><l id="316527" t="связанный"><g v="ADJF"></g><g v="Qual"></g><g v="plur"></g><g v="gent"></g></l></v><v><l id="316527" t="связанный"><g v="ADJF"></g><g v="Qual"></g><g v="anim"></g><g v="plur"></g><g v="accs"></g></l></v><v><l id="316527" t="связанный"><g v="ADJF"></g><g v="Qual"></g><g v="plur"></g><g v="loct"></g></l></v><v><l id="316533" t="связанный"><g v="PRTF"></g><g v="perf"></g><g v="tran"></g><g v="past"></g><g v="pssv"></g><g v="plur"></g><g v="gent"></g></l></v><v><l id="316533" t="связанный"><g v="PRTF"></g><g v="perf"></g><g v="tran"></g><g v="past"></g><g v="pssv"></g><g v="anim"></g><g v="plur"></g><g v="accs"></g></l></v><v><l id="316533" t="связанный"><g v="PRTF"></g><g v="perf"></g><g v="tran"></g><g v="past"></g><g v="pssv"></g><g v="plur"></g><g v="loct"></g></l></v></tfr></token><token text="с" id="618730"><tfr rev_id="1450976" t="с"><v><l id="311151" t="с"><g v="PREP"></g></l></v></tfr></token><token text="географией" id="618731"><tfr rev_id="1450977" t="географией"><v><l id="68714" t="география"><g v="NOUN"></g><g v="inan"></g><g v="femn"></g><g v="sing"></g><g v="ablt"></g></l></v></tfr></token><token text="," id="618732"><tfr rev_id="1450978" t=","><v><l id="0" t=","><g v="PNCT"></g></l></v></tfr></token><token text="практически" id="618733"><tfr rev_id="1450979" t="практически"><v><l id="265904" t="практически"><g v="ADVB"></g></l></v></tfr></token><token text="ничего" id="618734"><tfr rev_id="4465655" t="ничего"><v><l id="191376" t="ничего"><g v="ADVB"></g></l></v><v><l id="191377" t="ничего"><g v="PRCL"></g></l></v><v><l id="191386" t="ничто"><g v="NPRO"></g><g v="neut"></g><g v="sing"></g><g v="gent"></g></l></v><v><l id="390659" t="ничего"><g v="NPRO"></g><g v="neut"></g><g v="sing"></g><g v="nomn"></g></l></v></tfr></token><token text="не" id="618735"><tfr rev_id="1450981" t="не"><v><l id="178876" t="не"><g v="PRCL"></g></l></v></tfr></token><token text="знают" id="618736"><tfr rev_id="1450982" t="знают"><v><l id="115989" t="знаю"><g v="VERB"></g><g v="impf"></g><g v="tran"></g><g v="plur"></g><g v="3per"></g><g v="pres"></g><g v="indc"></g></l></v></tfr></token><token text="о" id="618737"><tfr rev_id="3230597" t="о"><v><l id="192977" t="о"><g v="PREP"></g></l></v></tfr></token><token text="ГИС" id="618738"><tfr rev_id="1450984" t="ГИС"><v><l id="0" t="гис"><g v="UNKN"></g></l></v></tfr></token><token text="." id="618739"><tfr rev_id="1450985" t="."><v><l id="0" t="."><g v="PNCT"></g></l></v></tfr></token></tokens></sentence></paragraph><paragraph id="11048"><sentence id="34632"><source>О картографических спутниковых сервисах широкая общественность узнала совсем недавно, когда на этот рынок вышла компания Google.</source><tokens><token text="О" id="618740"><tfr rev_id="3326788" t="О"><v><l id="192977" t="о"><g v="PREP"></g></l></v></tfr></token><token text="картографических" id="618741"><tfr rev_id="2827147" t="картографических"><v><l id="130802" t="картографический"><g v="ADJF"></g><g v="plur"></g><g v="loct"></g></l></v></tfr></token><token text="спутниковых" id="618742"><tfr rev_id="4198278" t="спутниковых"><v><l id="333237" t="спутниковый"><g v="ADJF"></g><g v="plur"></g><g v="loct"></g></l></v></tfr></token><token text="сервисах" id="618743"><tfr rev_id="1450989" t="сервисах"><v><l id="319025" t="сервис"><g v="NOUN"></g><g v="inan"></g><g v="masc"></g><g v="plur"></g><g v="loct"></g></l></v></tfr></token><token text="широкая" id="618744"><tfr rev_id="1450990" t="широкая"><v><l id="379815" t="широкий"><g v="ADJF"></g><g v="Qual"></g><g v="femn"></g><g v="sing"></g><g v="nomn"></g></l></v></tfr></token><token text="общественность" id="618745"><tfr rev_id="1450991" t="общественность"><v><l id="201611" t="общественность"><g v="NOUN"></g><g v="inan"></g><g v="femn"></g><g v="sing"></g><g v="nomn"></g></l></v><v><l id="201611" t="общественность"><g v="NOUN"></g><g v="inan"></g><g v="femn"></g><g v="sing"></g><g v="accs"></g></l></v></tfr></token><token text="узнала" id="618746"><tfr rev_id="1450992" t="узнала"><v><l id="355806" t="узнал"><g v="VERB"></g><g v="perf"></g><g v="tran"></g><g v="femn"></g><g v="sing"></g><g v="past"></g><g v="indc"></g></l></v></tfr></token><token text="совсем" id="618747"><tfr rev_id="1450993" t="совсем"><v><l id="328223" t="совсем"><g v="ADVB"></g></l></v></tfr></token><token text="недавно" id="618748"><tfr rev_id="1450994" t="недавно"><v><l id="180623" t="недавно"><g v="ADVB"></g></l></v></tfr></token><token text="," id="618749"><tfr rev_id="1450995" t=","><v><l id="0" t=","><g v="PNCT"></g></l></v></tfr></token><token text="когда" id="618750"><tfr rev_id="1450996" t="когда"><v><l id="135239" t="когда"><g v="CONJ"></g></l></v><v><l id="135240" t="когда"><g v="ADVB"></g><g v="Ques"></g></l></v></tfr></token><token text="на" id="618751"><tfr rev_id="3334917" t="на"><v><l id="166264" t="на"><g v="PREP"></g></l></v></tfr></token><token text="этот" id="618752"><tfr rev_id="4432098" t="этот"><v><l id="386581" t="этот"><g v="ADJF"></g><g v="Subx"></g><g v="Apro"></g><g v="Anph"></g><g v="masc"></g><g v="sing"></g><g v="nomn"></g></l></v><v><l id="386581" t="этот"><g v="ADJF"></g><g v="Subx"></g><g v="Apro"></g><g v="Anph"></g><g v="inan"></g><g v="masc"></g><g v="sing"></g><g v="accs"></g></l></v></tfr></token><token text="рынок" id="618753"><tfr rev_id="3523624" t="рынок"><v><l id="310781" t="рынок"><g v="NOUN"></g><g v="inan"></g><g v="masc"></g><g v="sing"></g><g v="accs"></g></l></v></tfr></token><token text="вышла" id="618754"><tfr rev_id="1451000" t="вышла"><v><l id="57749" t="вышел"><g v="VERB"></g><g v="perf"></g><g v="intr"></g><g v="femn"></g><g v="sing"></g><g v="past"></g><g v="indc"></g></l></v></tfr></token><token text="компания" id="618755"><tfr rev_id="1451001" t="компания"><v><l id="137146" t="компания"><g v="NOUN"></g><g v="inan"></g><g v="femn"></g><g v="sing"></g><g v="nomn"></g></l></v></tfr></token><token text="Google" id="618756"><tfr rev_id="2474843" t="Google"><v><l id="0" t="Google"><g v="LATN"></g></l></v></tfr></token><token text="." id="618757"><tfr rev_id="1451003" t="."><v><l id="0" t="."><g v="PNCT"></g></l></v></tfr></token></tokens></sentence><sentence id="34633"><source>Однако на самом деле программы для просмотра спутниковых фотографий существуют довольно давно.</source><tokens><token text="Однако" id="618758"><tfr rev_id="2624546" t="Однако"><v><l id="203386" t="однако"><g v="INTJ"></g></l></v><v><l id="203387" t="однако"><g v="CONJ"></g><g v="Prnt"></g></l></v></tfr></token><token text="на" id="618759"><tfr rev_id="3475119" t="на"><v><l id="166264" t="на"><g v="PREP"></g></l></v></tfr></token><token text="самом" id="618760"><tfr rev_id="3530998" t="самом"><v><l id="312034" t="сам"><g v="ADJF"></g><g v="Apro"></g><g v="neut"></g><g v="sing"></g><g v="loct"></g></l></v><v><l id="313174" t="самый"><g v="ADJF"></g><g v="Apro"></g><g v="neut"></g><g v="sing"></g><g v="loct"></g></l></v></tfr></token><token text="деле" id="618761"><tfr rev_id="1451007" t="деле"><v><l id="80628" t="дело"><g v="NOUN"></g><g v="inan"></g><g v="neut"></g><g v="sing"></g><g v="loct"></g></l></v></tfr></token><token text="программы" id="618762"><tfr rev_id="3767099" t="программы"><v><l id="278686" t="программа"><g v="NOUN"></g><g v="inan"></g><g v="femn"></g><g v="plur"></g><g v="nomn"></g></l></v></tfr></token><token text="для" id="618763"><tfr rev_id="2922698" t="для"><v><l id="85032" t="для"><g v="PREP"></g></l></v></tfr></token><token text="просмотра" id="618764"><tfr rev_id="1451010" t="просмотра"><v><l id="284681" t="просмотр"><g v="NOUN"></g><g v="inan"></g><g v="masc"></g><g v="sing"></g><g v="gent"></g></l></v></tfr></token><token text="спутниковых" id="618765"><tfr rev_id="3497623" t="спутниковых"><v><l id="333237" t="спутниковый"><g v="ADJF"></g><g v="plur"></g><g v="gent"></g></l></v></tfr></token><token text="фотографий" id="618766"><tfr rev_id="1451012" t="фотографий"><v><l id="367492" t="фотография"><g v="NOUN"></g><g v="inan"></g><g v="femn"></g><g v="plur"></g><g v="gent"></g></l></v></tfr></token><token text="существуют" id="618767"><tfr rev_id="1451013" t="существуют"><v><l id="340484" t="существую"><g v="VERB"></g><g v="impf"></g><g v="intr"></g><g v="plur"></g><g v="3per"></g><g v="pres"></g><g v="indc"></g></l></v></tfr></token><token text="довольно" id="618768"><tfr rev_id="1451014" t="довольно"><v><l id="86034" t="довольно"><g v="ADVB"></g><g v="Prdx"></g></l></v><v><l id="86038" t="доволен"><g v="ADJS"></g><g v="Qual"></g><g v="neut"></g><g v="sing"></g></l></v></tfr></token><token text="давно" id="618769"><tfr rev_id="1451015" t="давно"><v><l id="77708" t="давно"><g v="ADVB"></g></l></v></tfr></token><token text="." id="618770"><tfr rev_id="1451016" t="."><v><l id="0" t="."><g v="PNCT"></g></l></v></tfr></token></tokens></sentence><sentence id="34634"><source>Например, компания Microsoft выпустила программу Terraserver ещё несколько лет назад.</source><tokens><token text="Например" id="618771"><tfr rev_id="1451017" t="Например"><v><l id="174036" t="например"><g v="CONJ"></g><g v="Prnt"></g></l></v></tfr></token><token text="," id="618772"><tfr rev_id="1451018" t=","><v><l id="0" t=","><g v="PNCT"></g></l></v></tfr></token><token text="компания" id="618773"><tfr rev_id="1451019" t="компания"><v><l id="137146" t="компания"><g v="NOUN"></g><g v="inan"></g><g v="femn"></g><g v="sing"></g><g v="nomn"></g></l></v></tfr></token><token text="Microsoft" id="618774"><tfr rev_id="2474844" t="Microsoft"><v><l id="0" t="Microsoft"><g v="LATN"></g></l></v></tfr></token><token text="выпустила" id="618775"><tfr rev_id="1451021" t="выпустила"><v><l id="61014" t="выпустил"><g v="VERB"></g><g v="perf"></g><g v="tran"></g><g v="femn"></g><g v="sing"></g><g v="past"></g><g v="indc"></g></l></v></tfr></token><token text="программу" id="618776"><tfr rev_id="1451022" t="программу"><v><l id="278686" t="программа"><g v="NOUN"></g><g v="inan"></g><g v="femn"></g><g v="sing"></g><g v="accs"></g></l></v></tfr></token><token text="Terraserver" id="618777"><tfr rev_id="2474845" t="Terraserver"><v><l id="0" t="Terraserver"><g v="LATN"></g></l></v></tfr></token><token text="ещё" id="618778"><tfr rev_id="1451024" t="ещё"><v><l id="95551" t="ещё"><g v="PRCL"></g></l></v><v><l id="95552" t="ещё"><g v="ADVB"></g></l></v></tfr></token><token text="несколько" id="618779"><tfr rev_id="4179081" t="несколько"><v><l id="188126" t="несколько"><g v="NUMR"></g><g v="nomn"></g></l></v><v><l id="188126" t="несколько"><g v="NUMR"></g><g v="inan"></g><g v="accs"></g></l></v></tfr></token><token text="лет" id="618780"><tfr rev_id="3476710" t="лет"><v><l id="72149" t="год"><g v="NOUN"></g><g v="inan"></g><g v="masc"></g><g v="plur"></g><g v="gent"></g></l></v></tfr></token><token text="назад" id="618781"><tfr rev_id="1451027" t="назад"><v><l id="170252" t="назад"><g v="ADVB"></g></l></v></tfr></token><token text="." id="618782"><tfr rev_id="1451028" t="."><v><l id="0" t="."><g v="PNCT"></g></l></v></tfr></token></tokens></sentence><sentence id="34635"><source>С появлением на сайте карт Google спутниковых фотографий, наложенных на обычные карты, началась новая эпоха спутниковых карт.</source><tokens><token text="С" id="618783"><tfr rev_id="1451029" t="С"><v><l id="311151" t="с"><g v="PREP"></g></l></v></tfr></token><token text="появлением" id="618784"><tfr rev_id="1451030" t="появлением"><v><l id="265511" t="появление"><g v="NOUN"></g><g v="inan"></g><g v="neut"></g><g v="sing"></g><g v="ablt"></g></l></v></tfr></token><token text="на" id="618785"><tfr rev_id="3345669" t="на"><v><l id="166264" t="на"><g v="PREP"></g></l></v></tfr></token><token text="сайте" id="618786"><tfr rev_id="1451032" t="сайте"><v><l id="311674" t="сайт"><g v="NOUN"></g><g v="inan"></g><g v="masc"></g><g v="sing"></g><g v="loct"></g></l></v></tfr></token><token text="карт" id="618787"><tfr rev_id="1451033" t="карт"><v><l id="130719" t="карта"><g v="NOUN"></g><g v="inan"></g><g v="femn"></g><g v="plur"></g><g v="gent"></g></l></v></tfr></token><token text="Google" id="618788"><tfr rev_id="2474846" t="Google"><v><l id="0" t="Google"><g v="LATN"></g></l></v></tfr></token><token text="спутниковых" id="618789"><tfr rev_id="3497592" t="спутниковых"><v><l id="333237" t="спутниковый"><g v="ADJF"></g><g v="plur"></g><g v="gent"></g></l></v></tfr></token><token text="фотографий" id="618790"><tfr rev_id="1451036" t="фотографий"><v><l id="367492" t="фотография"><g v="NOUN"></g><g v="inan"></g><g v="femn"></g><g v="plur"></g><g v="gent"></g></l></v></tfr></token><token text="," id="618791"><tfr rev_id="1451037" t=","><v><l id="0" t=","><g v="PNCT"></g></l></v></tfr></token><token text="наложенных" id="618792"><tfr rev_id="1451038" t="наложенных"><v><l id="172067" t="наложенный"><g v="PRTF"></g><g v="perf"></g><g v="tran"></g><g v="past"></g><g v="pssv"></g><g v="plur"></g><g v="gent"></g></l></v><v><l id="172067" t="наложенный"><g v="PRTF"></g><g v="perf"></g><g v="tran"></g><g v="past"></g><g v="pssv"></g><g v="anim"></g><g v="plur"></g><g v="accs"></g></l></v><v><l id="172067" t="наложенный"><g v="PRTF"></g><g v="perf"></g><g v="tran"></g><g v="past"></g><g v="pssv"></g><g v="plur"></g><g v="loct"></g></l></v></tfr></token><token text="на" id="618793"><tfr rev_id="3344379" t="на"><v><l id="166264" t="на"><g v="PREP"></g></l></v></tfr></token><token text="обычные" id="618794"><tfr rev_id="3814729" t="обычные"><v><l id="202049" t="обычный"><g v="ADJF"></g><g v="Qual"></g><g v="inan"></g><g v="plur"></g><g v="accs"></g></l></v></tfr></token><token text="карты" id="618795"><tfr rev_id="3793807" t="карты"><v><l id="130719" t="карта"><g v="NOUN"></g><g v="inan"></g><g v="femn"></g><g v="plur"></g><g v="accs"></g></l></v></tfr></token><token text="," id="618796"><tfr rev_id="1451042" t=","><v><l id="0" t=","><g v="PNCT"></g></l></v></tfr></token><token text="началась" id="618797"><tfr rev_id="1451043" t="началась"><v><l id="178230" t="начался"><g v="VERB"></g><g v="perf"></g><g v="intr"></g><g v="femn"></g><g v="sing"></g><g v="past"></g><g v="indc"></g></l></v></tfr></token><token text="новая" id="618798"><tfr rev_id="1451044" t="новая"><v><l id="191918" t="новый"><g v="ADJF"></g><g v="Qual"></g><g v="femn"></g><g v="sing"></g><g v="nomn"></g></l></v></tfr></token><token text="эпоха" id="618799"><tfr rev_id="1451045" t="эпоха"><v><l id="385893" t="эпоха"><g v="NOUN"></g><g v="inan"></g><g v="femn"></g><g v="sing"></g><g v="nomn"></g></l></v></tfr></token><token text="спутниковых" id="618800"><tfr rev_id="3707580" t="спутниковых"><v><l id="333237" t="спутниковый"><g v="ADJF"></g><g v="plur"></g><g v="gent"></g></l></v></tfr></token><token text="карт" id="618801"><tfr rev_id="1451047" t="карт"><v><l id="130719" t="карта"><g v="NOUN"></g><g v="inan"></g><g v="femn"></g><g v="plur"></g><g v="gent"></g></l></v></tfr></token><token text="." id="618802"><tfr rev_id="1451048" t="."><v><l id="0" t="."><g v="PNCT"></g></l></v></tfr></token></tokens></sentence><sentence id="34636"><source>Пользователи по всему миру с увлечением начали изучать спутниковые фотографии, рассматривая знакомые места.</source><tokens><token text="Пользователи" id="618803"><tfr rev_id="1451049" t="Пользователи"><v><l id="257079" t="пользователь"><g v="NOUN"></g><g v="anim"></g><g v="masc"></g><g v="plur"></g><g v="nomn"></g></l></v></tfr></token><token text="по" id="618804"><tfr rev_id="1451050" t="по"><v><l id="241240" t="по"><g v="PREP"></g></l></v></tfr></token><token text="всему" id="618805"><tfr rev_id="4130232" t="всему"><v><l id="42156" t="весь"><g v="ADJF"></g><g v="Subx"></g><g v="Apro"></g><g v="masc"></g><g v="sing"></g><g v="datv"></g></l></v></tfr></token><token text="миру" id="618806"><tfr rev_id="3723327" t="миру"><v><l id="160807" t="мир"><g v="NOUN"></g><g v="inan"></g><g v="masc"></g><g v="sing"></g><g v="datv"></g></l></v></tfr></token><token text="с" id="618807"><tfr rev_id="1451053" t="с"><v><l id="311151" t="с"><g v="PREP"></g></l></v></tfr></token><token text="увлечением" id="618808"><tfr rev_id="1451054" t="увлечением"><v><l id="353752" t="увлечение"><g v="NOUN"></g><g v="inan"></g><g v="neut"></g><g v="sing"></g><g v="ablt"></g></l></v></tfr></token><token text="начали" id="618809"><tfr rev_id="1451055" t="начали"><v><l id="178224" t="начал"><g v="VERB"></g><g v="perf"></g><g v="tran"></g><g v="plur"></g><g v="past"></g><g v="indc"></g></l></v></tfr></token><token text="изучать" id="618810"><tfr rev_id="1451056" t="изучать"><v><l id="120783" t="изучать"><g v="INFN"></g><g v="impf"></g><g v="tran"></g></l></v></tfr></token><token text="спутниковые" id="618811"><tfr rev_id="3813997" t="спутниковые"><v><l id="333237" t="спутниковый"><g v="ADJF"></g><g v="inan"></g><g v="plur"></g><g v="accs"></g></l></v></tfr></token><token text="фотографии" id="618812"><tfr rev_id="3743699" t="фотографии"><v><l id="367492" t="фотография"><g v="NOUN"></g><g v="inan"></g><g v="femn"></g><g v="plur"></g><g v="accs"></g></l></v></tfr></token><token text="," id="618813"><tfr rev_id="1451059" t=","><v><l id="0" t=","><g v="PNCT"></g></l></v></tfr></token><token text="рассматривая" id="618814"><tfr rev_id="1451060" t="рассматривая"><v><l id="301130" t="рассматривая"><g v="GRND"></g><g v="impf"></g><g v="tran"></g><g v="pres"></g></l></v></tfr></token><token text="знакомые" id="618815"><tfr rev_id="3768273" t="знакомые"><v><l id="115927" t="знакомый"><g v="ADJF"></g><g v="Subx"></g><g v="Qual"></g><g v="inan"></g><g v="plur"></g><g v="accs"></g></l></v></tfr></token><token text="места" id="618816"><tfr rev_id="3793300" t="места"><v><l id="158822" t="место"><g v="NOUN"></g><g v="inan"></g><g v="neut"></g><g v="plur"></g><g v="accs"></g></l></v></tfr></token><token text="." id="618817"><tfr rev_id="1451063" t="."><v><l id="0" t="."><g v="PNCT"></g></l></v></tfr></token></tokens></sentence></paragraph><paragraph id="11049"><sentence id="34637"><source>Проекты, представленные на празднике, предполагали ознакомление с возможностями современных ГИС и приобщение молодого поколения к новейшим технологиям.</source><tokens><token text="Проекты" id="618818"><tfr rev_id="2757379" t="Проекты"><v><l id="279545" t="проект"><g v="NOUN"></g><g v="inan"></g><g v="masc"></g><g v="plur"></g><g v="nomn"></g></l></v></tfr></token><token text="," id="618819"><tfr rev_id="1451065" t=","><v><l id="0" t=","><g v="PNCT"></g></l></v></tfr></token><token text="представленные" id="618820"><tfr rev_id="1451066" t="представленные"><v><l id="267102" t="представленный"><g v="PRTF"></g><g v="perf"></g><g v="tran"></g><g v="past"></g><g v="pssv"></g><g v="plur"></g><g v="nomn"></g></l></v><v><l id="267102" t="представленный"><g v="PRTF"></g><g v="perf"></g><g v="tran"></g><g v="past"></g><g v="pssv"></g><g v="inan"></g><g v="plur"></g><g v="accs"></g></l></v></tfr></token><token text="на" id="618821"><tfr rev_id="3343465" t="на"><v><l id="166264" t="на"><g v="PREP"></g></l></v></tfr></token><token text="празднике" id="618822"><tfr rev_id="1451068" t="празднике"><v><l id="265823" t="праздник"><g v="NOUN"></g><g v="inan"></g><g v="masc"></g><g v="sing"></g><g v="loct"></g></l></v></tfr></token><token text="," id="618823"><tfr rev_id="1451069" t=","><v><l id="0" t=","><g v="PNCT"></g></l></v></tfr></token><token text="предполагали" id="618824"><tfr rev_id="1451070" t="предполагали"><v><l id="266813" t="предполагаю"><g v="VERB"></g><g v="impf"></g><g v="tran"></g><g v="plur"></g><g v="past"></g><g v="indc"></g></l></v></tfr></token><token text="ознакомление" id="618825"><tfr rev_id="1451071" t="ознакомление"><v><l id="204263" t="ознакомление"><g v="NOUN"></g><g v="inan"></g><g v="neut"></g><g v="sing"></g><g v="nomn"></g></l></v><v><l id="204263" t="ознакомление"><g v="NOUN"></g><g v="inan"></g><g v="neut"></g><g v="sing"></g><g v="accs"></g></l></v></tfr></token><token text="с" id="618826"><tfr rev_id="1451072" t="с"><v><l id="311151" t="с"><g v="PREP"></g></l></v></tfr></token><token text="возможностями" id="618827"><tfr rev_id="1451073" t="возможностями"><v><l id="49410" t="возможность"><g v="NOUN"></g><g v="inan"></g><g v="femn"></g><g v="plur"></g><g v="ablt"></g></l></v></tfr></token><token text="современных" id="618828"><tfr rev_id="4409034" t="современных"><v><l id="328217" t="современный"><g v="ADJF"></g><g v="Qual"></g><g v="plur"></g><g v="gent"></g></l></v></tfr></token><token text="ГИС" id="618829"><tfr rev_id="1451075" t="ГИС"><v><l id="0" t="гис"><g v="UNKN"></g></l></v></tfr></token><token text="и" id="618830"><tfr rev_id="1451076" t="и"><v><l id="116949" t="и"><g v="CONJ"></g></l></v><v><l id="116950" t="и"><g v="INTJ"></g></l></v></tfr></token><token text="приобщение" id="618831"><tfr rev_id="3467362" t="приобщение"><v><l id="272778" t="приобщение"><g v="NOUN"></g><g v="inan"></g><g v="neut"></g><g v="sing"></g><g v="accs"></g></l></v></tfr></token><token text="молодого" id="618832"><tfr rev_id="3454301" t="молодого"><v><l id="162846" t="молодой"><g v="ADJF"></g><g v="Qual"></g><g v="neut"></g><g v="sing"></g><g v="gent"></g></l></v></tfr></token><token text="поколения" id="618833"><tfr rev_id="3457302" t="поколения"><v><l id="254517" t="поколение"><g v="NOUN"></g><g v="inan"></g><g v="neut"></g><g v="sing"></g><g v="gent"></g></l></v></tfr></token><token text="к" id="618834"><tfr rev_id="1451080" t="к"><v><l id="127460" t="к"><g v="PREP"></g></l></v></tfr></token><token text="новейшим" id="618835"><tfr rev_id="3860926" t="новейшим"><v><l id="191919" t="новейший"><g v="ADJF"></g><g v="Supr"></g><g v="Qual"></g><g v="plur"></g><g v="datv"></g></l></v></tfr></token><token text="технологиям" id="618836"><tfr rev_id="1451082" t="технологиям"><v><l id="345970" t="технология"><g v="NOUN"></g><g v="inan"></g><g v="femn"></g><g v="plur"></g><g v="datv"></g></l></v></tfr></token><token text="." id="618837"><tfr rev_id="1451083" t="."><v><l id="0" t="."><g v="PNCT"></g></l></v></tfr></token></tokens></sentence></paragraph></paragraphs></text>