<?xml version="1.0" encoding="utf-8"?><text parent="226" id="1182" name="23564 Германия объявила о полном отказе от ядерной энергетики"><tags><tag>url:http://www.chaskor.ru/news/germaniya_obyavila_o_polnom_otkaze_ot_yadernoj_energetiki_23564</tag><tag>Год:2011</tag><tag>Дата:30/05</tag><tag>Тема:ЧасКор:Экономика</tag><tag>Тема:ЧасКор:Экономика/Индустрия</tag></tags><paragraphs><paragraph id="11075"><sentence id="34725"><source>Германия объявила о полном отказе от ядерной энергетики</source><tokens><token text="Германия" id="620271"><tfr rev_id="4257406" t="Германия"><v><l id="69099" t="германия"><g v="NOUN"></g><g v="inan"></g><g v="femn"></g><g v="Sgtm"></g><g v="Geox"></g><g v="sing"></g><g v="nomn"></g></l></v></tfr></token><token text="объявила" id="620272"><tfr rev_id="1452518" t="объявила"><v><l id="201891" t="объявил"><g v="VERB"></g><g v="perf"></g><g v="tran"></g><g v="femn"></g><g v="sing"></g><g v="past"></g><g v="indc"></g></l></v></tfr></token><token text="о" id="620273"><tfr rev_id="1452519" t="о"><v><l id="192977" t="о"><g v="PREP"></g></l></v><v><l id="192978" t="о"><g v="INTJ"></g></l></v></tfr></token><token text="полном" id="620274"><tfr rev_id="3549148" t="полном"><v><l id="256169" t="полный"><g v="ADJF"></g><g v="Qual"></g><g v="masc"></g><g v="sing"></g><g v="loct"></g></l></v></tfr></token><token text="отказе" id="620275"><tfr rev_id="1452521" t="отказе"><v><l id="213927" t="отказ"><g v="NOUN"></g><g v="inan"></g><g v="masc"></g><g v="sing"></g><g v="loct"></g></l></v></tfr></token><token text="от" id="620276"><tfr rev_id="1452522" t="от"><v><l id="211644" t="от"><g v="PREP"></g></l></v></tfr></token><token text="ядерной" id="620277"><tfr rev_id="4315940" t="ядерной"><v><l id="387483" t="ядерный"><g v="ADJF"></g><g v="Qual"></g><g v="femn"></g><g v="sing"></g><g v="gent"></g></l></v></tfr></token><token text="энергетики" id="620278"><tfr rev_id="3438177" t="энергетики"><v><l id="385493" t="энергетика"><g v="NOUN"></g><g v="inan"></g><g v="femn"></g><g v="sing"></g><g v="gent"></g></l></v></tfr></token></tokens></sentence><sentence id="34726"><source>Предполагается, что эксплуатацию всех АЭС страны прекратят к 2022 году.</source><tokens><token text="Предполагается" id="620279"><tfr rev_id="1452525" t="Предполагается"><v><l id="266820" t="предполагаюсь"><g v="VERB"></g><g v="impf"></g><g v="intr"></g><g v="sing"></g><g v="3per"></g><g v="pres"></g><g v="indc"></g></l></v></tfr></token><token text="," id="620280"><tfr rev_id="1452526" t=","><v><l id="0" t=","><g v="PNCT"></g></l></v></tfr></token><token text="что" id="620281"><tfr rev_id="3196977" t="что"><v><l id="377004" t="что"><g v="CONJ"></g></l></v><v><l id="377005" t="что"><g v="NPRO"></g><g v="neut"></g><g v="sing"></g><g v="nomn"></g></l></v><v><l id="377005" t="что"><g v="NPRO"></g><g v="neut"></g><g v="sing"></g><g v="accs"></g></l></v><v><l id="377006" t="что"><g v="ADVB"></g><g v="Ques"></g></l></v><v><l id="388695" t="что"><g v="PRCL"></g></l></v></tfr></token><token text="эксплуатацию" id="620282"><tfr rev_id="1452528" t="эксплуатацию"><v><l id="383628" t="эксплуатация"><g v="NOUN"></g><g v="inan"></g><g v="femn"></g><g v="sing"></g><g v="accs"></g></l></v></tfr></token><token text="всех" id="620283"><tfr rev_id="4400706" t="всех"><v><l id="42156" t="весь"><g v="ADJF"></g><g v="Subx"></g><g v="Apro"></g><g v="plur"></g><g v="gent"></g></l></v></tfr></token><token text="АЭС" id="620284"><tfr rev_id="4173629" t="АЭС"><v><l id="21433" t="аэс"><g v="NOUN"></g><g v="inan"></g><g v="femn"></g><g v="Fixd"></g><g v="Orgn"></g><g v="Abbr"></g><g v="plur"></g><g v="gent"></g></l></v></tfr></token><token text="страны" id="620285"><tfr rev_id="3453214" t="страны"><v><l id="337100" t="страна"><g v="NOUN"></g><g v="inan"></g><g v="femn"></g><g v="sing"></g><g v="gent"></g></l></v></tfr></token><token text="прекратят" id="620286"><tfr rev_id="1452532" t="прекратят"><v><l id="267593" t="прекратил"><g v="VERB"></g><g v="perf"></g><g v="tran"></g><g v="plur"></g><g v="3per"></g><g v="futr"></g><g v="indc"></g></l></v></tfr></token><token text="к" id="620287"><tfr rev_id="1452533" t="к"><v><l id="127460" t="к"><g v="PREP"></g></l></v></tfr></token><token text="2022" id="620288"><tfr rev_id="2461942" t="2022"><v><l id="0" t="2022"><g v="NUMB"></g></l></v></tfr></token><token text="году" id="620289"><tfr rev_id="2927909" t="году"><v><l id="72149" t="год"><g v="NOUN"></g><g v="inan"></g><g v="masc"></g><g v="sing"></g><g v="datv"></g></l></v></tfr></token><token text="." id="620290"><tfr rev_id="1452536" t="."><v><l id="0" t="."><g v="PNCT"></g></l></v></tfr></token></tokens></sentence></paragraph><paragraph id="11076"><sentence id="34727"><source>Руководство Германии официально объявило о скором полном прекращении работы всех АЭС страны.</source><tokens><token text="Руководство" id="620291"><tfr rev_id="3473825" t="Руководство"><v><l id="310004" t="руководство"><g v="NOUN"></g><g v="inan"></g><g v="neut"></g><g v="sing"></g><g v="nomn"></g></l></v></tfr></token><token text="Германии" id="620292"><tfr rev_id="4177306" t="Германии"><v><l id="69099" t="германия"><g v="NOUN"></g><g v="inan"></g><g v="femn"></g><g v="Sgtm"></g><g v="Geox"></g><g v="sing"></g><g v="gent"></g></l></v></tfr></token><token text="официально" id="620293"><tfr rev_id="1452539" t="официально"><v><l id="220937" t="официально"><g v="ADVB"></g></l></v><v><l id="220941" t="официален"><g v="ADJS"></g><g v="neut"></g><g v="sing"></g></l></v></tfr></token><token text="объявило" id="620294"><tfr rev_id="1452540" t="объявило"><v><l id="201891" t="объявил"><g v="VERB"></g><g v="perf"></g><g v="tran"></g><g v="neut"></g><g v="sing"></g><g v="past"></g><g v="indc"></g></l></v></tfr></token><token text="о" id="620295"><tfr rev_id="3301524" t="о"><v><l id="192977" t="о"><g v="PREP"></g></l></v></tfr></token><token text="скором" id="620296"><tfr rev_id="4165007" t="скором"><v><l id="323375" t="скорый"><g v="ADJF"></g><g v="Qual"></g><g v="neut"></g><g v="sing"></g><g v="loct"></g></l></v></tfr></token><token text="полном" id="620297"><tfr rev_id="3454526" t="полном"><v><l id="256169" t="полный"><g v="ADJF"></g><g v="Qual"></g><g v="neut"></g><g v="sing"></g><g v="loct"></g></l></v></tfr></token><token text="прекращении" id="620298"><tfr rev_id="1452544" t="прекращении"><v><l id="267615" t="прекращение"><g v="NOUN"></g><g v="inan"></g><g v="neut"></g><g v="sing"></g><g v="loct"></g></l></v></tfr></token><token text="работы" id="620299"><tfr rev_id="3497191" t="работы"><v><l id="290501" t="работа"><g v="NOUN"></g><g v="inan"></g><g v="femn"></g><g v="sing"></g><g v="gent"></g></l></v></tfr></token><token text="всех" id="620300"><tfr rev_id="4135830" t="всех"><v><l id="42156" t="весь"><g v="ADJF"></g><g v="Subx"></g><g v="Apro"></g><g v="plur"></g><g v="gent"></g></l></v></tfr></token><token text="АЭС" id="620301"><tfr rev_id="3807381" t="АЭС"><v><l id="21433" t="аэс"><g v="NOUN"></g><g v="inan"></g><g v="femn"></g><g v="Fixd"></g><g v="Orgn"></g><g v="Abbr"></g><g v="plur"></g><g v="gent"></g></l></v></tfr></token><token text="страны" id="620302"><tfr rev_id="3409993" t="страны"><v><l id="337100" t="страна"><g v="NOUN"></g><g v="inan"></g><g v="femn"></g><g v="sing"></g><g v="gent"></g></l></v></tfr></token><token text="." id="620303"><tfr rev_id="1452549" t="."><v><l id="0" t="."><g v="PNCT"></g></l></v></tfr></token></tokens></sentence><sentence id="34728"><source>По словам министра окружающей среды Норберта Реттгена, к 2022 году будет существенно расширено использование альтернативных источников энергии.</source><tokens><token text="По" id="620304"><tfr rev_id="1452550" t="По"><v><l id="241240" t="по"><g v="PREP"></g></l></v></tfr></token><token text="словам" id="620305"><tfr rev_id="1452551" t="словам"><v><l id="325168" t="слово"><g v="NOUN"></g><g v="inan"></g><g v="neut"></g><g v="plur"></g><g v="datv"></g></l></v></tfr></token><token text="министра" id="620306"><tfr rev_id="3689870" t="министра"><v><l id="160614" t="министр"><g v="NOUN"></g><g v="anim"></g><g v="masc"></g><g v="sing"></g><g v="gent"></g></l></v></tfr></token><token text="окружающей" id="620307"><tfr rev_id="4331197" t="окружающей"><v><l id="205521" t="окружающий"><g v="PRTF"></g><g v="impf"></g><g v="tran"></g><g v="pres"></g><g v="actv"></g><g v="femn"></g><g v="sing"></g><g v="gent"></g></l></v><v><l id="205521" t="окружающий"><g v="PRTF"></g><g v="impf"></g><g v="tran"></g><g v="pres"></g><g v="actv"></g><g v="femn"></g><g v="sing"></g><g v="datv"></g></l></v><v><l id="205521" t="окружающий"><g v="PRTF"></g><g v="impf"></g><g v="tran"></g><g v="pres"></g><g v="actv"></g><g v="femn"></g><g v="sing"></g><g v="ablt"></g></l></v><v><l id="205521" t="окружающий"><g v="PRTF"></g><g v="impf"></g><g v="tran"></g><g v="pres"></g><g v="actv"></g><g v="femn"></g><g v="sing"></g><g v="loct"></g></l></v><v><l id="205533" t="окружающий"><g v="ADJF"></g><g v="femn"></g><g v="sing"></g><g v="gent"></g></l></v><v><l id="205533" t="окружающий"><g v="ADJF"></g><g v="femn"></g><g v="sing"></g><g v="datv"></g></l></v><v><l id="205533" t="окружающий"><g v="ADJF"></g><g v="femn"></g><g v="sing"></g><g v="ablt"></g></l></v><v><l id="205533" t="окружающий"><g v="ADJF"></g><g v="femn"></g><g v="sing"></g><g v="loct"></g></l></v></tfr></token><token text="среды" id="620308"><tfr rev_id="3433790" t="среды"><v><l id="333471" t="среда"><g v="NOUN"></g><g v="inan"></g><g v="femn"></g><g v="sing"></g><g v="gent"></g></l></v></tfr></token><token text="Норберта" id="620309"><tfr rev_id="3689806" t="Норберта"><v><l id="192130" t="норберт"><g v="NOUN"></g><g v="anim"></g><g v="masc"></g><g v="Name"></g><g v="sing"></g><g v="gent"></g></l></v></tfr></token><token text="Реттгена" id="620310"><tfr rev_id="1452556" t="Реттгена"><v><l id="0" t="реттгена"><g v="UNKN"></g></l></v></tfr></token><token text="," id="620311"><tfr rev_id="1452557" t=","><v><l id="0" t=","><g v="PNCT"></g></l></v></tfr></token><token text="к" id="620312"><tfr rev_id="1452558" t="к"><v><l id="127460" t="к"><g v="PREP"></g></l></v></tfr></token><token text="2022" id="620313"><tfr rev_id="2461943" t="2022"><v><l id="0" t="2022"><g v="NUMB"></g></l></v></tfr></token><token text="году" id="620314"><tfr rev_id="2850301" t="году"><v><l id="72149" t="год"><g v="NOUN"></g><g v="inan"></g><g v="masc"></g><g v="sing"></g><g v="datv"></g></l></v></tfr></token><token text="будет" id="620315"><tfr rev_id="1452561" t="будет"><v><l id="37265" t="есть"><g v="VERB"></g><g v="impf"></g><g v="intr"></g><g v="sing"></g><g v="3per"></g><g v="futr"></g><g v="indc"></g></l></v></tfr></token><token text="существенно" id="620316"><tfr rev_id="3526813" t="существенно"><v><l id="340472" t="существенно"><g v="ADVB"></g></l></v></tfr></token><token text="расширено" id="620317"><tfr rev_id="1452563" t="расширено"><v><l id="303644" t="расширен"><g v="PRTS"></g><g v="perf"></g><g v="past"></g><g v="pssv"></g><g v="neut"></g><g v="sing"></g></l></v></tfr></token><token text="использование" id="620318"><tfr rev_id="4211232" t="использование"><v><l id="125417" t="использование"><g v="NOUN"></g><g v="inan"></g><g v="neut"></g><g v="sing"></g><g v="nomn"></g></l></v></tfr></token><token text="альтернативных" id="620319"><tfr rev_id="2827272" t="альтернативных"><v><l id="10700" t="альтернативный"><g v="ADJF"></g><g v="plur"></g><g v="gent"></g></l></v></tfr></token><token text="источников" id="620320"><tfr rev_id="1452566" t="источников"><v><l id="126464" t="источник"><g v="NOUN"></g><g v="inan"></g><g v="masc"></g><g v="plur"></g><g v="gent"></g></l></v></tfr></token><token text="энергии" id="620321"><tfr rev_id="4277711" t="энергии"><v><l id="385504" t="энергия"><g v="NOUN"></g><g v="inan"></g><g v="femn"></g><g v="sing"></g><g v="gent"></g></l></v></tfr></token><token text="." id="620322"><tfr rev_id="1452568" t="."><v><l id="0" t="."><g v="PNCT"></g></l></v></tfr></token></tokens></sentence><sentence id="34729"><source>Чиновник также пообещал, что отключенные после катастрофы в Японии реакторы уже не возобновят свою работу.</source><tokens><token text="Чиновник" id="620323"><tfr rev_id="1452569" t="Чиновник"><v><l id="376482" t="чиновник"><g v="NOUN"></g><g v="anim"></g><g v="masc"></g><g v="sing"></g><g v="nomn"></g></l></v></tfr></token><token text="также" id="620324"><tfr rev_id="4267753" t="также"><v><l id="342482" t="также"><g v="PRCL"></g></l></v></tfr></token><token text="пообещал" id="620325"><tfr rev_id="1452571" t="пообещал"><v><l id="258747" t="пообещал"><g v="VERB"></g><g v="perf"></g><g v="tran"></g><g v="masc"></g><g v="sing"></g><g v="past"></g><g v="indc"></g></l></v></tfr></token><token text="," id="620326"><tfr rev_id="1452572" t=","><v><l id="0" t=","><g v="PNCT"></g></l></v></tfr></token><token text="что" id="620327"><tfr rev_id="3196978" t="что"><v><l id="377004" t="что"><g v="CONJ"></g></l></v><v><l id="377005" t="что"><g v="NPRO"></g><g v="neut"></g><g v="sing"></g><g v="nomn"></g></l></v><v><l id="377005" t="что"><g v="NPRO"></g><g v="neut"></g><g v="sing"></g><g v="accs"></g></l></v><v><l id="377006" t="что"><g v="ADVB"></g><g v="Ques"></g></l></v><v><l id="388695" t="что"><g v="PRCL"></g></l></v></tfr></token><token text="отключенные" id="620328"><tfr rev_id="1452574" t="отключенные"><v><l id="214317" t="отключённый"><g v="PRTF"></g><g v="perf"></g><g v="tran"></g><g v="past"></g><g v="pssv"></g><g v="plur"></g><g v="nomn"></g></l></v><v><l id="214317" t="отключённый"><g v="PRTF"></g><g v="perf"></g><g v="tran"></g><g v="past"></g><g v="pssv"></g><g v="inan"></g><g v="plur"></g><g v="accs"></g></l></v></tfr></token><token text="после" id="620329"><tfr rev_id="4403733" t="после"><v><l id="261542" t="после"><g v="PREP"></g></l></v></tfr></token><token text="катастрофы" id="620330"><tfr rev_id="3433078" t="катастрофы"><v><l id="131282" t="катастрофа"><g v="NOUN"></g><g v="inan"></g><g v="femn"></g><g v="sing"></g><g v="gent"></g></l></v></tfr></token><token text="в" id="620331"><tfr rev_id="1452577" t="в"><v><l id="37409" t="в"><g v="PREP"></g></l></v></tfr></token><token text="Японии" id="620332"><tfr rev_id="2934924" t="Японии"><v><l id="387993" t="япония"><g v="NOUN"></g><g v="inan"></g><g v="femn"></g><g v="Sgtm"></g><g v="Geox"></g><g v="sing"></g><g v="loct"></g></l></v></tfr></token><token text="реакторы" id="620333"><tfr rev_id="3756620" t="реакторы"><v><l id="304386" t="реактор"><g v="NOUN"></g><g v="inan"></g><g v="masc"></g><g v="plur"></g><g v="nomn"></g></l></v></tfr></token><token text="уже" id="620334"><tfr rev_id="2692750" t="уже"><v><l id="355422" t="уж"><g v="NOUN"></g><g v="anim"></g><g v="masc"></g><g v="sing"></g><g v="loct"></g></l></v><v><l id="355498" t="уже"><g v="ADVB"></g></l></v><v><l id="355674" t="уже"><g v="COMP"></g><g v="Qual"></g></l></v><v><l id="388673" t="уже"><g v="PRCL"></g></l></v></tfr></token><token text="не" id="620335"><tfr rev_id="1452581" t="не"><v><l id="178876" t="не"><g v="PRCL"></g></l></v></tfr></token><token text="возобновят" id="620336"><tfr rev_id="1452582" t="возобновят"><v><l id="49559" t="возобновил"><g v="VERB"></g><g v="perf"></g><g v="tran"></g><g v="plur"></g><g v="3per"></g><g v="futr"></g><g v="indc"></g></l></v></tfr></token><token text="свою" id="620337"><tfr rev_id="3632251" t="свою"><v><l id="316379" t="свой"><g v="ADJF"></g><g v="Apro"></g><g v="Anph"></g><g v="femn"></g><g v="sing"></g><g v="accs"></g></l></v></tfr></token><token text="работу" id="620338"><tfr rev_id="1452584" t="работу"><v><l id="290501" t="работа"><g v="NOUN"></g><g v="inan"></g><g v="femn"></g><g v="sing"></g><g v="accs"></g></l></v></tfr></token><token text="." id="620339"><tfr rev_id="1452585" t="."><v><l id="0" t="."><g v="PNCT"></g></l></v></tfr></token></tokens></sentence><sentence id="34730"><source>Таким образом, Германия стала первой промышленно развитой державой, отказавшейся от атома.</source><tokens><token text="Таким" id="620340"><tfr rev_id="4379093" t="Таким"><v><l id="342491" t="такой"><g v="ADJF"></g><g v="Apro"></g><g v="masc"></g><g v="sing"></g><g v="ablt"></g></l></v></tfr></token><token text="образом" id="620341"><tfr rev_id="1452587" t="образом"><v><l id="198787" t="образ"><g v="NOUN"></g><g v="inan"></g><g v="masc"></g><g v="sing"></g><g v="ablt"></g></l></v></tfr></token><token text="," id="620342"><tfr rev_id="1452588" t=","><v><l id="0" t=","><g v="PNCT"></g></l></v></tfr></token><token text="Германия" id="620343"><tfr rev_id="4281871" t="Германия"><v><l id="69099" t="германия"><g v="NOUN"></g><g v="inan"></g><g v="femn"></g><g v="Sgtm"></g><g v="Geox"></g><g v="sing"></g><g v="nomn"></g></l></v></tfr></token><token text="стала" id="620344"><tfr rev_id="1452590" t="стала"><v><l id="335164" t="стал"><g v="VERB"></g><g v="perf"></g><g v="intr"></g><g v="femn"></g><g v="sing"></g><g v="past"></g><g v="indc"></g></l></v></tfr></token><token text="первой" id="620345"><tfr rev_id="4166060" t="первой"><v><l id="226359" t="первый"><g v="ADJF"></g><g v="Anum"></g><g v="femn"></g><g v="sing"></g><g v="ablt"></g></l></v></tfr></token><token text="промышленно" id="620346"><tfr rev_id="3647751" t="промышленно"><v><l id="282339" t="промышлен"><g v="ADJS"></g><g v="neut"></g><g v="sing"></g></l></v><v><l id="389417" t="промышленно"><g v="ADVB"></g></l></v></tfr></token><token text="развитой" id="620347"><tfr rev_id="1452593" t="развитой"><v><l id="292546" t="развитой"><g v="ADJF"></g><g v="Qual"></g><g v="masc"></g><g v="sing"></g><g v="nomn"></g></l></v><v><l id="292546" t="развитой"><g v="ADJF"></g><g v="Qual"></g><g v="inan"></g><g v="masc"></g><g v="sing"></g><g v="accs"></g></l></v><v><l id="292546" t="развитой"><g v="ADJF"></g><g v="Qual"></g><g v="femn"></g><g v="sing"></g><g v="gent"></g></l></v><v><l id="292546" t="развитой"><g v="ADJF"></g><g v="Qual"></g><g v="femn"></g><g v="sing"></g><g v="datv"></g></l></v><v><l id="292546" t="развитой"><g v="ADJF"></g><g v="Qual"></g><g v="femn"></g><g v="sing"></g><g v="ablt"></g></l></v><v><l id="292546" t="развитой"><g v="ADJF"></g><g v="Qual"></g><g v="femn"></g><g v="sing"></g><g v="loct"></g></l></v><v><l id="292550" t="развитый"><g v="ADJF"></g><g v="Qual"></g><g v="femn"></g><g v="sing"></g><g v="gent"></g></l></v><v><l id="292550" t="развитый"><g v="ADJF"></g><g v="Qual"></g><g v="femn"></g><g v="sing"></g><g v="datv"></g></l></v><v><l id="292550" t="развитый"><g v="ADJF"></g><g v="Qual"></g><g v="femn"></g><g v="sing"></g><g v="ablt"></g></l></v><v><l id="292550" t="развитый"><g v="ADJF"></g><g v="Qual"></g><g v="femn"></g><g v="sing"></g><g v="loct"></g></l></v><v><l id="292556" t="развитый"><g v="PRTF"></g><g v="perf"></g><g v="tran"></g><g v="past"></g><g v="pssv"></g><g v="femn"></g><g v="sing"></g><g v="gent"></g></l></v><v><l id="292556" t="развитый"><g v="PRTF"></g><g v="perf"></g><g v="tran"></g><g v="past"></g><g v="pssv"></g><g v="femn"></g><g v="sing"></g><g v="datv"></g></l></v><v><l id="292556" t="развитый"><g v="PRTF"></g><g v="perf"></g><g v="tran"></g><g v="past"></g><g v="pssv"></g><g v="femn"></g><g v="sing"></g><g v="ablt"></g></l></v><v><l id="292556" t="развитый"><g v="PRTF"></g><g v="perf"></g><g v="tran"></g><g v="past"></g><g v="pssv"></g><g v="femn"></g><g v="sing"></g><g v="loct"></g></l></v></tfr></token><token text="державой" id="620348"><tfr rev_id="1452594" t="державой"><v><l id="81717" t="держава"><g v="NOUN"></g><g v="inan"></g><g v="femn"></g><g v="sing"></g><g v="ablt"></g></l></v></tfr></token><token text="," id="620349"><tfr rev_id="1452595" t=","><v><l id="0" t=","><g v="PNCT"></g></l></v></tfr></token><token text="отказавшейся" id="620350"><tfr rev_id="3445729" t="отказавшейся"><v><l id="213940" t="отказавшийся"><g v="PRTF"></g><g v="perf"></g><g v="intr"></g><g v="past"></g><g v="actv"></g><g v="femn"></g><g v="sing"></g><g v="ablt"></g></l></v></tfr></token><token text="от" id="620351"><tfr rev_id="1452597" t="от"><v><l id="211644" t="от"><g v="PREP"></g></l></v></tfr></token><token text="атома" id="620352"><tfr rev_id="1452598" t="атома"><v><l id="19587" t="атом"><g v="NOUN"></g><g v="inan"></g><g v="masc"></g><g v="sing"></g><g v="gent"></g></l></v></tfr></token><token text="." id="620353"><tfr rev_id="1452599" t="."><v><l id="0" t="."><g v="PNCT"></g></l></v></tfr></token></tokens></sentence></paragraph><paragraph id="11077"><sentence id="34731"><source>Как сообщает NEWSru.com, разговоры о полном отказе от использования атомной энергии начались в ФРГ после разрушительного землетрясения и цунами 11 марта в Японии, которые привели к аварии на АЭС «Фукусима-1».</source><tokens><token text="Как" id="620354"><tfr rev_id="1452600" t="Как"><v><l id="128190" t="как"><g v="CONJ"></g></l></v><v><l id="128191" t="как"><g v="PRCL"></g></l></v><v><l id="128192" t="как"><g v="ADVB"></g><g v="Ques"></g></l></v></tfr></token><token text="сообщает" id="620355"><tfr rev_id="1452601" t="сообщает"><v><l id="329538" t="сообщаю"><g v="VERB"></g><g v="impf"></g><g v="tran"></g><g v="sing"></g><g v="3per"></g><g v="pres"></g><g v="indc"></g></l></v></tfr></token><token text="NEWSru.com" id="620356"><tfr rev_id="2474855" t="NEWSru.com"><v><l id="0" t="NEWSru.com"><g v="LATN"></g></l></v></tfr></token><token text="," id="620357"><tfr rev_id="1452603" t=","><v><l id="0" t=","><g v="PNCT"></g></l></v></tfr></token><token text="разговоры" id="620358"><tfr rev_id="3409758" t="разговоры"><v><l id="293018" t="разговор"><g v="NOUN"></g><g v="inan"></g><g v="masc"></g><g v="plur"></g><g v="nomn"></g></l></v></tfr></token><token text="о" id="620359"><tfr rev_id="3327498" t="о"><v><l id="192977" t="о"><g v="PREP"></g></l></v></tfr></token><token text="полном" id="620360"><tfr rev_id="3342758" t="полном"><v><l id="256169" t="полный"><g v="ADJF"></g><g v="Qual"></g><g v="masc"></g><g v="sing"></g><g v="loct"></g></l></v></tfr></token><token text="отказе" id="620361"><tfr rev_id="1452607" t="отказе"><v><l id="213927" t="отказ"><g v="NOUN"></g><g v="inan"></g><g v="masc"></g><g v="sing"></g><g v="loct"></g></l></v></tfr></token><token text="от" id="620362"><tfr rev_id="1452608" t="от"><v><l id="211644" t="от"><g v="PREP"></g></l></v></tfr></token><token text="использования" id="620363"><tfr rev_id="3484472" t="использования"><v><l id="125417" t="использование"><g v="NOUN"></g><g v="inan"></g><g v="neut"></g><g v="sing"></g><g v="gent"></g></l></v></tfr></token><token text="атомной" id="620364"><tfr rev_id="4343443" t="атомной"><v><l id="19606" t="атомный"><g v="ADJF"></g><g v="Qual"></g><g v="femn"></g><g v="sing"></g><g v="gent"></g></l></v></tfr></token><token text="энергии" id="620365"><tfr rev_id="4343758" t="энергии"><v><l id="385504" t="энергия"><g v="NOUN"></g><g v="inan"></g><g v="femn"></g><g v="sing"></g><g v="gent"></g></l></v></tfr></token><token text="начались" id="620366"><tfr rev_id="1452612" t="начались"><v><l id="178230" t="начался"><g v="VERB"></g><g v="perf"></g><g v="intr"></g><g v="plur"></g><g v="past"></g><g v="indc"></g></l></v></tfr></token><token text="в" id="620367"><tfr rev_id="1452613" t="в"><v><l id="37409" t="в"><g v="PREP"></g></l></v></tfr></token><token text="ФРГ" id="620368"><tfr rev_id="4396045" t="ФРГ"><v><l id="368135" t="фрг"><g v="NOUN"></g><g v="inan"></g><g v="femn"></g><g v="Sgtm"></g><g v="Fixd"></g><g v="Geox"></g><g v="Abbr"></g><g v="sing"></g><g v="loct"></g></l></v></tfr></token><token text="после" id="620369"><tfr rev_id="4403572" t="после"><v><l id="261542" t="после"><g v="PREP"></g></l></v></tfr></token><token text="разрушительного" id="620370"><tfr rev_id="4166867" t="разрушительного"><v><l id="296815" t="разрушительный"><g v="ADJF"></g><g v="Qual"></g><g v="neut"></g><g v="sing"></g><g v="gent"></g></l></v></tfr></token><token text="землетрясения" id="620371"><tfr rev_id="3493659" t="землетрясения"><v><l id="115070" t="землетрясение"><g v="NOUN"></g><g v="inan"></g><g v="neut"></g><g v="sing"></g><g v="gent"></g></l></v></tfr></token><token text="и" id="620372"><tfr rev_id="1452618" t="и"><v><l id="116949" t="и"><g v="CONJ"></g></l></v><v><l id="116950" t="и"><g v="INTJ"></g></l></v></tfr></token><token text="цунами" id="620373"><tfr rev_id="4180756" t="цунами"><v><l id="374286" t="цунами"><g v="NOUN"></g><g v="inan"></g><g v="neut"></g><g v="Fixd"></g><g v="sing"></g><g v="gent"></g></l></v></tfr></token><token text="11" id="620374"><tfr rev_id="2461944" t="11"><v><l id="0" t="11"><g v="NUMB"></g></l></v></tfr></token><token text="марта" id="620375"><tfr rev_id="3680097" t="марта"><v><l id="155465" t="март"><g v="NOUN"></g><g v="inan"></g><g v="masc"></g><g v="sing"></g><g v="gent"></g></l></v></tfr></token><token text="в" id="620376"><tfr rev_id="1452622" t="в"><v><l id="37409" t="в"><g v="PREP"></g></l></v></tfr></token><token text="Японии" id="620377"><tfr rev_id="3455038" t="Японии"><v><l id="387993" t="япония"><g v="NOUN"></g><g v="inan"></g><g v="femn"></g><g v="Sgtm"></g><g v="Geox"></g><g v="sing"></g><g v="loct"></g></l></v></tfr></token><token text="," id="620378"><tfr rev_id="1452624" t=","><v><l id="0" t=","><g v="PNCT"></g></l></v></tfr></token><token text="которые" id="620379"><tfr rev_id="3809062" t="которые"><v><l id="141203" t="который"><g v="ADJF"></g><g v="Apro"></g><g v="Subx"></g><g v="Anph"></g><g v="plur"></g><g v="nomn"></g></l></v></tfr></token><token text="привели" id="620380"><tfr rev_id="1452626" t="привели"><v><l id="269205" t="привёл"><g v="VERB"></g><g v="perf"></g><g v="tran"></g><g v="plur"></g><g v="past"></g><g v="indc"></g></l></v></tfr></token><token text="к" id="620381"><tfr rev_id="1452627" t="к"><v><l id="127460" t="к"><g v="PREP"></g></l></v></tfr></token><token text="аварии" id="620382"><tfr rev_id="4270078" t="аварии"><v><l id="2320" t="авария"><g v="NOUN"></g><g v="inan"></g><g v="femn"></g><g v="sing"></g><g v="datv"></g></l></v></tfr></token><token text="на" id="620383"><tfr rev_id="3395083" t="на"><v><l id="166264" t="на"><g v="PREP"></g></l></v></tfr></token><token text="АЭС" id="620384"><tfr rev_id="4197309" t="АЭС"><v><l id="21433" t="аэс"><g v="NOUN"></g><g v="inan"></g><g v="femn"></g><g v="Fixd"></g><g v="Orgn"></g><g v="Abbr"></g><g v="sing"></g><g v="loct"></g></l></v></tfr></token><token text="«" id="620385"><tfr rev_id="2444291" t="«"><v><l id="0" t="«"><g v="PNCT"></g></l></v></tfr></token><token text="Фукусима-1" id="620386"><tfr rev_id="4539065" t="Фукусима-1"><v><l id="0" t="Фукусима-1"><g v="UNKN"></g></l></v></tfr></token><token text="»" id="620389"><tfr rev_id="2444292" t="»"><v><l id="0" t="»"><g v="PNCT"></g></l></v></tfr></token><token text="." id="620390"><tfr rev_id="1452636" t="."><v><l id="0" t="."><g v="PNCT"></g></l></v></tfr></token></tokens></sentence><sentence id="34732"><source>Предыдущее коалиционное правительство социал-демократов и зелёных в 2002 году законодательно приняло план постепенной остановки всех АЭС, с тем чтобы к 2022 году полностью перейти на безъядерную энергетику.</source><tokens><token text="Предыдущее" id="620391"><tfr rev_id="3810094" t="Предыдущее"><v><l id="267383" t="предыдущий"><g v="ADJF"></g><g v="neut"></g><g v="sing"></g><g v="nomn"></g></l></v><v><l id="267383" t="предыдущий"><g v="ADJF"></g><g v="neut"></g><g v="sing"></g><g v="accs"></g></l></v></tfr></token><token text="коалиционное" id="620392"><tfr rev_id="1452638" t="коалиционное"><v><l id="134960" t="коалиционный"><g v="ADJF"></g><g v="neut"></g><g v="sing"></g><g v="nomn"></g></l></v><v><l id="134960" t="коалиционный"><g v="ADJF"></g><g v="neut"></g><g v="sing"></g><g v="accs"></g></l></v></tfr></token><token text="правительство" id="620393"><tfr rev_id="4093329" t="правительство"><v><l id="265638" t="правительство"><g v="NOUN"></g><g v="inan"></g><g v="neut"></g><g v="sing"></g><g v="nomn"></g></l></v></tfr></token><token text="социал-демократов" id="620394"><tfr rev_id="3669418" t="социал-демократов"><v><l id="331018" t="социал-демократ"><g v="NOUN"></g><g v="anim"></g><g v="masc"></g><g v="plur"></g><g v="gent"></g></l></v></tfr></token><token text="и" id="620395"><tfr rev_id="1452641" t="и"><v><l id="116949" t="и"><g v="CONJ"></g></l></v><v><l id="116950" t="и"><g v="INTJ"></g></l></v></tfr></token><token text="зелёных" id="620396"><tfr rev_id="3466710" t="зелёных"><v><l id="114879" t="зелёный"><g v="ADJF"></g><g v="Qual"></g><g v="plur"></g><g v="gent"></g></l></v></tfr></token><token text="в" id="620397"><tfr rev_id="1452643" t="в"><v><l id="37409" t="в"><g v="PREP"></g></l></v></tfr></token><token text="2002" id="620398"><tfr rev_id="2461946" t="2002"><v><l id="0" t="2002"><g v="NUMB"></g></l></v></tfr></token><token text="году" id="620399"><tfr rev_id="3045869" t="году"><v><l id="72149" t="год"><g v="NOUN"></g><g v="inan"></g><g v="masc"></g><g v="sing"></g><g v="loc2"></g></l></v></tfr></token><token text="законодательно" id="620400"><tfr rev_id="1452646" t="законодательно"><v><l id="103715" t="законодательно"><g v="ADVB"></g></l></v><v><l id="103717" t="законодателен"><g v="ADJS"></g><g v="neut"></g><g v="sing"></g></l></v></tfr></token><token text="приняло" id="620401"><tfr rev_id="1452647" t="приняло"><v><l id="272700" t="принял"><g v="VERB"></g><g v="perf"></g><g v="tran"></g><g v="neut"></g><g v="sing"></g><g v="past"></g><g v="indc"></g></l></v></tfr></token><token text="план" id="620402"><tfr rev_id="3949361" t="план"><v><l id="239677" t="план"><g v="NOUN"></g><g v="inan"></g><g v="masc"></g><g v="sing"></g><g v="accs"></g></l></v></tfr></token><token text="постепенной" id="620403"><tfr rev_id="3692228" t="постепенной"><v><l id="262236" t="постепенный"><g v="ADJF"></g><g v="Qual"></g><g v="femn"></g><g v="sing"></g><g v="gent"></g></l></v></tfr></token><token text="остановки" id="620404"><tfr rev_id="3409915" t="остановки"><v><l id="210869" t="остановка"><g v="NOUN"></g><g v="inan"></g><g v="femn"></g><g v="sing"></g><g v="gent"></g></l></v></tfr></token><token text="всех" id="620405"><tfr rev_id="4135831" t="всех"><v><l id="42156" t="весь"><g v="ADJF"></g><g v="Subx"></g><g v="Apro"></g><g v="plur"></g><g v="gent"></g></l></v></tfr></token><token text="АЭС" id="620406"><tfr rev_id="4178980" t="АЭС"><v><l id="21433" t="аэс"><g v="NOUN"></g><g v="inan"></g><g v="femn"></g><g v="Fixd"></g><g v="Orgn"></g><g v="Abbr"></g><g v="plur"></g><g v="gent"></g></l></v></tfr></token><token text="," id="620407"><tfr rev_id="1452653" t=","><v><l id="0" t=","><g v="PNCT"></g></l></v></tfr></token><token text="с" id="620408"><tfr rev_id="1452654" t="с"><v><l id="311151" t="с"><g v="PREP"></g></l></v></tfr></token><token text="тем" id="620409"><tfr rev_id="4512000" t="тем"><v><l id="348430" t="тот"><g v="ADJF"></g><g v="Subx"></g><g v="Apro"></g><g v="Anph"></g><g v="neut"></g><g v="sing"></g><g v="ablt"></g></l></v></tfr></token><token text="чтобы" id="620410"><tfr rev_id="1452656" t="чтобы"><v><l id="377013" t="чтобы"><g v="CONJ"></g></l></v><v><l id="377014" t="чтобы"><g v="PRCL"></g></l></v></tfr></token><token text="к" id="620411"><tfr rev_id="1452657" t="к"><v><l id="127460" t="к"><g v="PREP"></g></l></v></tfr></token><token text="2022" id="620412"><tfr rev_id="2461947" t="2022"><v><l id="0" t="2022"><g v="NUMB"></g></l></v></tfr></token><token text="году" id="620413"><tfr rev_id="3045977" t="году"><v><l id="72149" t="год"><g v="NOUN"></g><g v="inan"></g><g v="masc"></g><g v="sing"></g><g v="datv"></g></l></v></tfr></token><token text="полностью" id="620414"><tfr rev_id="1452660" t="полностью"><v><l id="256145" t="полностью"><g v="ADVB"></g></l></v></tfr></token><token text="перейти" id="620415"><tfr rev_id="1452661" t="перейти"><v><l id="229217" t="перейти"><g v="INFN"></g><g v="perf"></g><g v="tran"></g></l></v></tfr></token><token text="на" id="620416"><tfr rev_id="3395021" t="на"><v><l id="166264" t="на"><g v="PREP"></g></l></v></tfr></token><token text="безъядерную" id="620417"><tfr rev_id="1452663" t="безъядерную"><v><l id="26495" t="безъядерный"><g v="ADJF"></g><g v="femn"></g><g v="sing"></g><g v="accs"></g></l></v></tfr></token><token text="энергетику" id="620418"><tfr rev_id="4257742" t="энергетику"><v><l id="385493" t="энергетика"><g v="NOUN"></g><g v="inan"></g><g v="femn"></g><g v="sing"></g><g v="accs"></g></l></v></tfr></token><token text="." id="620419"><tfr rev_id="1452665" t="."><v><l id="0" t="."><g v="PNCT"></g></l></v></tfr></token></tokens></sentence><sentence id="34733"><source>Но в сентябре 2010 года федеральное правительство заключило сделку с крупнейшими энергетическими концернами страны.</source><tokens><token text="Но" id="620420"><tfr rev_id="1452666" t="Но"><v><l id="191429" t="но"><g v="CONJ"></g></l></v><v><l id="191430" t="но"><g v="INTJ"></g></l></v></tfr></token><token text="в" id="620421"><tfr rev_id="1452667" t="в"><v><l id="37409" t="в"><g v="PREP"></g></l></v></tfr></token><token text="сентябре" id="620422"><tfr rev_id="1452668" t="сентябре"><v><l id="318866" t="сентябрь"><g v="NOUN"></g><g v="inan"></g><g v="masc"></g><g v="sing"></g><g v="loct"></g></l></v></tfr></token><token text="2010" id="620423"><tfr rev_id="2461948" t="2010"><v><l id="0" t="2010"><g v="NUMB"></g></l></v></tfr></token><token text="года" id="620424"><tfr rev_id="3480238" t="года"><v><l id="72149" t="год"><g v="NOUN"></g><g v="inan"></g><g v="masc"></g><g v="sing"></g><g v="gen1"></g></l></v></tfr></token><token text="федеральное" id="620425"><tfr rev_id="1452671" t="федеральное"><v><l id="364933" t="федеральный"><g v="ADJF"></g><g v="neut"></g><g v="sing"></g><g v="nomn"></g></l></v><v><l id="364933" t="федеральный"><g v="ADJF"></g><g v="neut"></g><g v="sing"></g><g v="accs"></g></l></v></tfr></token><token text="правительство" id="620426"><tfr rev_id="4104035" t="правительство"><v><l id="265638" t="правительство"><g v="NOUN"></g><g v="inan"></g><g v="neut"></g><g v="sing"></g><g v="nomn"></g></l></v></tfr></token><token text="заключило" id="620427"><tfr rev_id="1452673" t="заключило"><v><l id="103485" t="заключил"><g v="VERB"></g><g v="perf"></g><g v="tran"></g><g v="neut"></g><g v="sing"></g><g v="past"></g><g v="indc"></g></l></v></tfr></token><token text="сделку" id="620428"><tfr rev_id="1452674" t="сделку"><v><l id="317256" t="сделка"><g v="NOUN"></g><g v="inan"></g><g v="femn"></g><g v="sing"></g><g v="accs"></g></l></v></tfr></token><token text="с" id="620429"><tfr rev_id="1452675" t="с"><v><l id="311151" t="с"><g v="PREP"></g></l></v></tfr></token><token text="крупнейшими" id="620430"><tfr rev_id="1452676" t="крупнейшими"><v><l id="143764" t="крупнейший"><g v="ADJF"></g><g v="Supr"></g><g v="Qual"></g><g v="plur"></g><g v="ablt"></g></l></v></tfr></token><token text="энергетическими" id="620431"><tfr rev_id="1452677" t="энергетическими"><v><l id="385495" t="энергетический"><g v="ADJF"></g><g v="plur"></g><g v="ablt"></g></l></v></tfr></token><token text="концернами" id="620432"><tfr rev_id="1452678" t="концернами"><v><l id="138953" t="концерн"><g v="NOUN"></g><g v="inan"></g><g v="masc"></g><g v="plur"></g><g v="ablt"></g></l></v></tfr></token><token text="страны" id="620433"><tfr rev_id="3432942" t="страны"><v><l id="337100" t="страна"><g v="NOUN"></g><g v="inan"></g><g v="femn"></g><g v="sing"></g><g v="gent"></g></l></v></tfr></token><token text="." id="620434"><tfr rev_id="1452680" t="."><v><l id="0" t="."><g v="PNCT"></g></l></v></tfr></token></tokens></sentence><sentence id="34734"><source>В стране в настоящее время работает лишь четыре ядерных реактора из 17 — это второй реактор АЭС «Изар», станция «Брокдорф» и по одному реактору на станциях «Неккарвестхайм» и «Гундремминген».</source><tokens><token text="В" id="620435"><tfr rev_id="1452681" t="В"><v><l id="37409" t="в"><g v="PREP"></g></l></v></tfr></token><token text="стране" id="620436"><tfr rev_id="2737700" t="стране"><v><l id="337100" t="страна"><g v="NOUN"></g><g v="inan"></g><g v="femn"></g><g v="sing"></g><g v="loct"></g></l></v></tfr></token><token text="в" id="620437"><tfr rev_id="1452683" t="в"><v><l id="37409" t="в"><g v="PREP"></g></l></v></tfr></token><token text="настоящее" id="620438"><tfr rev_id="4417135" t="настоящее"><v><l id="176151" t="настоящий"><g v="ADJF"></g><g v="neut"></g><g v="sing"></g><g v="accs"></g></l></v></tfr></token><token text="время" id="620439"><tfr rev_id="3497443" t="время"><v><l id="53149" t="время"><g v="NOUN"></g><g v="inan"></g><g v="neut"></g><g v="sing"></g><g v="accs"></g></l></v></tfr></token><token text="работает" id="620440"><tfr rev_id="1452686" t="работает"><v><l id="290502" t="работаю"><g v="VERB"></g><g v="impf"></g><g v="intr"></g><g v="sing"></g><g v="3per"></g><g v="pres"></g><g v="indc"></g></l></v></tfr></token><token text="лишь" id="620441"><tfr rev_id="1452687" t="лишь"><v><l id="150259" t="лишь"><g v="CONJ"></g></l></v><v><l id="150260" t="лишь"><g v="PRCL"></g></l></v></tfr></token><token text="четыре" id="620442"><tfr rev_id="1452688" t="четыре"><v><l id="376181" t="четыре"><g v="NUMR"></g><g v="nomn"></g></l></v><v><l id="376181" t="четыре"><g v="NUMR"></g><g v="inan"></g><g v="accs"></g></l></v></tfr></token><token text="ядерных" id="620443"><tfr rev_id="3532496" t="ядерных"><v><l id="387483" t="ядерный"><g v="ADJF"></g><g v="Qual"></g><g v="plur"></g><g v="gent"></g></l></v></tfr></token><token text="реактора" id="620444"><tfr rev_id="1452690" t="реактора"><v><l id="304386" t="реактор"><g v="NOUN"></g><g v="inan"></g><g v="masc"></g><g v="sing"></g><g v="gent"></g></l></v></tfr></token><token text="из" id="620445"><tfr rev_id="2560477" t="из"><v><l id="117677" t="из"><g v="PREP"></g></l></v></tfr></token><token text="17" id="620446"><tfr rev_id="2461949" t="17"><v><l id="0" t="17"><g v="NUMB"></g></l></v></tfr></token><token text="—" id="620447"><tfr rev_id="2444293" t="—"><v><l id="0" t="—"><g v="PNCT"></g></l></v></tfr></token><token text="это" id="620448"><tfr rev_id="4342841" t="это"><v><l id="386575" t="это"><g v="NPRO"></g><g v="neut"></g><g v="sing"></g><g v="nomn"></g></l></v><v><l id="386575" t="это"><g v="NPRO"></g><g v="neut"></g><g v="sing"></g><g v="accs"></g></l></v></tfr></token><token text="второй" id="620449"><tfr rev_id="4216179" t="второй"><v><l id="55043" t="второй"><g v="ADJF"></g><g v="Anum"></g><g v="masc"></g><g v="sing"></g><g v="nomn"></g></l></v><v><l id="55043" t="второй"><g v="ADJF"></g><g v="Anum"></g><g v="inan"></g><g v="masc"></g><g v="sing"></g><g v="accs"></g></l></v></tfr></token><token text="реактор" id="620450"><tfr rev_id="1452696" t="реактор"><v><l id="304386" t="реактор"><g v="NOUN"></g><g v="inan"></g><g v="masc"></g><g v="sing"></g><g v="nomn"></g></l></v><v><l id="304386" t="реактор"><g v="NOUN"></g><g v="inan"></g><g v="masc"></g><g v="sing"></g><g v="accs"></g></l></v></tfr></token><token text="АЭС" id="620451"><tfr rev_id="4161407" t="АЭС"><v><l id="21433" t="аэс"><g v="NOUN"></g><g v="inan"></g><g v="femn"></g><g v="Fixd"></g><g v="Orgn"></g><g v="Abbr"></g><g v="sing"></g><g v="gent"></g></l></v></tfr></token><token text="«" id="620452"><tfr rev_id="2444294" t="«"><v><l id="0" t="«"><g v="PNCT"></g></l></v></tfr></token><token text="Изар" id="620453"><tfr rev_id="1452699" t="Изар"><v><l id="117693" t="изар"><g v="NOUN"></g><g v="inan"></g><g v="masc"></g><g v="Geox"></g><g v="sing"></g><g v="nomn"></g></l></v><v><l id="117693" t="изар"><g v="NOUN"></g><g v="inan"></g><g v="masc"></g><g v="Geox"></g><g v="sing"></g><g v="accs"></g></l></v></tfr></token><token text="»" id="620454"><tfr rev_id="2444295" t="»"><v><l id="0" t="»"><g v="PNCT"></g></l></v></tfr></token><token text="," id="620455"><tfr rev_id="1452701" t=","><v><l id="0" t=","><g v="PNCT"></g></l></v></tfr></token><token text="станция" id="620456"><tfr rev_id="1452702" t="станция"><v><l id="334704" t="станция"><g v="NOUN"></g><g v="inan"></g><g v="femn"></g><g v="sing"></g><g v="nomn"></g></l></v></tfr></token><token text="«" id="620457"><tfr rev_id="2444296" t="«"><v><l id="0" t="«"><g v="PNCT"></g></l></v></tfr></token><token text="Брокдорф" id="620458"><tfr rev_id="1452704" t="Брокдорф"><v><l id="0" t="брокдорф"><g v="UNKN"></g></l></v></tfr></token><token text="»" id="620459"><tfr rev_id="2444297" t="»"><v><l id="0" t="»"><g v="PNCT"></g></l></v></tfr></token><token text="и" id="620460"><tfr rev_id="1452706" t="и"><v><l id="116949" t="и"><g v="CONJ"></g></l></v><v><l id="116950" t="и"><g v="INTJ"></g></l></v></tfr></token><token text="по" id="620461"><tfr rev_id="1452707" t="по"><v><l id="241240" t="по"><g v="PREP"></g></l></v></tfr></token><token text="одному" id="620462"><tfr rev_id="4301012" t="одному"><v><l id="203319" t="один"><g v="ADJF"></g><g v="Apro"></g><g v="Anum"></g><g v="masc"></g><g v="sing"></g><g v="datv"></g></l></v></tfr></token><token text="реактору" id="620463"><tfr rev_id="1452709" t="реактору"><v><l id="304386" t="реактор"><g v="NOUN"></g><g v="inan"></g><g v="masc"></g><g v="sing"></g><g v="datv"></g></l></v></tfr></token><token text="на" id="620464"><tfr rev_id="3344745" t="на"><v><l id="166264" t="на"><g v="PREP"></g></l></v></tfr></token><token text="станциях" id="620465"><tfr rev_id="1452711" t="станциях"><v><l id="334704" t="станция"><g v="NOUN"></g><g v="inan"></g><g v="femn"></g><g v="plur"></g><g v="loct"></g></l></v></tfr></token><token text="«" id="620466"><tfr rev_id="2444298" t="«"><v><l id="0" t="«"><g v="PNCT"></g></l></v></tfr></token><token text="Неккарвестхайм" id="620467"><tfr rev_id="1452713" t="Неккарвестхайм"><v><l id="0" t="неккарвестхайм"><g v="UNKN"></g></l></v></tfr></token><token text="»" id="620468"><tfr rev_id="2444299" t="»"><v><l id="0" t="»"><g v="PNCT"></g></l></v></tfr></token><token text="и" id="620469"><tfr rev_id="4288900" t="и"><v><l id="116949" t="и"><g v="CONJ"></g></l></v></tfr></token><token text="«" id="620470"><tfr rev_id="2444300" t="«"><v><l id="0" t="«"><g v="PNCT"></g></l></v></tfr></token><token text="Гундремминген" id="620471"><tfr rev_id="1452717" t="Гундремминген"><v><l id="0" t="гундремминген"><g v="UNKN"></g></l></v></tfr></token><token text="»" id="620472"><tfr rev_id="2444301" t="»"><v><l id="0" t="»"><g v="PNCT"></g></l></v></tfr></token><token text="." id="620473"><tfr rev_id="1452719" t="."><v><l id="0" t="."><g v="PNCT"></g></l></v></tfr></token></tokens></sentence><sentence id="34735"><source>Остальные были остановлены на три месяца для проверок безопасности.</source><tokens><token text="Остальные" id="620474"><tfr rev_id="4137137" t="Остальные"><v><l id="210836" t="остальной"><g v="ADJF"></g><g v="Subx"></g><g v="Apro"></g><g v="plur"></g><g v="nomn"></g></l></v></tfr></token><token text="были" id="620475"><tfr rev_id="1716206" t="были"><v><l id="37265" t="есть"><g v="VERB"></g><g v="impf"></g><g v="intr"></g><g v="plur"></g><g v="past"></g><g v="indc"></g></l></v></tfr></token><token text="остановлены" id="620476"><tfr rev_id="1452722" t="остановлены"><v><l id="210863" t="остановлен"><g v="PRTS"></g><g v="perf"></g><g v="past"></g><g v="pssv"></g><g v="plur"></g></l></v></tfr></token><token text="на" id="620477"><tfr rev_id="3337507" t="на"><v><l id="166264" t="на"><g v="PREP"></g></l></v></tfr></token><token text="три" id="620478"><tfr rev_id="2635386" t="три"><v><l id="349973" t="три"><g v="NUMR"></g><g v="nomn"></g></l></v><v><l id="349973" t="три"><g v="NUMR"></g><g v="inan"></g><g v="accs"></g></l></v></tfr></token><token text="месяца" id="620479"><tfr rev_id="1452725" t="месяца"><v><l id="158841" t="месяц"><g v="NOUN"></g><g v="inan"></g><g v="masc"></g><g v="sing"></g><g v="gent"></g></l></v></tfr></token><token text="для" id="620480"><tfr rev_id="3408520" t="для"><v><l id="85032" t="для"><g v="PREP"></g></l></v></tfr></token><token text="проверок" id="620481"><tfr rev_id="1452727" t="проверок"><v><l id="277763" t="проверка"><g v="NOUN"></g><g v="inan"></g><g v="femn"></g><g v="plur"></g><g v="gent"></g></l></v></tfr></token><token text="безопасности" id="620482"><tfr rev_id="3541771" t="безопасности"><v><l id="26215" t="безопасность"><g v="NOUN"></g><g v="inan"></g><g v="femn"></g><g v="sing"></g><g v="gent"></g></l></v></tfr></token><token text="." id="620483"><tfr rev_id="1452729" t="."><v><l id="0" t="."><g v="PNCT"></g></l></v></tfr></token></tokens></sentence></paragraph><paragraph id="11078"><sentence id="34736"><source>Подробнее о катастрофе в Японии читайте в статье Частного корреспондента «О Фукусиме»</source><tokens><token text="Подробнее" id="620484"><tfr rev_id="4496591" t="Подробнее"><v><l id="249806" t="подробнее"><g v="COMP"></g></l></v></tfr></token><token text="о" id="620485"><tfr rev_id="3326557" t="о"><v><l id="192977" t="о"><g v="PREP"></g></l></v></tfr></token><token text="катастрофе" id="620486"><tfr rev_id="2931057" t="катастрофе"><v><l id="131282" t="катастрофа"><g v="NOUN"></g><g v="inan"></g><g v="femn"></g><g v="sing"></g><g v="loct"></g></l></v></tfr></token><token text="в" id="620487"><tfr rev_id="1452733" t="в"><v><l id="37409" t="в"><g v="PREP"></g></l></v></tfr></token><token text="Японии" id="620488"><tfr rev_id="2922460" t="Японии"><v><l id="387993" t="япония"><g v="NOUN"></g><g v="inan"></g><g v="femn"></g><g v="Sgtm"></g><g v="Geox"></g><g v="sing"></g><g v="loct"></g></l></v></tfr></token><token text="читайте" id="620489"><tfr rev_id="1452735" t="читайте"><v><l id="376719" t="читаю"><g v="VERB"></g><g v="impf"></g><g v="tran"></g><g v="plur"></g><g v="impr"></g><g v="excl"></g></l></v></tfr></token><token text="в" id="620490"><tfr rev_id="1452736" t="в"><v><l id="37409" t="в"><g v="PREP"></g></l></v></tfr></token><token text="статье" id="620491"><tfr rev_id="3537341" t="статье"><v><l id="335173" t="статья"><g v="NOUN"></g><g v="inan"></g><g v="femn"></g><g v="sing"></g><g v="loct"></g></l></v></tfr></token><token text="Частного" id="620492"><tfr rev_id="4349804" t="Частного"><v><l id="374795" t="частный"><g v="ADJF"></g><g v="Qual"></g><g v="masc"></g><g v="sing"></g><g v="gent"></g></l></v><v><l id="374795" t="частный"><g v="ADJF"></g><g v="Qual"></g><g v="anim"></g><g v="masc"></g><g v="sing"></g><g v="accs"></g></l></v></tfr></token><token text="корреспондента" id="620493"><tfr rev_id="4215005" t="корреспондента"><v><l id="140239" t="корреспондент"><g v="NOUN"></g><g v="anim"></g><g v="masc"></g><g v="sing"></g><g v="gent"></g></l></v></tfr></token><token text="«" id="620494"><tfr rev_id="2444302" t="«"><v><l id="0" t="«"><g v="PNCT"></g></l></v></tfr></token><token text="О" id="620495"><tfr rev_id="2781359" t="О"><v><l id="192977" t="о"><g v="PREP"></g></l></v></tfr></token><token text="Фукусиме" id="620496"><tfr rev_id="1452742" t="Фукусиме"><v><l id="0" t="фукусиме"><g v="UNKN"></g></l></v></tfr></token><token text="»" id="620497"><tfr rev_id="2444303" t="»"><v><l id="0" t="»"><g v="PNCT"></g></l></v></tfr></token></tokens></sentence></paragraph></paragraphs></text>