<?xml version="1.0" encoding="utf-8"?><text parent="226" id="1205" name="22389 В США появились в продаже планшетники Motorola Xoom"><tags><tag>url:http://www.chaskor.ru/news/v_ssha_poyavilis_v_prodazhe_planshetniki_motorola_xoom_22389</tag><tag>Год:2011</tag><tag>Дата:25/02</tag><tag>Тема:ЧасКор:Технологии</tag><tag>Тема:ЧасКор:Технологии/Мобильные технологии</tag></tags><paragraphs><paragraph id="11243"><sentence id="35411"><source>В США появились в продаже планшетники Motorola Xoom</source><tokens><token text="В" id="632739"><tfr rev_id="1464854" t="В"><v><l id="37409" t="в"><g v="PREP"></g></l></v></tfr></token><token text="США" id="632740"><tfr rev_id="3811384" t="США"><v><l id="341371" t="сша"><g v="NOUN"></g><g v="inan"></g><g v="GNdr"></g><g v="Pltm"></g><g v="Fixd"></g><g v="Abbr"></g><g v="Geox"></g><g v="plur"></g><g v="loct"></g></l></v></tfr></token><token text="появились" id="632741"><tfr rev_id="1464856" t="появились"><v><l id="265507" t="появился"><g v="VERB"></g><g v="perf"></g><g v="intr"></g><g v="plur"></g><g v="past"></g><g v="indc"></g></l></v></tfr></token><token text="в" id="632742"><tfr rev_id="1464857" t="в"><v><l id="37409" t="в"><g v="PREP"></g></l></v></tfr></token><token text="продаже" id="632743"><tfr rev_id="2931203" t="продаже"><v><l id="278949" t="продажа"><g v="NOUN"></g><g v="inan"></g><g v="femn"></g><g v="sing"></g><g v="loct"></g></l></v></tfr></token><token text="планшетники" id="632744"><tfr rev_id="4464894" t="планшетники"><v><l id="390319" t="планшетник"><g v="NOUN"></g><g v="inan"></g><g v="masc"></g><g v="plur"></g><g v="nomn"></g></l></v></tfr></token><token text="Motorola" id="632745"><tfr rev_id="2474887" t="Motorola"><v><l id="0" t="Motorola"><g v="LATN"></g></l></v></tfr></token><token text="Xoom" id="632746"><tfr rev_id="2474888" t="Xoom"><v><l id="0" t="Xoom"><g v="LATN"></g></l></v></tfr></token></tokens></sentence><sentence id="35412"><source>Новый гаджет уже окрестили «убийцей iPad».</source><tokens><token text="Новый" id="632747"><tfr rev_id="1464862" t="Новый"><v><l id="191918" t="новый"><g v="ADJF"></g><g v="Qual"></g><g v="masc"></g><g v="sing"></g><g v="nomn"></g></l></v><v><l id="191918" t="новый"><g v="ADJF"></g><g v="Qual"></g><g v="inan"></g><g v="masc"></g><g v="sing"></g><g v="accs"></g></l></v></tfr></token><token text="гаджет" id="632748"><tfr rev_id="2508330" t="гаджет"><v><l id="388556" t="гаджет"><g v="NOUN"></g><g v="inan"></g><g v="masc"></g><g v="sing"></g><g v="nomn"></g></l></v><v><l id="388556" t="гаджет"><g v="NOUN"></g><g v="inan"></g><g v="masc"></g><g v="sing"></g><g v="accs"></g></l></v></tfr></token><token text="уже" id="632749"><tfr rev_id="2692787" t="уже"><v><l id="355422" t="уж"><g v="NOUN"></g><g v="anim"></g><g v="masc"></g><g v="sing"></g><g v="loct"></g></l></v><v><l id="355498" t="уже"><g v="ADVB"></g></l></v><v><l id="355674" t="уже"><g v="COMP"></g><g v="Qual"></g></l></v><v><l id="388673" t="уже"><g v="PRCL"></g></l></v></tfr></token><token text="окрестили" id="632750"><tfr rev_id="1464865" t="окрестили"><v><l id="205376" t="окрестил"><g v="VERB"></g><g v="perf"></g><g v="tran"></g><g v="plur"></g><g v="past"></g><g v="indc"></g></l></v></tfr></token><token text="«" id="632751"><tfr rev_id="2444811" t="«"><v><l id="0" t="«"><g v="PNCT"></g></l></v></tfr></token><token text="убийцей" id="632752"><tfr rev_id="4502107" t="убийцей"><v><l id="352999" t="убийца"><g v="NOUN"></g><g v="anim"></g><g v="ms-f"></g><g v="sing"></g><g v="ablt"></g></l></v></tfr></token><token text="iPad" id="632753"><tfr rev_id="2474889" t="iPad"><v><l id="0" t="iPad"><g v="LATN"></g></l></v></tfr></token><token text="»" id="632754"><tfr rev_id="2444812" t="»"><v><l id="0" t="»"><g v="PNCT"></g></l></v></tfr></token><token text="." id="632755"><tfr rev_id="1464870" t="."><v><l id="0" t="."><g v="PNCT"></g></l></v></tfr></token></tokens></sentence></paragraph><paragraph id="11244"><sentence id="35413"><source>Новый планшетный компьютер Motorola Xoom с операционной системой Google Android 3.0 появился на прилавках США 24 февраля, сообщает РБК.</source><tokens><token text="Новый" id="632756"><tfr rev_id="1464871" t="Новый"><v><l id="191918" t="новый"><g v="ADJF"></g><g v="Qual"></g><g v="masc"></g><g v="sing"></g><g v="nomn"></g></l></v><v><l id="191918" t="новый"><g v="ADJF"></g><g v="Qual"></g><g v="inan"></g><g v="masc"></g><g v="sing"></g><g v="accs"></g></l></v></tfr></token><token text="планшетный" id="632757"><tfr rev_id="1464872" t="планшетный"><v><l id="239786" t="планшетный"><g v="ADJF"></g><g v="Qual"></g><g v="masc"></g><g v="sing"></g><g v="nomn"></g></l></v><v><l id="239786" t="планшетный"><g v="ADJF"></g><g v="Qual"></g><g v="inan"></g><g v="masc"></g><g v="sing"></g><g v="accs"></g></l></v></tfr></token><token text="компьютер" id="632758"><tfr rev_id="3300696" t="компьютер"><v><l id="137413" t="компьютер"><g v="NOUN"></g><g v="inan"></g><g v="masc"></g><g v="sing"></g><g v="nomn"></g></l></v></tfr></token><token text="Motorola" id="632759"><tfr rev_id="2474890" t="Motorola"><v><l id="0" t="Motorola"><g v="LATN"></g></l></v></tfr></token><token text="Xoom" id="632760"><tfr rev_id="2474891" t="Xoom"><v><l id="0" t="Xoom"><g v="LATN"></g></l></v></tfr></token><token text="с" id="632761"><tfr rev_id="1464876" t="с"><v><l id="311151" t="с"><g v="PREP"></g></l></v></tfr></token><token text="операционной" id="632762"><tfr rev_id="1464877" t="операционной"><v><l id="206954" t="операционный"><g v="ADJF"></g><g v="femn"></g><g v="sing"></g><g v="gent"></g></l></v><v><l id="206954" t="операционный"><g v="ADJF"></g><g v="femn"></g><g v="sing"></g><g v="datv"></g></l></v><v><l id="206954" t="операционный"><g v="ADJF"></g><g v="femn"></g><g v="sing"></g><g v="ablt"></g></l></v><v><l id="206954" t="операционный"><g v="ADJF"></g><g v="femn"></g><g v="sing"></g><g v="loct"></g></l></v></tfr></token><token text="системой" id="632763"><tfr rev_id="1464878" t="системой"><v><l id="321350" t="система"><g v="NOUN"></g><g v="inan"></g><g v="femn"></g><g v="sing"></g><g v="ablt"></g></l></v></tfr></token><token text="Google" id="632764"><tfr rev_id="2474892" t="Google"><v><l id="0" t="Google"><g v="LATN"></g></l></v></tfr></token><token text="Android" id="632765"><tfr rev_id="2474893" t="Android"><v><l id="0" t="Android"><g v="LATN"></g></l></v></tfr></token><token text="3.0" id="632766"><tfr rev_id="2462029" t="3.0"><v><l id="0" t="3.0"><g v="NUMB"></g></l></v></tfr></token><token text="появился" id="632767"><tfr rev_id="1464882" t="появился"><v><l id="265507" t="появился"><g v="VERB"></g><g v="perf"></g><g v="intr"></g><g v="masc"></g><g v="sing"></g><g v="past"></g><g v="indc"></g></l></v></tfr></token><token text="на" id="632768"><tfr rev_id="3475863" t="на"><v><l id="166264" t="на"><g v="PREP"></g></l></v></tfr></token><token text="прилавках" id="632769"><tfr rev_id="1464884" t="прилавках"><v><l id="271448" t="прилавок"><g v="NOUN"></g><g v="inan"></g><g v="masc"></g><g v="plur"></g><g v="loct"></g></l></v></tfr></token><token text="США" id="632770"><tfr rev_id="3811385" t="США"><v><l id="341371" t="сша"><g v="NOUN"></g><g v="inan"></g><g v="GNdr"></g><g v="Pltm"></g><g v="Fixd"></g><g v="Abbr"></g><g v="Geox"></g><g v="plur"></g><g v="gent"></g></l></v></tfr></token><token text="24" id="632771"><tfr rev_id="2462030" t="24"><v><l id="0" t="24"><g v="NUMB"></g></l></v></tfr></token><token text="февраля" id="632772"><tfr rev_id="1464887" t="февраля"><v><l id="364920" t="февраль"><g v="NOUN"></g><g v="inan"></g><g v="masc"></g><g v="sing"></g><g v="gent"></g></l></v></tfr></token><token text="," id="632773"><tfr rev_id="1464888" t=","><v><l id="0" t=","><g v="PNCT"></g></l></v></tfr></token><token text="сообщает" id="632774"><tfr rev_id="1464889" t="сообщает"><v><l id="329538" t="сообщаю"><g v="VERB"></g><g v="impf"></g><g v="tran"></g><g v="sing"></g><g v="3per"></g><g v="pres"></g><g v="indc"></g></l></v></tfr></token><token text="РБК" id="632775"><tfr rev_id="4573923" t="РБК"><v><l id="389058" t="рбк"><g v="NOUN"></g><g v="inan"></g><g v="femn"></g><g v="Sgtm"></g><g v="Fixd"></g><g v="Abbr"></g><g v="Orgn"></g><g v="sing"></g><g v="nomn"></g></l></v></tfr></token><token text="." id="632776"><tfr rev_id="1464891" t="."><v><l id="0" t="."><g v="PNCT"></g></l></v></tfr></token></tokens></sentence><sentence id="35414"><source>В американских магазинах новинку можно приобрести за 799 долларов.</source><tokens><token text="В" id="632777"><tfr rev_id="1464892" t="В"><v><l id="37409" t="в"><g v="PREP"></g></l></v></tfr></token><token text="американских" id="632778"><tfr rev_id="3703603" t="американских"><v><l id="11429" t="американский"><g v="ADJF"></g><g v="plur"></g><g v="loct"></g></l></v></tfr></token><token text="магазинах" id="632779"><tfr rev_id="1464894" t="магазинах"><v><l id="152545" t="магазин"><g v="NOUN"></g><g v="inan"></g><g v="masc"></g><g v="plur"></g><g v="loct"></g></l></v></tfr></token><token text="новинку" id="632780"><tfr rev_id="1464895" t="новинку"><v><l id="191513" t="новинка"><g v="NOUN"></g><g v="inan"></g><g v="femn"></g><g v="sing"></g><g v="accs"></g></l></v></tfr></token><token text="можно" id="632781"><tfr rev_id="1464896" t="можно"><v><l id="162467" t="можно"><g v="PRED"></g><g v="pres"></g></l></v></tfr></token><token text="приобрести" id="632782"><tfr rev_id="1464897" t="приобрести"><v><l id="272743" t="приобрести"><g v="INFN"></g><g v="perf"></g><g v="tran"></g></l></v></tfr></token><token text="за" id="632783"><tfr rev_id="1464898" t="за"><v><l id="98043" t="за"><g v="PREP"></g></l></v></tfr></token><token text="799" id="632784"><tfr rev_id="2462031" t="799"><v><l id="0" t="799"><g v="NUMB"></g></l></v></tfr></token><token text="долларов" id="632785"><tfr rev_id="2700660" t="долларов"><v><l id="88047" t="доллар"><g v="NOUN"></g><g v="inan"></g><g v="masc"></g><g v="plur"></g><g v="gent"></g></l></v></tfr></token><token text="." id="632786"><tfr rev_id="1464901" t="."><v><l id="0" t="."><g v="PNCT"></g></l></v></tfr></token></tokens></sentence><sentence id="35415"><source>О том, по каким ценам новый гаджет будет продаваться в других странах, а также о датах начала продаж в Европе и в России пока не сообщалось.</source><tokens><token text="О" id="632787"><tfr rev_id="3284006" t="О"><v><l id="192977" t="о"><g v="PREP"></g></l></v></tfr></token><token text="том" id="632788"><tfr rev_id="3774473" t="том"><v><l id="348430" t="тот"><g v="ADJF"></g><g v="Subx"></g><g v="Apro"></g><g v="Anph"></g><g v="neut"></g><g v="sing"></g><g v="loct"></g></l></v></tfr></token><token text="," id="632789"><tfr rev_id="1464904" t=","><v><l id="0" t=","><g v="PNCT"></g></l></v></tfr></token><token text="по" id="632790"><tfr rev_id="1464905" t="по"><v><l id="241240" t="по"><g v="PREP"></g></l></v></tfr></token><token text="каким" id="632791"><tfr rev_id="1718447" t="каким"><v><l id="128224" t="какой"><g v="ADJF"></g><g v="Apro"></g><g v="plur"></g><g v="datv"></g></l></v></tfr></token><token text="ценам" id="632792"><tfr rev_id="1464907" t="ценам"><v><l id="373297" t="цена"><g v="NOUN"></g><g v="inan"></g><g v="femn"></g><g v="plur"></g><g v="datv"></g></l></v></tfr></token><token text="новый" id="632793"><tfr rev_id="1464908" t="новый"><v><l id="191918" t="новый"><g v="ADJF"></g><g v="Qual"></g><g v="masc"></g><g v="sing"></g><g v="nomn"></g></l></v><v><l id="191918" t="новый"><g v="ADJF"></g><g v="Qual"></g><g v="inan"></g><g v="masc"></g><g v="sing"></g><g v="accs"></g></l></v></tfr></token><token text="гаджет" id="632794"><tfr rev_id="2508331" t="гаджет"><v><l id="388556" t="гаджет"><g v="NOUN"></g><g v="inan"></g><g v="masc"></g><g v="sing"></g><g v="nomn"></g></l></v><v><l id="388556" t="гаджет"><g v="NOUN"></g><g v="inan"></g><g v="masc"></g><g v="sing"></g><g v="accs"></g></l></v></tfr></token><token text="будет" id="632795"><tfr rev_id="1464910" t="будет"><v><l id="37265" t="есть"><g v="VERB"></g><g v="impf"></g><g v="intr"></g><g v="sing"></g><g v="3per"></g><g v="futr"></g><g v="indc"></g></l></v></tfr></token><token text="продаваться" id="632796"><tfr rev_id="1464911" t="продаваться"><v><l id="278919" t="продаваться"><g v="INFN"></g><g v="impf"></g><g v="intr"></g></l></v></tfr></token><token text="в" id="632797"><tfr rev_id="1464912" t="в"><v><l id="37409" t="в"><g v="PREP"></g></l></v></tfr></token><token text="других" id="632798"><tfr rev_id="3671082" t="других"><v><l id="92342" t="другой"><g v="ADJF"></g><g v="Apro"></g><g v="Subx"></g><g v="plur"></g><g v="loct"></g></l></v></tfr></token><token text="странах" id="632799"><tfr rev_id="1464914" t="странах"><v><l id="337100" t="страна"><g v="NOUN"></g><g v="inan"></g><g v="femn"></g><g v="plur"></g><g v="loct"></g></l></v></tfr></token><token text="," id="632800"><tfr rev_id="1464915" t=","><v><l id="0" t=","><g v="PNCT"></g></l></v></tfr></token><token text="а" id="632801"><tfr rev_id="1464916" t="а"><v><l id="51" t="а"><g v="CONJ"></g></l></v><v><l id="52" t="а"><g v="INTJ"></g></l></v><v><l id="53" t="а"><g v="PRCL"></g></l></v></tfr></token><token text="также" id="632802"><tfr rev_id="4267768" t="также"><v><l id="342482" t="также"><g v="PRCL"></g></l></v></tfr></token><token text="о" id="632803"><tfr rev_id="2781293" t="о"><v><l id="192977" t="о"><g v="PREP"></g></l></v></tfr></token><token text="датах" id="632804"><tfr rev_id="1464919" t="датах"><v><l id="78501" t="дата"><g v="NOUN"></g><g v="inan"></g><g v="femn"></g><g v="plur"></g><g v="loct"></g></l></v></tfr></token><token text="начала" id="632805"><tfr rev_id="3547309" t="начала"><v><l id="178196" t="начало"><g v="NOUN"></g><g v="inan"></g><g v="neut"></g><g v="sing"></g><g v="gent"></g></l></v></tfr></token><token text="продаж" id="632806"><tfr rev_id="1464921" t="продаж"><v><l id="278949" t="продажа"><g v="NOUN"></g><g v="inan"></g><g v="femn"></g><g v="plur"></g><g v="gent"></g></l></v></tfr></token><token text="в" id="632807"><tfr rev_id="1464922" t="в"><v><l id="37409" t="в"><g v="PREP"></g></l></v></tfr></token><token text="Европе" id="632808"><tfr rev_id="3551782" t="Европе"><v><l id="94019" t="европа"><g v="NOUN"></g><g v="inan"></g><g v="femn"></g><g v="Sgtm"></g><g v="Geox"></g><g v="sing"></g><g v="loct"></g></l></v></tfr></token><token text="и" id="632809"><tfr rev_id="3410492" t="и"><v><l id="116949" t="и"><g v="CONJ"></g></l></v></tfr></token><token text="в" id="632810"><tfr rev_id="1464925" t="в"><v><l id="37409" t="в"><g v="PREP"></g></l></v></tfr></token><token text="России" id="632811"><tfr rev_id="2602181" t="России"><v><l id="309322" t="россия"><g v="NOUN"></g><g v="inan"></g><g v="femn"></g><g v="Sgtm"></g><g v="Geox"></g><g v="sing"></g><g v="loct"></g></l></v></tfr></token><token text="пока" id="632812"><tfr rev_id="4455035" t="пока"><v><l id="253968" t="пока"><g v="ADVB"></g></l></v></tfr></token><token text="не" id="632813"><tfr rev_id="1464928" t="не"><v><l id="178876" t="не"><g v="PRCL"></g></l></v></tfr></token><token text="сообщалось" id="632814"><tfr rev_id="1464929" t="сообщалось"><v><l id="329545" t="сообщаюсь"><g v="VERB"></g><g v="impf"></g><g v="intr"></g><g v="neut"></g><g v="sing"></g><g v="past"></g><g v="indc"></g></l></v></tfr></token><token text="." id="632815"><tfr rev_id="1464930" t="."><v><l id="0" t="."><g v="PNCT"></g></l></v></tfr></token></tokens></sentence><sentence id="35416"><source>Эксперты уже успели выделить основной недостаток Motorola Xoom.</source><tokens><token text="Эксперты" id="632816"><tfr rev_id="1464931" t="Эксперты"><v><l id="383582" t="эксперт"><g v="NOUN"></g><g v="anim"></g><g v="masc"></g><g v="plur"></g><g v="nomn"></g></l></v></tfr></token><token text="уже" id="632817"><tfr rev_id="2692788" t="уже"><v><l id="355422" t="уж"><g v="NOUN"></g><g v="anim"></g><g v="masc"></g><g v="sing"></g><g v="loct"></g></l></v><v><l id="355498" t="уже"><g v="ADVB"></g></l></v><v><l id="355674" t="уже"><g v="COMP"></g><g v="Qual"></g></l></v><v><l id="388673" t="уже"><g v="PRCL"></g></l></v></tfr></token><token text="успели" id="632818"><tfr rev_id="1464933" t="успели"><v><l id="360832" t="успел"><g v="VERB"></g><g v="perf"></g><g v="intr"></g><g v="plur"></g><g v="past"></g><g v="indc"></g></l></v></tfr></token><token text="выделить" id="632819"><tfr rev_id="1464934" t="выделить"><v><l id="57032" t="выделить"><g v="INFN"></g><g v="perf"></g><g v="tran"></g></l></v></tfr></token><token text="основной" id="632820"><tfr rev_id="4408811" t="основной"><v><l id="210595" t="основной"><g v="ADJF"></g><g v="inan"></g><g v="masc"></g><g v="sing"></g><g v="accs"></g></l></v></tfr></token><token text="недостаток" id="632821"><tfr rev_id="1464936" t="недостаток"><v><l id="181678" t="недостаток"><g v="NOUN"></g><g v="inan"></g><g v="masc"></g><g v="sing"></g><g v="nomn"></g></l></v><v><l id="181678" t="недостаток"><g v="NOUN"></g><g v="inan"></g><g v="masc"></g><g v="sing"></g><g v="accs"></g></l></v></tfr></token><token text="Motorola" id="632822"><tfr rev_id="2474894" t="Motorola"><v><l id="0" t="Motorola"><g v="LATN"></g></l></v></tfr></token><token text="Xoom" id="632823"><tfr rev_id="2474895" t="Xoom"><v><l id="0" t="Xoom"><g v="LATN"></g></l></v></tfr></token><token text="." id="632824"><tfr rev_id="1464939" t="."><v><l id="0" t="."><g v="PNCT"></g></l></v></tfr></token></tokens></sentence><sentence id="35417"><source>Это его неспособность работать в сетях четвёртого поколения LTE, а также отсутствие поддержки Flash-технологии.</source><tokens><token text="Это" id="632825"><tfr rev_id="4342900" t="Это"><v><l id="386575" t="это"><g v="NPRO"></g><g v="neut"></g><g v="sing"></g><g v="nomn"></g></l></v><v><l id="386575" t="это"><g v="NPRO"></g><g v="neut"></g><g v="sing"></g><g v="accs"></g></l></v></tfr></token><token text="его" id="632826"><tfr rev_id="4514858" t="его"><v><l id="94208" t="его"><g v="ADJF"></g><g v="Fixd"></g><g v="Apro"></g><g v="Anph"></g><g v="femn"></g><g v="sing"></g><g v="nomn"></g></l></v><v><l id="94208" t="его"><g v="ADJF"></g><g v="Fixd"></g><g v="Apro"></g><g v="Anph"></g><g v="femn"></g><g v="sing"></g><g v="gent"></g></l></v><v><l id="94208" t="его"><g v="ADJF"></g><g v="Fixd"></g><g v="Apro"></g><g v="Anph"></g><g v="femn"></g><g v="sing"></g><g v="datv"></g></l></v><v><l id="94208" t="его"><g v="ADJF"></g><g v="Fixd"></g><g v="Apro"></g><g v="Anph"></g><g v="femn"></g><g v="sing"></g><g v="accs"></g></l></v><v><l id="94208" t="его"><g v="ADJF"></g><g v="Fixd"></g><g v="Apro"></g><g v="Anph"></g><g v="femn"></g><g v="sing"></g><g v="ablt"></g></l></v><v><l id="94208" t="его"><g v="ADJF"></g><g v="Fixd"></g><g v="Apro"></g><g v="Anph"></g><g v="femn"></g><g v="sing"></g><g v="loct"></g></l></v></tfr></token><token text="неспособность" id="632827"><tfr rev_id="4379862" t="неспособность"><v><l id="188575" t="неспособность"><g v="NOUN"></g><g v="inan"></g><g v="femn"></g><g v="sing"></g><g v="nomn"></g></l></v></tfr></token><token text="работать" id="632828"><tfr rev_id="1464943" t="работать"><v><l id="290503" t="работать"><g v="INFN"></g><g v="impf"></g><g v="intr"></g></l></v></tfr></token><token text="в" id="632829"><tfr rev_id="1464944" t="в"><v><l id="37409" t="в"><g v="PREP"></g></l></v></tfr></token><token text="сетях" id="632830"><tfr rev_id="1464945" t="сетях"><v><l id="319643" t="сеть"><g v="NOUN"></g><g v="inan"></g><g v="femn"></g><g v="plur"></g><g v="loct"></g></l></v></tfr></token><token text="четвёртого" id="632831"><tfr rev_id="4094230" t="четвёртого"><v><l id="376074" t="четвёртый"><g v="ADJF"></g><g v="Anum"></g><g v="neut"></g><g v="sing"></g><g v="gent"></g></l></v></tfr></token><token text="поколения" id="632832"><tfr rev_id="3501090" t="поколения"><v><l id="254517" t="поколение"><g v="NOUN"></g><g v="inan"></g><g v="neut"></g><g v="sing"></g><g v="gent"></g></l></v></tfr></token><token text="LTE" id="632833"><tfr rev_id="2474896" t="LTE"><v><l id="0" t="LTE"><g v="LATN"></g></l></v></tfr></token><token text="," id="632834"><tfr rev_id="1464949" t=","><v><l id="0" t=","><g v="PNCT"></g></l></v></tfr></token><token text="а" id="632835"><tfr rev_id="1464950" t="а"><v><l id="51" t="а"><g v="CONJ"></g></l></v><v><l id="52" t="а"><g v="INTJ"></g></l></v><v><l id="53" t="а"><g v="PRCL"></g></l></v></tfr></token><token text="также" id="632836"><tfr rev_id="4267769" t="также"><v><l id="342482" t="также"><g v="PRCL"></g></l></v></tfr></token><token text="отсутствие" id="632837"><tfr rev_id="4212848" t="отсутствие"><v><l id="218692" t="отсутствие"><g v="NOUN"></g><g v="inan"></g><g v="neut"></g><g v="sing"></g><g v="nomn"></g></l></v></tfr></token><token text="поддержки" id="632838"><tfr rev_id="3469479" t="поддержки"><v><l id="245415" t="поддержка"><g v="NOUN"></g><g v="inan"></g><g v="femn"></g><g v="sing"></g><g v="gent"></g></l></v></tfr></token><token text="Flash-технологии" id="632839"><tfr rev_id="1464954" t="Flash-технологии"><v><l id="0" t="Flash-технологии"><g v="UNKN"></g></l></v></tfr></token><token text="." id="632840"><tfr rev_id="1464955" t="."><v><l id="0" t="."><g v="PNCT"></g></l></v></tfr></token></tokens></sentence><sentence id="35418"><source>Планшетник снабжён двухъядерным процессором NVIDIA Tegra 2 с частотой 1 ГГц, 31 Гб встроенной памяти и 10,1-дюймовым сенсорным экраном.</source><tokens><token text="Планшетник" id="632841"><tfr rev_id="4385924" t="Планшетник"><v><l id="390319" t="планшетник"><g v="NOUN"></g><g v="inan"></g><g v="masc"></g><g v="sing"></g><g v="nomn"></g></l></v></tfr></token><token text="снабжён" id="632842"><tfr rev_id="1464957" t="снабжён"><v><l id="327114" t="снабжён"><g v="PRTS"></g><g v="perf"></g><g v="past"></g><g v="pssv"></g><g v="masc"></g><g v="sing"></g></l></v></tfr></token><token text="двухъядерным" id="632843"><tfr rev_id="4579334" t="двухъядерным"><v><l id="394551" t="двухъядерный"><g v="ADJF"></g><g v="plur"></g><g v="datv"></g></l></v><v><l id="394551" t="двухъядерный"><g v="ADJF"></g><g v="sing"></g><g v="masc"></g><g v="ablt"></g></l></v><v><l id="394551" t="двухъядерный"><g v="ADJF"></g><g v="sing"></g><g v="neut"></g><g v="ablt"></g></l></v></tfr></token><token text="процессором" id="632844"><tfr rev_id="1464959" t="процессором"><v><l id="287366" t="процессор"><g v="NOUN"></g><g v="inan"></g><g v="masc"></g><g v="sing"></g><g v="ablt"></g></l></v></tfr></token><token text="NVIDIA" id="632845"><tfr rev_id="2474897" t="NVIDIA"><v><l id="0" t="NVIDIA"><g v="LATN"></g></l></v></tfr></token><token text="Tegra" id="632846"><tfr rev_id="2474898" t="Tegra"><v><l id="0" t="Tegra"><g v="LATN"></g></l></v></tfr></token><token text="2" id="632847"><tfr rev_id="2462032" t="2"><v><l id="0" t="2"><g v="NUMB"></g></l></v></tfr></token><token text="с" id="632848"><tfr rev_id="1464963" t="с"><v><l id="311151" t="с"><g v="PREP"></g></l></v></tfr></token><token text="частотой" id="632849"><tfr rev_id="1464964" t="частотой"><v><l id="374803" t="частота"><g v="NOUN"></g><g v="inan"></g><g v="femn"></g><g v="sing"></g><g v="ablt"></g></l></v></tfr></token><token text="1" id="632850"><tfr rev_id="2462033" t="1"><v><l id="0" t="1"><g v="NUMB"></g></l></v></tfr></token><token text="ГГц" id="632851"><tfr rev_id="1464966" t="ГГц"><v><l id="0" t="ггц"><g v="UNKN"></g></l></v></tfr></token><token text="," id="632852"><tfr rev_id="1464967" t=","><v><l id="0" t=","><g v="PNCT"></g></l></v></tfr></token><token text="31" id="632853"><tfr rev_id="2462034" t="31"><v><l id="0" t="31"><g v="NUMB"></g></l></v></tfr></token><token text="Гб" id="632854"><tfr rev_id="4321659" t="Гб"><v><l id="67872" t="гб"><g v="NOUN"></g><g v="inan"></g><g v="masc"></g><g v="Fixd"></g><g v="Abbr"></g><g v="sing"></g><g v="ablt"></g></l></v></tfr></token><token text="встроенной" id="632855"><tfr rev_id="3683838" t="встроенной"><v><l id="54554" t="встроенный"><g v="PRTF"></g><g v="perf"></g><g v="tran"></g><g v="past"></g><g v="pssv"></g><g v="Adjx"></g><g v="femn"></g><g v="sing"></g><g v="gent"></g></l></v></tfr></token><token text="памяти" id="632856"><tfr rev_id="3887896" t="памяти"><v><l id="223174" t="память"><g v="NOUN"></g><g v="inan"></g><g v="femn"></g><g v="sing"></g><g v="gent"></g></l></v></tfr></token><token text="и" id="632857"><tfr rev_id="1464972" t="и"><v><l id="116949" t="и"><g v="CONJ"></g></l></v><v><l id="116950" t="и"><g v="INTJ"></g></l></v></tfr></token><token text="10,1-дюймовым" id="632858"><tfr rev_id="1464973" t="10,1-дюймовым"><v><l id="0" t="10,1-дюймовым"><g v="UNKN"></g></l></v></tfr></token><token text="сенсорным" id="632859"><tfr rev_id="4310331" t="сенсорным"><v><l id="318813" t="сенсорный"><g v="ADJF"></g><g v="Qual"></g><g v="masc"></g><g v="sing"></g><g v="ablt"></g></l></v></tfr></token><token text="экраном" id="632860"><tfr rev_id="1464975" t="экраном"><v><l id="383403" t="экран"><g v="NOUN"></g><g v="inan"></g><g v="masc"></g><g v="sing"></g><g v="ablt"></g></l></v></tfr></token><token text="." id="632861"><tfr rev_id="1464976" t="."><v><l id="0" t="."><g v="PNCT"></g></l></v></tfr></token></tokens></sentence><sentence id="35419"><source>Примечательно, что гаджет поступил в продажу накануне релиза одной из самых ожидаемых новинок 2011 года — iPad2 от Apple.</source><tokens><token text="Примечательно" id="632862"><tfr rev_id="1464977" t="Примечательно"><v><l id="272095" t="примечательно"><g v="ADVB"></g></l></v><v><l id="272099" t="примечателен"><g v="ADJS"></g><g v="neut"></g><g v="sing"></g></l></v></tfr></token><token text="," id="632863"><tfr rev_id="1464978" t=","><v><l id="0" t=","><g v="PNCT"></g></l></v></tfr></token><token text="что" id="632864"><tfr rev_id="3197084" t="что"><v><l id="377004" t="что"><g v="CONJ"></g></l></v><v><l id="377005" t="что"><g v="NPRO"></g><g v="neut"></g><g v="sing"></g><g v="nomn"></g></l></v><v><l id="377005" t="что"><g v="NPRO"></g><g v="neut"></g><g v="sing"></g><g v="accs"></g></l></v><v><l id="377006" t="что"><g v="ADVB"></g><g v="Ques"></g></l></v><v><l id="388695" t="что"><g v="PRCL"></g></l></v></tfr></token><token text="гаджет" id="632865"><tfr rev_id="2508332" t="гаджет"><v><l id="388556" t="гаджет"><g v="NOUN"></g><g v="inan"></g><g v="masc"></g><g v="sing"></g><g v="nomn"></g></l></v><v><l id="388556" t="гаджет"><g v="NOUN"></g><g v="inan"></g><g v="masc"></g><g v="sing"></g><g v="accs"></g></l></v></tfr></token><token text="поступил" id="632866"><tfr rev_id="1464981" t="поступил"><v><l id="262616" t="поступил"><g v="VERB"></g><g v="perf"></g><g v="intr"></g><g v="masc"></g><g v="sing"></g><g v="past"></g><g v="indc"></g></l></v></tfr></token><token text="в" id="632867"><tfr rev_id="1464982" t="в"><v><l id="37409" t="в"><g v="PREP"></g></l></v></tfr></token><token text="продажу" id="632868"><tfr rev_id="1464983" t="продажу"><v><l id="278949" t="продажа"><g v="NOUN"></g><g v="inan"></g><g v="femn"></g><g v="sing"></g><g v="accs"></g></l></v></tfr></token><token text="накануне" id="632869"><tfr rev_id="4421005" t="накануне"><v><l id="170740" t="накануне"><g v="PREP"></g></l></v></tfr></token><token text="релиза" id="632870"><tfr rev_id="1464985" t="релиза"><v><l id="305983" t="релиз"><g v="NOUN"></g><g v="inan"></g><g v="masc"></g><g v="sing"></g><g v="gent"></g></l></v></tfr></token><token text="одной" id="632871"><tfr rev_id="4425557" t="одной"><v><l id="203319" t="один"><g v="ADJF"></g><g v="Apro"></g><g v="Anum"></g><g v="femn"></g><g v="sing"></g><g v="gent"></g></l></v></tfr></token><token text="из" id="632872"><tfr rev_id="2560569" t="из"><v><l id="117677" t="из"><g v="PREP"></g></l></v></tfr></token><token text="самых" id="632873"><tfr rev_id="4197030" t="самых"><v><l id="313174" t="самый"><g v="ADJF"></g><g v="Apro"></g><g v="plur"></g><g v="gent"></g></l></v></tfr></token><token text="ожидаемых" id="632874"><tfr rev_id="1464989" t="ожидаемых"><v><l id="203949" t="ожидаемый"><g v="PRTF"></g><g v="impf"></g><g v="tran"></g><g v="pres"></g><g v="pssv"></g><g v="plur"></g><g v="gent"></g></l></v><v><l id="203949" t="ожидаемый"><g v="PRTF"></g><g v="impf"></g><g v="tran"></g><g v="pres"></g><g v="pssv"></g><g v="anim"></g><g v="plur"></g><g v="accs"></g></l></v><v><l id="203949" t="ожидаемый"><g v="PRTF"></g><g v="impf"></g><g v="tran"></g><g v="pres"></g><g v="pssv"></g><g v="plur"></g><g v="loct"></g></l></v></tfr></token><token text="новинок" id="632875"><tfr rev_id="1464990" t="новинок"><v><l id="191513" t="новинка"><g v="NOUN"></g><g v="inan"></g><g v="femn"></g><g v="plur"></g><g v="gent"></g></l></v></tfr></token><token text="2011" id="632876"><tfr rev_id="2462035" t="2011"><v><l id="0" t="2011"><g v="NUMB"></g></l></v></tfr></token><token text="года" id="632877"><tfr rev_id="3492497" t="года"><v><l id="72149" t="год"><g v="NOUN"></g><g v="inan"></g><g v="masc"></g><g v="sing"></g><g v="gen1"></g></l></v></tfr></token><token text="—" id="632878"><tfr rev_id="2444813" t="—"><v><l id="0" t="—"><g v="PNCT"></g></l></v></tfr></token><token text="iPad2" id="632879"><tfr rev_id="1464994" t="iPad2"><v><l id="0" t="iPad2"><g v="UNKN"></g></l></v></tfr></token><token text="от" id="632880"><tfr rev_id="1464995" t="от"><v><l id="211644" t="от"><g v="PREP"></g></l></v></tfr></token><token text="Apple" id="632881"><tfr rev_id="2474899" t="Apple"><v><l id="0" t="Apple"><g v="LATN"></g></l></v></tfr></token><token text="." id="632882"><tfr rev_id="1464997" t="."><v><l id="0" t="."><g v="PNCT"></g></l></v></tfr></token></tokens></sentence><sentence id="35420"><source>Кроме того, выпуск планшетных компьютеров на операционной системе Android 3.0 уже анонсировали LG и ASUS.</source><tokens><token text="Кроме" id="632883"><tfr rev_id="1464998" t="Кроме"><v><l id="143259" t="кроме"><g v="PREP"></g></l></v></tfr></token><token text="того" id="632884"><tfr rev_id="4317778" t="того"><v><l id="348430" t="тот"><g v="ADJF"></g><g v="Subx"></g><g v="Apro"></g><g v="Anph"></g><g v="neut"></g><g v="sing"></g><g v="gent"></g></l></v></tfr></token><token text="," id="632885"><tfr rev_id="1465000" t=","><v><l id="0" t=","><g v="PNCT"></g></l></v></tfr></token><token text="выпуск" id="632886"><tfr rev_id="1465001" t="выпуск"><v><l id="60996" t="выпуск"><g v="NOUN"></g><g v="inan"></g><g v="masc"></g><g v="sing"></g><g v="nomn"></g></l></v><v><l id="60996" t="выпуск"><g v="NOUN"></g><g v="inan"></g><g v="masc"></g><g v="sing"></g><g v="accs"></g></l></v></tfr></token><token text="планшетных" id="632887"><tfr rev_id="4403199" t="планшетных"><v><l id="239786" t="планшетный"><g v="ADJF"></g><g v="Qual"></g><g v="plur"></g><g v="gent"></g></l></v></tfr></token><token text="компьютеров" id="632888"><tfr rev_id="1465003" t="компьютеров"><v><l id="137413" t="компьютер"><g v="NOUN"></g><g v="inan"></g><g v="masc"></g><g v="plur"></g><g v="gent"></g></l></v></tfr></token><token text="на" id="632889"><tfr rev_id="3344847" t="на"><v><l id="166264" t="на"><g v="PREP"></g></l></v></tfr></token><token text="операционной" id="632890"><tfr rev_id="4424249" t="операционной"><v><l id="206954" t="операционный"><g v="ADJF"></g><g v="femn"></g><g v="sing"></g><g v="loct"></g></l></v></tfr></token><token text="системе" id="632891"><tfr rev_id="2737411" t="системе"><v><l id="321350" t="система"><g v="NOUN"></g><g v="inan"></g><g v="femn"></g><g v="sing"></g><g v="loct"></g></l></v></tfr></token><token text="Android" id="632892"><tfr rev_id="2474900" t="Android"><v><l id="0" t="Android"><g v="LATN"></g></l></v></tfr></token><token text="3.0" id="632893"><tfr rev_id="2462036" t="3.0"><v><l id="0" t="3.0"><g v="NUMB"></g></l></v></tfr></token><token text="уже" id="632894"><tfr rev_id="2692789" t="уже"><v><l id="355422" t="уж"><g v="NOUN"></g><g v="anim"></g><g v="masc"></g><g v="sing"></g><g v="loct"></g></l></v><v><l id="355498" t="уже"><g v="ADVB"></g></l></v><v><l id="355674" t="уже"><g v="COMP"></g><g v="Qual"></g></l></v><v><l id="388673" t="уже"><g v="PRCL"></g></l></v></tfr></token><token text="анонсировали" id="632895"><tfr rev_id="1465010" t="анонсировали"><v><l id="13928" t="анонсирую"><g v="VERB"></g><g v="impf"></g><g v="tran"></g><g v="plur"></g><g v="past"></g><g v="indc"></g></l></v></tfr></token><token text="LG" id="632896"><tfr rev_id="2474901" t="LG"><v><l id="0" t="LG"><g v="LATN"></g></l></v></tfr></token><token text="и" id="632897"><tfr rev_id="1465012" t="и"><v><l id="116949" t="и"><g v="CONJ"></g></l></v><v><l id="116950" t="и"><g v="INTJ"></g></l></v></tfr></token><token text="ASUS" id="632898"><tfr rev_id="2474902" t="ASUS"><v><l id="0" t="ASUS"><g v="LATN"></g></l></v></tfr></token><token text="." id="632899"><tfr rev_id="1465014" t="."><v><l id="0" t="."><g v="PNCT"></g></l></v></tfr></token></tokens></sentence></paragraph><paragraph id="11245"><sentence id="35421"><source>О стремительном распространении стандарта LTE читайте в статье Частного корреспондента «LTE — мобильный стандарт будущего»</source><tokens><token text="О" id="632900"><tfr rev_id="1465015" t="О"><v><l id="192977" t="о"><g v="PREP"></g></l></v><v><l id="192978" t="о"><g v="INTJ"></g></l></v></tfr></token><token text="стремительном" id="632901"><tfr rev_id="3342799" t="стремительном"><v><l id="337447" t="стремительный"><g v="ADJF"></g><g v="Qual"></g><g v="neut"></g><g v="sing"></g><g v="loct"></g></l></v></tfr></token><token text="распространении" id="632902"><tfr rev_id="1465017" t="распространении"><v><l id="300332" t="распространение"><g v="NOUN"></g><g v="inan"></g><g v="neut"></g><g v="sing"></g><g v="loct"></g></l></v></tfr></token><token text="стандарта" id="632903"><tfr rev_id="1465018" t="стандарта"><v><l id="334571" t="стандарт"><g v="NOUN"></g><g v="inan"></g><g v="masc"></g><g v="sing"></g><g v="gent"></g></l></v></tfr></token><token text="LTE" id="632904"><tfr rev_id="2474903" t="LTE"><v><l id="0" t="LTE"><g v="LATN"></g></l></v></tfr></token><token text="читайте" id="632905"><tfr rev_id="1465020" t="читайте"><v><l id="376719" t="читаю"><g v="VERB"></g><g v="impf"></g><g v="tran"></g><g v="plur"></g><g v="impr"></g><g v="excl"></g></l></v></tfr></token><token text="в" id="632906"><tfr rev_id="1465021" t="в"><v><l id="37409" t="в"><g v="PREP"></g></l></v></tfr></token><token text="статье" id="632907"><tfr rev_id="3552749" t="статье"><v><l id="335173" t="статья"><g v="NOUN"></g><g v="inan"></g><g v="femn"></g><g v="sing"></g><g v="loct"></g></l></v></tfr></token><token text="Частного" id="632908"><tfr rev_id="4371559" t="Частного"><v><l id="374795" t="частный"><g v="ADJF"></g><g v="Qual"></g><g v="masc"></g><g v="sing"></g><g v="gent"></g></l></v><v><l id="374795" t="частный"><g v="ADJF"></g><g v="Qual"></g><g v="anim"></g><g v="masc"></g><g v="sing"></g><g v="accs"></g></l></v></tfr></token><token text="корреспондента" id="632909"><tfr rev_id="4389690" t="корреспондента"><v><l id="140239" t="корреспондент"><g v="NOUN"></g><g v="anim"></g><g v="masc"></g><g v="sing"></g><g v="gent"></g></l></v></tfr></token><token text="«" id="632910"><tfr rev_id="2444814" t="«"><v><l id="0" t="«"><g v="PNCT"></g></l></v></tfr></token><token text="LTE" id="632911"><tfr rev_id="2474904" t="LTE"><v><l id="0" t="LTE"><g v="LATN"></g></l></v></tfr></token><token text="—" id="632912"><tfr rev_id="2444815" t="—"><v><l id="0" t="—"><g v="PNCT"></g></l></v></tfr></token><token text="мобильный" id="632913"><tfr rev_id="1465028" t="мобильный"><v><l id="162202" t="мобильный"><g v="ADJF"></g><g v="Qual"></g><g v="masc"></g><g v="sing"></g><g v="nomn"></g></l></v><v><l id="162202" t="мобильный"><g v="ADJF"></g><g v="Qual"></g><g v="inan"></g><g v="masc"></g><g v="sing"></g><g v="accs"></g></l></v></tfr></token><token text="стандарт" id="632914"><tfr rev_id="1465029" t="стандарт"><v><l id="334571" t="стандарт"><g v="NOUN"></g><g v="inan"></g><g v="masc"></g><g v="sing"></g><g v="nomn"></g></l></v><v><l id="334571" t="стандарт"><g v="NOUN"></g><g v="inan"></g><g v="masc"></g><g v="sing"></g><g v="accs"></g></l></v></tfr></token><token text="будущего" id="632915"><tfr rev_id="4154302" t="будущего"><v><l id="35163" t="будущее"><g v="NOUN"></g><g v="inan"></g><g v="neut"></g><g v="sing"></g><g v="gent"></g></l></v></tfr></token><token text="»" id="632916"><tfr rev_id="2444816" t="»"><v><l id="0" t="»"><g v="PNCT"></g></l></v></tfr></token></tokens></sentence></paragraph></paragraphs></text>