<?xml version="1.0" encoding="utf-8"?><text parent="226" id="1210" name="В преддверии Ванкувера"><tags><tag>url:http://www.chaskor.ru/news/v_preddverii_vankuvera</tag><tag>Год:2009</tag><tag>Дата:21/12</tag><tag>Тема:ЧасКор:Общество</tag><tag>Тема:ЧасКор:Общество/Общество</tag></tags><paragraphs><paragraph id="11256"><sentence id="35470"><source>В преддверии Ванкувера</source><tokens><token text="В" id="633857"><tfr rev_id="1465972" t="В"><v><l id="37409" t="в"><g v="PREP"></g></l></v></tfr></token><token text="преддверии" id="633858"><tfr rev_id="1465973" t="преддверии"><v><l id="266434" t="преддверие"><g v="NOUN"></g><g v="inan"></g><g v="neut"></g><g v="sing"></g><g v="loct"></g></l></v></tfr></token><token text="Ванкувера" id="633859"><tfr rev_id="1465974" t="Ванкувера"><v><l id="38593" t="ванкувер"><g v="NOUN"></g><g v="inan"></g><g v="masc"></g><g v="Geox"></g><g v="sing"></g><g v="gent"></g></l></v></tfr></token></tokens></sentence><sentence id="35471"><source>Тренер финских лыжников официально заявил, что допинг — это часть русской культуры.</source><tokens><token text="Тренер" id="633860"><tfr rev_id="1465975" t="Тренер"><v><l id="349635" t="тренер"><g v="NOUN"></g><g v="anim"></g><g v="masc"></g><g v="sing"></g><g v="nomn"></g></l></v></tfr></token><token text="финских" id="633861"><tfr rev_id="4420469" t="финских"><v><l id="366169" t="финский"><g v="ADJF"></g><g v="plur"></g><g v="gent"></g></l></v></tfr></token><token text="лыжников" id="633862"><tfr rev_id="4098099" t="лыжников"><v><l id="151701" t="лыжник"><g v="NOUN"></g><g v="anim"></g><g v="masc"></g><g v="plur"></g><g v="gent"></g></l></v></tfr></token><token text="официально" id="633863"><tfr rev_id="1465978" t="официально"><v><l id="220937" t="официально"><g v="ADVB"></g></l></v><v><l id="220941" t="официален"><g v="ADJS"></g><g v="neut"></g><g v="sing"></g></l></v></tfr></token><token text="заявил" id="633864"><tfr rev_id="1465979" t="заявил"><v><l id="114300" t="заявил"><g v="VERB"></g><g v="perf"></g><g v="tran"></g><g v="masc"></g><g v="sing"></g><g v="past"></g><g v="indc"></g></l></v></tfr></token><token text="," id="633865"><tfr rev_id="1465980" t=","><v><l id="0" t=","><g v="PNCT"></g></l></v></tfr></token><token text="что" id="633866"><tfr rev_id="3197094" t="что"><v><l id="377004" t="что"><g v="CONJ"></g></l></v><v><l id="377005" t="что"><g v="NPRO"></g><g v="neut"></g><g v="sing"></g><g v="nomn"></g></l></v><v><l id="377005" t="что"><g v="NPRO"></g><g v="neut"></g><g v="sing"></g><g v="accs"></g></l></v><v><l id="377006" t="что"><g v="ADVB"></g><g v="Ques"></g></l></v><v><l id="388695" t="что"><g v="PRCL"></g></l></v></tfr></token><token text="допинг" id="633867"><tfr rev_id="3340151" t="допинг"><v><l id="89115" t="допинг"><g v="NOUN"></g><g v="inan"></g><g v="masc"></g><g v="sing"></g><g v="nomn"></g></l></v></tfr></token><token text="—" id="633868"><tfr rev_id="2444854" t="—"><v><l id="0" t="—"><g v="PNCT"></g></l></v></tfr></token><token text="это" id="633869"><tfr rev_id="4497427" t="это"><v><l id="386575" t="это"><g v="NPRO"></g><g v="neut"></g><g v="sing"></g><g v="nomn"></g></l></v><v><l id="386575" t="это"><g v="NPRO"></g><g v="neut"></g><g v="sing"></g><g v="accs"></g></l></v></tfr></token><token text="часть" id="633870"><tfr rev_id="1465985" t="часть"><v><l id="374820" t="часть"><g v="NOUN"></g><g v="inan"></g><g v="femn"></g><g v="sing"></g><g v="nomn"></g></l></v><v><l id="374820" t="часть"><g v="NOUN"></g><g v="inan"></g><g v="femn"></g><g v="sing"></g><g v="accs"></g></l></v></tfr></token><token text="русской" id="633871"><tfr rev_id="4314931" t="русской"><v><l id="310321" t="русский"><g v="ADJF"></g><g v="Subx"></g><g v="femn"></g><g v="sing"></g><g v="gent"></g></l></v></tfr></token><token text="культуры" id="633872"><tfr rev_id="3470153" t="культуры"><v><l id="144838" t="культура"><g v="NOUN"></g><g v="inan"></g><g v="femn"></g><g v="sing"></g><g v="gent"></g></l></v></tfr></token><token text="." id="633873"><tfr rev_id="1465988" t="."><v><l id="0" t="."><g v="PNCT"></g></l></v></tfr></token></tokens></sentence><sentence id="35472"><source>С довольно серьёзными обвинениями в адрес России выступил наставник сборной Финляндии по лыжам Рейо Юлхяэ.</source><tokens><token text="С" id="633874"><tfr rev_id="1465989" t="С"><v><l id="311151" t="с"><g v="PREP"></g></l></v></tfr></token><token text="довольно" id="633875"><tfr rev_id="1465990" t="довольно"><v><l id="86034" t="довольно"><g v="ADVB"></g><g v="Prdx"></g></l></v><v><l id="86038" t="доволен"><g v="ADJS"></g><g v="Qual"></g><g v="neut"></g><g v="sing"></g></l></v></tfr></token><token text="серьёзными" id="633876"><tfr rev_id="1465991" t="серьёзными"><v><l id="319559" t="серьёзный"><g v="ADJF"></g><g v="Qual"></g><g v="plur"></g><g v="ablt"></g></l></v></tfr></token><token text="обвинениями" id="633877"><tfr rev_id="1465992" t="обвинениями"><v><l id="193410" t="обвинение"><g v="NOUN"></g><g v="inan"></g><g v="neut"></g><g v="plur"></g><g v="ablt"></g></l></v></tfr></token><token text="в" id="633878"><tfr rev_id="1465993" t="в"><v><l id="37409" t="в"><g v="PREP"></g></l></v></tfr></token><token text="адрес" id="633879"><tfr rev_id="3417055" t="адрес"><v><l id="5167" t="адрес"><g v="NOUN"></g><g v="inan"></g><g v="masc"></g><g v="sing"></g><g v="accs"></g></l></v></tfr></token><token text="России" id="633880"><tfr rev_id="2782178" t="России"><v><l id="309322" t="россия"><g v="NOUN"></g><g v="inan"></g><g v="femn"></g><g v="Sgtm"></g><g v="Geox"></g><g v="sing"></g><g v="gent"></g></l></v></tfr></token><token text="выступил" id="633881"><tfr rev_id="1465996" t="выступил"><v><l id="62885" t="выступил"><g v="VERB"></g><g v="perf"></g><g v="intr"></g><g v="masc"></g><g v="sing"></g><g v="past"></g><g v="indc"></g></l></v></tfr></token><token text="наставник" id="633882"><tfr rev_id="1465997" t="наставник"><v><l id="175958" t="наставник"><g v="NOUN"></g><g v="anim"></g><g v="masc"></g><g v="sing"></g><g v="nomn"></g></l></v></tfr></token><token text="сборной" id="633883"><tfr rev_id="4333486" t="сборной"><v><l id="314367" t="сборная"><g v="NOUN"></g><g v="inan"></g><g v="femn"></g><g v="sing"></g><g v="gent"></g></l></v></tfr></token><token text="Финляндии" id="633884"><tfr rev_id="2602186" t="Финляндии"><v><l id="366154" t="финляндия"><g v="NOUN"></g><g v="inan"></g><g v="femn"></g><g v="Sgtm"></g><g v="Geox"></g><g v="sing"></g><g v="gent"></g></l></v></tfr></token><token text="по" id="633885"><tfr rev_id="1466000" t="по"><v><l id="241240" t="по"><g v="PREP"></g></l></v></tfr></token><token text="лыжам" id="633886"><tfr rev_id="1466001" t="лыжам"><v><l id="151696" t="лыжа"><g v="NOUN"></g><g v="inan"></g><g v="femn"></g><g v="plur"></g><g v="datv"></g></l></v></tfr></token><token text="Рейо" id="633887"><tfr rev_id="1466002" t="Рейо"><v><l id="0" t="рейо"><g v="UNKN"></g></l></v></tfr></token><token text="Юлхяэ" id="633888"><tfr rev_id="1466003" t="Юлхяэ"><v><l id="0" t="юлхяэ"><g v="UNKN"></g></l></v></tfr></token><token text="." id="633889"><tfr rev_id="1466004" t="."><v><l id="0" t="."><g v="PNCT"></g></l></v></tfr></token></tokens></sentence><sentence id="35473"><source>За полтора месяца до зимних Олимпийских игр он заявил, что русские не могут без допинга, якобы это часть их культуры.</source><tokens><token text="За" id="633890"><tfr rev_id="1466005" t="За"><v><l id="98043" t="за"><g v="PREP"></g></l></v></tfr></token><token text="полтора" id="633891"><tfr rev_id="1466006" t="полтора"><v><l id="256572" t="полтора"><g v="NUMR"></g><g v="masc"></g><g v="nomn"></g></l></v><v><l id="256572" t="полтора"><g v="NUMR"></g><g v="masc"></g><g v="accs"></g></l></v><v><l id="256572" t="полтора"><g v="NUMR"></g><g v="neut"></g><g v="nomn"></g></l></v><v><l id="256572" t="полтора"><g v="NUMR"></g><g v="neut"></g><g v="accs"></g></l></v></tfr></token><token text="месяца" id="633892"><tfr rev_id="1466007" t="месяца"><v><l id="158841" t="месяц"><g v="NOUN"></g><g v="inan"></g><g v="masc"></g><g v="sing"></g><g v="gent"></g></l></v></tfr></token><token text="до" id="633893"><tfr rev_id="1466008" t="до"><v><l id="85153" t="до"><g v="PREP"></g></l></v></tfr></token><token text="зимних" id="633894"><tfr rev_id="4095881" t="зимних"><v><l id="115420" t="зимний"><g v="ADJF"></g><g v="plur"></g><g v="gent"></g></l></v></tfr></token><token text="Олимпийских" id="633895"><tfr rev_id="4197591" t="Олимпийских"><v><l id="206115" t="олимпийский"><g v="ADJF"></g><g v="plur"></g><g v="gent"></g></l></v></tfr></token><token text="игр" id="633896"><tfr rev_id="1466011" t="игр"><v><l id="117293" t="игра"><g v="NOUN"></g><g v="inan"></g><g v="femn"></g><g v="plur"></g><g v="gent"></g></l></v></tfr></token><token text="он" id="633897"><tfr rev_id="3575666" t="он"><v><l id="206541" t="он"><g v="NPRO"></g><g v="masc"></g><g v="3per"></g><g v="Anph"></g><g v="sing"></g><g v="nomn"></g></l></v></tfr></token><token text="заявил" id="633898"><tfr rev_id="1466013" t="заявил"><v><l id="114300" t="заявил"><g v="VERB"></g><g v="perf"></g><g v="tran"></g><g v="masc"></g><g v="sing"></g><g v="past"></g><g v="indc"></g></l></v></tfr></token><token text="," id="633899"><tfr rev_id="1466014" t=","><v><l id="0" t=","><g v="PNCT"></g></l></v></tfr></token><token text="что" id="633900"><tfr rev_id="4204149" t="что"><v><l id="377004" t="что"><g v="CONJ"></g></l></v></tfr></token><token text="русские" id="633901"><tfr rev_id="3430479" t="русские"><v><l id="310321" t="русский"><g v="ADJF"></g><g v="Subx"></g><g v="plur"></g><g v="nomn"></g></l></v><v><l id="310321" t="русский"><g v="ADJF"></g><g v="Subx"></g><g v="inan"></g><g v="plur"></g><g v="accs"></g></l></v></tfr></token><token text="не" id="633902"><tfr rev_id="1466017" t="не"><v><l id="178876" t="не"><g v="PRCL"></g></l></v></tfr></token><token text="могут" id="633903"><tfr rev_id="1466018" t="могут"><v><l id="164485" t="могу"><g v="VERB"></g><g v="impf"></g><g v="intr"></g><g v="plur"></g><g v="3per"></g><g v="pres"></g><g v="indc"></g></l></v></tfr></token><token text="без" id="633904"><tfr rev_id="1466019" t="без"><v><l id="25481" t="без"><g v="PREP"></g></l></v></tfr></token><token text="допинга" id="633905"><tfr rev_id="1466020" t="допинга"><v><l id="89115" t="допинг"><g v="NOUN"></g><g v="inan"></g><g v="masc"></g><g v="sing"></g><g v="gent"></g></l></v></tfr></token><token text="," id="633906"><tfr rev_id="1466021" t=","><v><l id="0" t=","><g v="PNCT"></g></l></v></tfr></token><token text="якобы" id="633907"><tfr rev_id="4469600" t="якобы"><v><l id="387706" t="якобы"><g v="CONJ"></g></l></v><v><l id="387707" t="якобы"><g v="PRCL"></g></l></v></tfr></token><token text="это" id="633908"><tfr rev_id="4441626" t="это"><v><l id="386574" t="это"><g v="PRCL"></g></l></v><v><l id="386575" t="это"><g v="NPRO"></g><g v="neut"></g><g v="sing"></g><g v="nomn"></g></l></v><v><l id="386575" t="это"><g v="NPRO"></g><g v="neut"></g><g v="sing"></g><g v="accs"></g></l></v><v><l id="386581" t="этот"><g v="ADJF"></g><g v="Subx"></g><g v="Apro"></g><g v="Anph"></g><g v="neut"></g><g v="sing"></g><g v="nomn"></g></l></v><v><l id="386581" t="этот"><g v="ADJF"></g><g v="Subx"></g><g v="Apro"></g><g v="Anph"></g><g v="neut"></g><g v="sing"></g><g v="accs"></g></l></v></tfr></token><token text="часть" id="633909"><tfr rev_id="4379915" t="часть"><v><l id="374820" t="часть"><g v="NOUN"></g><g v="inan"></g><g v="femn"></g><g v="sing"></g><g v="nomn"></g></l></v></tfr></token><token text="их" id="633910"><tfr rev_id="4473143" t="их"><v><l id="127205" t="их"><g v="ADJF"></g><g v="Fixd"></g><g v="Apro"></g><g v="Anph"></g><g v="masc"></g><g v="sing"></g><g v="nomn"></g></l></v><v><l id="127205" t="их"><g v="ADJF"></g><g v="Fixd"></g><g v="Apro"></g><g v="Anph"></g><g v="masc"></g><g v="sing"></g><g v="gent"></g></l></v><v><l id="127205" t="их"><g v="ADJF"></g><g v="Fixd"></g><g v="Apro"></g><g v="Anph"></g><g v="masc"></g><g v="sing"></g><g v="datv"></g></l></v><v><l id="127205" t="их"><g v="ADJF"></g><g v="Fixd"></g><g v="Apro"></g><g v="Anph"></g><g v="masc"></g><g v="sing"></g><g v="accs"></g></l></v><v><l id="127205" t="их"><g v="ADJF"></g><g v="Fixd"></g><g v="Apro"></g><g v="Anph"></g><g v="masc"></g><g v="sing"></g><g v="ablt"></g></l></v><v><l id="127205" t="их"><g v="ADJF"></g><g v="Fixd"></g><g v="Apro"></g><g v="Anph"></g><g v="masc"></g><g v="sing"></g><g v="loct"></g></l></v><v><l id="127205" t="их"><g v="ADJF"></g><g v="Fixd"></g><g v="Apro"></g><g v="Anph"></g><g v="femn"></g><g v="sing"></g><g v="nomn"></g></l></v><v><l id="127205" t="их"><g v="ADJF"></g><g v="Fixd"></g><g v="Apro"></g><g v="Anph"></g><g v="femn"></g><g v="sing"></g><g v="gent"></g></l></v><v><l id="127205" t="их"><g v="ADJF"></g><g v="Fixd"></g><g v="Apro"></g><g v="Anph"></g><g v="femn"></g><g v="sing"></g><g v="datv"></g></l></v><v><l id="127205" t="их"><g v="ADJF"></g><g v="Fixd"></g><g v="Apro"></g><g v="Anph"></g><g v="femn"></g><g v="sing"></g><g v="accs"></g></l></v><v><l id="127205" t="их"><g v="ADJF"></g><g v="Fixd"></g><g v="Apro"></g><g v="Anph"></g><g v="femn"></g><g v="sing"></g><g v="ablt"></g></l></v><v><l id="127205" t="их"><g v="ADJF"></g><g v="Fixd"></g><g v="Apro"></g><g v="Anph"></g><g v="femn"></g><g v="sing"></g><g v="loct"></g></l></v><v><l id="127205" t="их"><g v="ADJF"></g><g v="Fixd"></g><g v="Apro"></g><g v="Anph"></g><g v="neut"></g><g v="sing"></g><g v="nomn"></g></l></v><v><l id="127205" t="их"><g v="ADJF"></g><g v="Fixd"></g><g v="Apro"></g><g v="Anph"></g><g v="neut"></g><g v="sing"></g><g v="gent"></g></l></v><v><l id="127205" t="их"><g v="ADJF"></g><g v="Fixd"></g><g v="Apro"></g><g v="Anph"></g><g v="neut"></g><g v="sing"></g><g v="datv"></g></l></v><v><l id="127205" t="их"><g v="ADJF"></g><g v="Fixd"></g><g v="Apro"></g><g v="Anph"></g><g v="neut"></g><g v="sing"></g><g v="accs"></g></l></v><v><l id="127205" t="их"><g v="ADJF"></g><g v="Fixd"></g><g v="Apro"></g><g v="Anph"></g><g v="neut"></g><g v="sing"></g><g v="ablt"></g></l></v><v><l id="127205" t="их"><g v="ADJF"></g><g v="Fixd"></g><g v="Apro"></g><g v="Anph"></g><g v="neut"></g><g v="sing"></g><g v="loct"></g></l></v></tfr></token><token text="культуры" id="633911"><tfr rev_id="3474562" t="культуры"><v><l id="144838" t="культура"><g v="NOUN"></g><g v="inan"></g><g v="femn"></g><g v="sing"></g><g v="gent"></g></l></v></tfr></token><token text="." id="633912"><tfr rev_id="1466027" t="."><v><l id="0" t="."><g v="PNCT"></g></l></v></tfr></token></tokens></sentence><sentence id="35474"><source>«Допинг является культурной частью русских.</source><tokens><token text="«" id="633913"><tfr rev_id="2444855" t="«"><v><l id="0" t="«"><g v="PNCT"></g></l></v></tfr></token><token text="Допинг" id="633914"><tfr rev_id="4105774" t="Допинг"><v><l id="89115" t="допинг"><g v="NOUN"></g><g v="inan"></g><g v="masc"></g><g v="sing"></g><g v="nomn"></g></l></v></tfr></token><token text="является" id="633915"><tfr rev_id="1466030" t="является"><v><l id="387385" t="являюсь"><g v="VERB"></g><g v="impf"></g><g v="intr"></g><g v="sing"></g><g v="3per"></g><g v="pres"></g><g v="indc"></g></l></v></tfr></token><token text="культурной" id="633916"><tfr rev_id="4378710" t="культурной"><v><l id="144857" t="культурный"><g v="ADJF"></g><g v="Qual"></g><g v="femn"></g><g v="sing"></g><g v="ablt"></g></l></v></tfr></token><token text="частью" id="633917"><tfr rev_id="4278195" t="частью"><v><l id="374820" t="часть"><g v="NOUN"></g><g v="inan"></g><g v="femn"></g><g v="sing"></g><g v="ablt"></g></l></v></tfr></token><token text="русских" id="633918"><tfr rev_id="4416754" t="русских"><v><l id="310321" t="русский"><g v="ADJF"></g><g v="Subx"></g><g v="plur"></g><g v="gent"></g></l></v></tfr></token><token text="." id="633919"><tfr rev_id="1466034" t="."><v><l id="0" t="."><g v="PNCT"></g></l></v></tfr></token></tokens></sentence><sentence id="35475"><source>Особенно характерен он для элиты.</source><tokens><token text="Особенно" id="633920"><tfr rev_id="3426592" t="Особенно"><v><l id="210627" t="особенно"><g v="ADVB"></g></l></v><v><l id="210630" t="особен"><g v="ADJS"></g><g v="Qual"></g><g v="neut"></g><g v="sing"></g></l></v><v><l id="388746" t="особенно"><g v="PRCL"></g></l></v></tfr></token><token text="характерен" id="633921"><tfr rev_id="1466036" t="характерен"><v><l id="369440" t="характерен"><g v="ADJS"></g><g v="Qual"></g><g v="masc"></g><g v="sing"></g></l></v></tfr></token><token text="он" id="633922"><tfr rev_id="3575667" t="он"><v><l id="206541" t="он"><g v="NPRO"></g><g v="masc"></g><g v="3per"></g><g v="Anph"></g><g v="sing"></g><g v="nomn"></g></l></v></tfr></token><token text="для" id="633923"><tfr rev_id="2601717" t="для"><v><l id="85032" t="для"><g v="PREP"></g></l></v></tfr></token><token text="элиты" id="633924"><tfr rev_id="3495844" t="элиты"><v><l id="384805" t="элита"><g v="NOUN"></g><g v="inan"></g><g v="femn"></g><g v="sing"></g><g v="gent"></g></l></v></tfr></token><token text="." id="633925"><tfr rev_id="1466040" t="."><v><l id="0" t="."><g v="PNCT"></g></l></v></tfr></token></tokens></sentence><sentence id="35476"><source>Русские делают всё для того, чтобы быть лучшими, и не останавливаются даже перед использованием запрещённых веществ»,</source><tokens><token text="Русские" id="633926"><tfr rev_id="3430480" t="Русские"><v><l id="310321" t="русский"><g v="ADJF"></g><g v="Subx"></g><g v="plur"></g><g v="nomn"></g></l></v><v><l id="310321" t="русский"><g v="ADJF"></g><g v="Subx"></g><g v="inan"></g><g v="plur"></g><g v="accs"></g></l></v></tfr></token><token text="делают" id="633927"><tfr rev_id="1466042" t="делают"><v><l id="80526" t="делаю"><g v="VERB"></g><g v="impf"></g><g v="tran"></g><g v="plur"></g><g v="3per"></g><g v="pres"></g><g v="indc"></g></l></v></tfr></token><token text="всё" id="633928"><tfr rev_id="4503838" t="всё"><v><l id="42156" t="весь"><g v="ADJF"></g><g v="Subx"></g><g v="Apro"></g><g v="neut"></g><g v="sing"></g><g v="accs"></g></l></v><v><l id="42156" t="весь"><g v="ADJF"></g><g v="Subx"></g><g v="Apro"></g><g v="neut"></g><g v="sing"></g><g v="nomn"></g></l></v></tfr></token><token text="для" id="633929"><tfr rev_id="3452926" t="для"><v><l id="85032" t="для"><g v="PREP"></g></l></v></tfr></token><token text="того" id="633930"><tfr rev_id="4390337" t="того"><v><l id="348430" t="тот"><g v="ADJF"></g><g v="Subx"></g><g v="Apro"></g><g v="Anph"></g><g v="neut"></g><g v="sing"></g><g v="gent"></g></l></v></tfr></token><token text="," id="633931"><tfr rev_id="1466046" t=","><v><l id="0" t=","><g v="PNCT"></g></l></v></tfr></token><token text="чтобы" id="633932"><tfr rev_id="1466047" t="чтобы"><v><l id="377013" t="чтобы"><g v="CONJ"></g></l></v><v><l id="377014" t="чтобы"><g v="PRCL"></g></l></v></tfr></token><token text="быть" id="633933"><tfr rev_id="1466048" t="быть"><v><l id="37266" t="быть"><g v="INFN"></g><g v="impf"></g><g v="intr"></g></l></v></tfr></token><token text="лучшими" id="633934"><tfr rev_id="1466049" t="лучшими"><v><l id="371672" t="лучший"><g v="ADJF"></g><g v="Supr"></g><g v="Qual"></g><g v="plur"></g><g v="ablt"></g></l></v></tfr></token><token text="," id="633935"><tfr rev_id="1466050" t=","><v><l id="0" t=","><g v="PNCT"></g></l></v></tfr></token><token text="и" id="633936"><tfr rev_id="1466051" t="и"><v><l id="116949" t="и"><g v="CONJ"></g></l></v><v><l id="116950" t="и"><g v="INTJ"></g></l></v></tfr></token><token text="не" id="633937"><tfr rev_id="1466052" t="не"><v><l id="178876" t="не"><g v="PRCL"></g></l></v></tfr></token><token text="останавливаются" id="633938"><tfr rev_id="1466053" t="останавливаются"><v><l id="210845" t="останавливаюсь"><g v="VERB"></g><g v="impf"></g><g v="intr"></g><g v="plur"></g><g v="3per"></g><g v="pres"></g><g v="indc"></g></l></v></tfr></token><token text="даже" id="633939"><tfr rev_id="4079146" t="даже"><v><l id="77849" t="даже"><g v="PRCL"></g></l></v></tfr></token><token text="перед" id="633940"><tfr rev_id="2503412" t="перед"><v><l id="228071" t="перед"><g v="PREP"></g></l></v></tfr></token><token text="использованием" id="633941"><tfr rev_id="1466056" t="использованием"><v><l id="125417" t="использование"><g v="NOUN"></g><g v="inan"></g><g v="neut"></g><g v="sing"></g><g v="ablt"></g></l></v></tfr></token><token text="запрещённых" id="633942"><tfr rev_id="3944273" t="запрещённых"><v><l id="107931" t="запрещённый"><g v="PRTF"></g><g v="perf"></g><g v="tran"></g><g v="past"></g><g v="pssv"></g><g v="plur"></g><g v="gent"></g></l></v></tfr></token><token text="веществ" id="633943"><tfr rev_id="1466058" t="веществ"><v><l id="42497" t="вещество"><g v="NOUN"></g><g v="inan"></g><g v="neut"></g><g v="plur"></g><g v="gent"></g></l></v></tfr></token><token text="»" id="633944"><tfr rev_id="2444856" t="»"><v><l id="0" t="»"><g v="PNCT"></g></l></v></tfr></token><token text="," id="633945"><tfr rev_id="1466060" t=","><v><l id="0" t=","><g v="PNCT"></g></l></v></tfr></token></tokens></sentence><sentence id="35477"><source>— цитирует тренера NEWSru.com.</source><tokens><token text="—" id="633946"><tfr rev_id="2444857" t="—"><v><l id="0" t="—"><g v="PNCT"></g></l></v></tfr></token><token text="цитирует" id="633947"><tfr rev_id="1466062" t="цитирует"><v><l id="374102" t="цитирую"><g v="VERB"></g><g v="impf"></g><g v="tran"></g><g v="sing"></g><g v="3per"></g><g v="pres"></g><g v="indc"></g></l></v></tfr></token><token text="тренера" id="633948"><tfr rev_id="3721602" t="тренера"><v><l id="349635" t="тренер"><g v="NOUN"></g><g v="anim"></g><g v="masc"></g><g v="sing"></g><g v="accs"></g></l></v></tfr></token><token text="NEWSru.com" id="633949"><tfr rev_id="2474930" t="NEWSru.com"><v><l id="0" t="NEWSru.com"><g v="LATN"></g></l></v></tfr></token><token text="." id="633950"><tfr rev_id="1466065" t="."><v><l id="0" t="."><g v="PNCT"></g></l></v></tfr></token></tokens></sentence><sentence id="35478"><source>В доказательство своих слов финн привёл тот факт, что из пойманных на допинге спортсменов в России «не делают козлов отпущения».</source><tokens><token text="В" id="633951"><tfr rev_id="1466066" t="В"><v><l id="37409" t="в"><g v="PREP"></g></l></v></tfr></token><token text="доказательство" id="633952"><tfr rev_id="4102822" t="доказательство"><v><l id="86978" t="доказательство"><g v="NOUN"></g><g v="inan"></g><g v="neut"></g><g v="sing"></g><g v="accs"></g></l></v></tfr></token><token text="своих" id="633953"><tfr rev_id="4361138" t="своих"><v><l id="316379" t="свой"><g v="ADJF"></g><g v="Apro"></g><g v="Anph"></g><g v="plur"></g><g v="gent"></g></l></v></tfr></token><token text="слов" id="633954"><tfr rev_id="1466069" t="слов"><v><l id="325168" t="слово"><g v="NOUN"></g><g v="inan"></g><g v="neut"></g><g v="plur"></g><g v="gent"></g></l></v></tfr></token><token text="финн" id="633955"><tfr rev_id="3469636" t="финн"><v><l id="366158" t="финн"><g v="NOUN"></g><g v="anim"></g><g v="masc"></g><g v="sing"></g><g v="nomn"></g></l></v></tfr></token><token text="привёл" id="633956"><tfr rev_id="1466071" t="привёл"><v><l id="269205" t="привёл"><g v="VERB"></g><g v="perf"></g><g v="tran"></g><g v="masc"></g><g v="sing"></g><g v="past"></g><g v="indc"></g></l></v></tfr></token><token text="тот" id="633957"><tfr rev_id="3769769" t="тот"><v><l id="348430" t="тот"><g v="ADJF"></g><g v="Subx"></g><g v="Apro"></g><g v="Anph"></g><g v="masc"></g><g v="sing"></g><g v="nomn"></g></l></v><v><l id="348430" t="тот"><g v="ADJF"></g><g v="Subx"></g><g v="Apro"></g><g v="Anph"></g><g v="inan"></g><g v="masc"></g><g v="sing"></g><g v="accs"></g></l></v></tfr></token><token text="факт" id="633958"><tfr rev_id="1466073" t="факт"><v><l id="364163" t="факт"><g v="NOUN"></g><g v="inan"></g><g v="masc"></g><g v="sing"></g><g v="nomn"></g></l></v><v><l id="364163" t="факт"><g v="NOUN"></g><g v="inan"></g><g v="masc"></g><g v="sing"></g><g v="accs"></g></l></v></tfr></token><token text="," id="633959"><tfr rev_id="1466074" t=","><v><l id="0" t=","><g v="PNCT"></g></l></v></tfr></token><token text="что" id="633960"><tfr rev_id="3197096" t="что"><v><l id="377004" t="что"><g v="CONJ"></g></l></v><v><l id="377005" t="что"><g v="NPRO"></g><g v="neut"></g><g v="sing"></g><g v="nomn"></g></l></v><v><l id="377005" t="что"><g v="NPRO"></g><g v="neut"></g><g v="sing"></g><g v="accs"></g></l></v><v><l id="377006" t="что"><g v="ADVB"></g><g v="Ques"></g></l></v><v><l id="388695" t="что"><g v="PRCL"></g></l></v></tfr></token><token text="из" id="633961"><tfr rev_id="2602399" t="из"><v><l id="117677" t="из"><g v="PREP"></g></l></v></tfr></token><token text="пойманных" id="633962"><tfr rev_id="4427209" t="пойманных"><v><l id="253956" t="пойманный"><g v="PRTF"></g><g v="perf"></g><g v="tran"></g><g v="past"></g><g v="pssv"></g><g v="plur"></g><g v="gent"></g></l></v></tfr></token><token text="на" id="633963"><tfr rev_id="3336697" t="на"><v><l id="166264" t="на"><g v="PREP"></g></l></v></tfr></token><token text="допинге" id="633964"><tfr rev_id="1466079" t="допинге"><v><l id="89115" t="допинг"><g v="NOUN"></g><g v="inan"></g><g v="masc"></g><g v="sing"></g><g v="loct"></g></l></v></tfr></token><token text="спортсменов" id="633965"><tfr rev_id="4383095" t="спортсменов"><v><l id="332816" t="спортсмен"><g v="NOUN"></g><g v="anim"></g><g v="masc"></g><g v="plur"></g><g v="gent"></g></l></v></tfr></token><token text="в" id="633966"><tfr rev_id="1466081" t="в"><v><l id="37409" t="в"><g v="PREP"></g></l></v></tfr></token><token text="России" id="633967"><tfr rev_id="3455720" t="России"><v><l id="309322" t="россия"><g v="NOUN"></g><g v="inan"></g><g v="femn"></g><g v="Sgtm"></g><g v="Geox"></g><g v="sing"></g><g v="loct"></g></l></v></tfr></token><token text="«" id="633968"><tfr rev_id="2444858" t="«"><v><l id="0" t="«"><g v="PNCT"></g></l></v></tfr></token><token text="не" id="633969"><tfr rev_id="1466084" t="не"><v><l id="178876" t="не"><g v="PRCL"></g></l></v></tfr></token><token text="делают" id="633970"><tfr rev_id="1466085" t="делают"><v><l id="80526" t="делаю"><g v="VERB"></g><g v="impf"></g><g v="tran"></g><g v="plur"></g><g v="3per"></g><g v="pres"></g><g v="indc"></g></l></v></tfr></token><token text="козлов" id="633971"><tfr rev_id="4295417" t="козлов"><v><l id="135453" t="козёл"><g v="NOUN"></g><g v="anim"></g><g v="masc"></g><g v="plur"></g><g v="gent"></g></l></v><v><l id="135453" t="козёл"><g v="NOUN"></g><g v="anim"></g><g v="masc"></g><g v="plur"></g><g v="accs"></g></l></v><v><l id="135454" t="козёл"><g v="NOUN"></g><g v="inan"></g><g v="masc"></g><g v="plur"></g><g v="gent"></g></l></v></tfr></token><token text="отпущения" id="633972"><tfr rev_id="3448124" t="отпущения"><v><l id="217178" t="отпущение"><g v="NOUN"></g><g v="inan"></g><g v="neut"></g><g v="sing"></g><g v="gent"></g></l></v></tfr></token><token text="»" id="633973"><tfr rev_id="2444859" t="»"><v><l id="0" t="»"><g v="PNCT"></g></l></v></tfr></token><token text="." id="633974"><tfr rev_id="1466089" t="."><v><l id="0" t="."><g v="PNCT"></g></l></v></tfr></token></tokens></sentence><sentence id="35479"><source>Отметим, что резкое обвинение Юлхяэ может стать поводом для того, что российским спортсменам в Ванкувере попросту не дадут спокойно выступать, замучив их бесконечными проверками на пробы.</source><tokens><token text="Отметим" id="633975"><tfr rev_id="1466090" t="Отметим"><v><l id="215584" t="отметил"><g v="VERB"></g><g v="perf"></g><g v="tran"></g><g v="plur"></g><g v="1per"></g><g v="futr"></g><g v="indc"></g></l></v><v><l id="215584" t="отметил"><g v="VERB"></g><g v="perf"></g><g v="tran"></g><g v="sing"></g><g v="impr"></g><g v="incl"></g></l></v></tfr></token><token text="," id="633976"><tfr rev_id="1466091" t=","><v><l id="0" t=","><g v="PNCT"></g></l></v></tfr></token><token text="что" id="633977"><tfr rev_id="3197097" t="что"><v><l id="377004" t="что"><g v="CONJ"></g></l></v><v><l id="377005" t="что"><g v="NPRO"></g><g v="neut"></g><g v="sing"></g><g v="nomn"></g></l></v><v><l id="377005" t="что"><g v="NPRO"></g><g v="neut"></g><g v="sing"></g><g v="accs"></g></l></v><v><l id="377006" t="что"><g v="ADVB"></g><g v="Ques"></g></l></v><v><l id="388695" t="что"><g v="PRCL"></g></l></v></tfr></token><token text="резкое" id="633978"><tfr rev_id="1466093" t="резкое"><v><l id="305326" t="резкий"><g v="ADJF"></g><g v="Qual"></g><g v="neut"></g><g v="sing"></g><g v="nomn"></g></l></v><v><l id="305326" t="резкий"><g v="ADJF"></g><g v="Qual"></g><g v="neut"></g><g v="sing"></g><g v="accs"></g></l></v></tfr></token><token text="обвинение" id="633979"><tfr rev_id="3300479" t="обвинение"><v><l id="193410" t="обвинение"><g v="NOUN"></g><g v="inan"></g><g v="neut"></g><g v="sing"></g><g v="nomn"></g></l></v></tfr></token><token text="Юлхяэ" id="633980"><tfr rev_id="1466095" t="Юлхяэ"><v><l id="0" t="юлхяэ"><g v="UNKN"></g></l></v></tfr></token><token text="может" id="633981"><tfr rev_id="4212377" t="может"><v><l id="164485" t="могу"><g v="VERB"></g><g v="impf"></g><g v="intr"></g><g v="sing"></g><g v="3per"></g><g v="pres"></g><g v="indc"></g></l></v></tfr></token><token text="стать" id="633982"><tfr rev_id="1712958" t="стать"><v><l id="335165" t="стать"><g v="INFN"></g><g v="perf"></g><g v="intr"></g></l></v></tfr></token><token text="поводом" id="633983"><tfr rev_id="3812131" t="поводом"><v><l id="242551" t="повод"><g v="NOUN"></g><g v="inan"></g><g v="masc"></g><g v="sing"></g><g v="ablt"></g></l></v></tfr></token><token text="для" id="633984"><tfr rev_id="3452607" t="для"><v><l id="85032" t="для"><g v="PREP"></g></l></v></tfr></token><token text="того" id="633985"><tfr rev_id="4298377" t="того"><v><l id="348430" t="тот"><g v="ADJF"></g><g v="Subx"></g><g v="Apro"></g><g v="Anph"></g><g v="neut"></g><g v="sing"></g><g v="gent"></g></l></v></tfr></token><token text="," id="633986"><tfr rev_id="1466101" t=","><v><l id="0" t=","><g v="PNCT"></g></l></v></tfr></token><token text="что" id="633987"><tfr rev_id="3197098" t="что"><v><l id="377004" t="что"><g v="CONJ"></g></l></v><v><l id="377005" t="что"><g v="NPRO"></g><g v="neut"></g><g v="sing"></g><g v="nomn"></g></l></v><v><l id="377005" t="что"><g v="NPRO"></g><g v="neut"></g><g v="sing"></g><g v="accs"></g></l></v><v><l id="377006" t="что"><g v="ADVB"></g><g v="Ques"></g></l></v><v><l id="388695" t="что"><g v="PRCL"></g></l></v></tfr></token><token text="российским" id="633988"><tfr rev_id="3489040" t="российским"><v><l id="309319" t="российский"><g v="ADJF"></g><g v="plur"></g><g v="datv"></g></l></v></tfr></token><token text="спортсменам" id="633989"><tfr rev_id="1466104" t="спортсменам"><v><l id="332816" t="спортсмен"><g v="NOUN"></g><g v="anim"></g><g v="masc"></g><g v="plur"></g><g v="datv"></g></l></v></tfr></token><token text="в" id="633990"><tfr rev_id="1466105" t="в"><v><l id="37409" t="в"><g v="PREP"></g></l></v></tfr></token><token text="Ванкувере" id="633991"><tfr rev_id="1466106" t="Ванкувере"><v><l id="38593" t="ванкувер"><g v="NOUN"></g><g v="inan"></g><g v="masc"></g><g v="Geox"></g><g v="sing"></g><g v="loct"></g></l></v></tfr></token><token text="попросту" id="633992"><tfr rev_id="1466107" t="попросту"><v><l id="259635" t="попросту"><g v="ADVB"></g></l></v></tfr></token><token text="не" id="633993"><tfr rev_id="1466108" t="не"><v><l id="178876" t="не"><g v="PRCL"></g></l></v></tfr></token><token text="дадут" id="633994"><tfr rev_id="1466109" t="дадут"><v><l id="78546" t="дал"><g v="VERB"></g><g v="perf"></g><g v="tran"></g><g v="plur"></g><g v="3per"></g><g v="futr"></g><g v="indc"></g></l></v></tfr></token><token text="спокойно" id="633995"><tfr rev_id="1466110" t="спокойно"><v><l id="332658" t="спокойно"><g v="ADVB"></g></l></v><v><l id="332662" t="спокоен"><g v="ADJS"></g><g v="Qual"></g><g v="neut"></g><g v="sing"></g></l></v></tfr></token><token text="выступать" id="633996"><tfr rev_id="1466111" t="выступать"><v><l id="62881" t="выступать"><g v="INFN"></g><g v="impf"></g><g v="intr"></g></l></v></tfr></token><token text="," id="633997"><tfr rev_id="1466112" t=","><v><l id="0" t=","><g v="PNCT"></g></l></v></tfr></token><token text="замучив" id="633998"><tfr rev_id="1466113" t="замучив"><v><l id="106095" t="замучив"><g v="GRND"></g><g v="perf"></g><g v="tran"></g><g v="past"></g></l></v></tfr></token><token text="их" id="633999"><tfr rev_id="3601397" t="их"><v><l id="206619" t="они"><g v="NPRO"></g><g v="3per"></g><g v="Anph"></g><g v="plur"></g><g v="gent"></g></l></v><v><l id="206619" t="они"><g v="NPRO"></g><g v="3per"></g><g v="Anph"></g><g v="plur"></g><g v="accs"></g></l></v></tfr></token><token text="бесконечными" id="634000"><tfr rev_id="1466115" t="бесконечными"><v><l id="28217" t="бесконечный"><g v="ADJF"></g><g v="Qual"></g><g v="plur"></g><g v="ablt"></g></l></v></tfr></token><token text="проверками" id="634001"><tfr rev_id="1466116" t="проверками"><v><l id="277763" t="проверка"><g v="NOUN"></g><g v="inan"></g><g v="femn"></g><g v="plur"></g><g v="ablt"></g></l></v></tfr></token><token text="на" id="634002"><tfr rev_id="3342036" t="на"><v><l id="166264" t="на"><g v="PREP"></g></l></v></tfr></token><token text="пробы" id="634003"><tfr rev_id="3802020" t="пробы"><v><l id="277071" t="проба"><g v="NOUN"></g><g v="inan"></g><g v="femn"></g><g v="plur"></g><g v="accs"></g></l></v></tfr></token><token text="." id="634004"><tfr rev_id="1466119" t="."><v><l id="0" t="."><g v="PNCT"></g></l></v></tfr></token></tokens></sentence><sentence id="35480"><source>Будет очень обидно, если эмоциональное высказывание финна окажет давление на допинговый комитет и отразится на выступлении наших олимпийцев.</source><tokens><token text="Будет" id="634005"><tfr rev_id="1466120" t="Будет"><v><l id="37265" t="есть"><g v="VERB"></g><g v="impf"></g><g v="intr"></g><g v="sing"></g><g v="3per"></g><g v="futr"></g><g v="indc"></g></l></v></tfr></token><token text="очень" id="634006"><tfr rev_id="1466121" t="очень"><v><l id="221681" t="очень"><g v="ADVB"></g></l></v></tfr></token><token text="обидно" id="634007"><tfr rev_id="1466122" t="обидно"><v><l id="195413" t="обидно"><g v="ADVB"></g><g v="Prdx"></g></l></v><v><l id="195417" t="обиден"><g v="ADJS"></g><g v="Qual"></g><g v="neut"></g><g v="sing"></g></l></v></tfr></token><token text="," id="634008"><tfr rev_id="1466123" t=","><v><l id="0" t=","><g v="PNCT"></g></l></v></tfr></token><token text="если" id="634009"><tfr rev_id="1466124" t="если"><v><l id="95365" t="если"><g v="CONJ"></g></l></v></tfr></token><token text="эмоциональное" id="634010"><tfr rev_id="1466125" t="эмоциональное"><v><l id="385304" t="эмоциональный"><g v="ADJF"></g><g v="Qual"></g><g v="neut"></g><g v="sing"></g><g v="nomn"></g></l></v><v><l id="385304" t="эмоциональный"><g v="ADJF"></g><g v="Qual"></g><g v="neut"></g><g v="sing"></g><g v="accs"></g></l></v></tfr></token><token text="высказывание" id="634011"><tfr rev_id="1466126" t="высказывание"><v><l id="61886" t="высказывание"><g v="NOUN"></g><g v="inan"></g><g v="neut"></g><g v="sing"></g><g v="nomn"></g></l></v><v><l id="61886" t="высказывание"><g v="NOUN"></g><g v="inan"></g><g v="neut"></g><g v="sing"></g><g v="accs"></g></l></v></tfr></token><token text="финна" id="634012"><tfr rev_id="4356515" t="финна"><v><l id="366158" t="финн"><g v="NOUN"></g><g v="anim"></g><g v="masc"></g><g v="sing"></g><g v="gent"></g></l></v></tfr></token><token text="окажет" id="634013"><tfr rev_id="1466128" t="окажет"><v><l id="204456" t="оказал"><g v="VERB"></g><g v="perf"></g><g v="tran"></g><g v="sing"></g><g v="3per"></g><g v="futr"></g><g v="indc"></g></l></v></tfr></token><token text="давление" id="634014"><tfr rev_id="3430844" t="давление"><v><l id="77667" t="давление"><g v="NOUN"></g><g v="inan"></g><g v="neut"></g><g v="sing"></g><g v="accs"></g></l></v></tfr></token><token text="на" id="634015"><tfr rev_id="3335072" t="на"><v><l id="166264" t="на"><g v="PREP"></g></l></v></tfr></token><token text="допинговый" id="634016"><tfr rev_id="1466131" t="допинговый"><v><l id="89116" t="допинговый"><g v="ADJF"></g><g v="masc"></g><g v="sing"></g><g v="nomn"></g></l></v><v><l id="89116" t="допинговый"><g v="ADJF"></g><g v="inan"></g><g v="masc"></g><g v="sing"></g><g v="accs"></g></l></v></tfr></token><token text="комитет" id="634017"><tfr rev_id="3466006" t="комитет"><v><l id="136923" t="комитет"><g v="NOUN"></g><g v="inan"></g><g v="masc"></g><g v="sing"></g><g v="accs"></g></l></v></tfr></token><token text="и" id="634018"><tfr rev_id="1466133" t="и"><v><l id="116949" t="и"><g v="CONJ"></g></l></v><v><l id="116950" t="и"><g v="INTJ"></g></l></v></tfr></token><token text="отразится" id="634019"><tfr rev_id="1466134" t="отразится"><v><l id="217316" t="отразился"><g v="VERB"></g><g v="perf"></g><g v="intr"></g><g v="sing"></g><g v="3per"></g><g v="futr"></g><g v="indc"></g></l></v></tfr></token><token text="на" id="634020"><tfr rev_id="3343443" t="на"><v><l id="166264" t="на"><g v="PREP"></g></l></v></tfr></token><token text="выступлении" id="634021"><tfr rev_id="1466136" t="выступлении"><v><l id="62889" t="выступление"><g v="NOUN"></g><g v="inan"></g><g v="neut"></g><g v="sing"></g><g v="loct"></g></l></v></tfr></token><token text="наших" id="634022"><tfr rev_id="3556456" t="наших"><v><l id="178492" t="наш"><g v="ADJF"></g><g v="Apro"></g><g v="plur"></g><g v="gent"></g></l></v></tfr></token><token text="олимпийцев" id="634023"><tfr rev_id="3713463" t="олимпийцев"><v><l id="206110" t="олимпиец"><g v="NOUN"></g><g v="anim"></g><g v="masc"></g><g v="plur"></g><g v="gent"></g></l></v></tfr></token><token text="." id="634024"><tfr rev_id="1466139" t="."><v><l id="0" t="."><g v="PNCT"></g></l></v></tfr></token></tokens></sentence><sentence id="35481"><source>Сделаем также акцент на том, что, несмотря на череду громких допинговых скандалов и массовую дисквалификацию наших спортсменов, сборные России по лыжам и биатлону остаются сильнейшими в мире.</source><tokens><token text="Сделаем" id="634025"><tfr rev_id="1466140" t="Сделаем"><v><l id="317246" t="сделал"><g v="VERB"></g><g v="perf"></g><g v="tran"></g><g v="plur"></g><g v="1per"></g><g v="futr"></g><g v="indc"></g></l></v><v><l id="317246" t="сделал"><g v="VERB"></g><g v="perf"></g><g v="tran"></g><g v="sing"></g><g v="impr"></g><g v="incl"></g></l></v></tfr></token><token text="также" id="634026"><tfr rev_id="4267772" t="также"><v><l id="342482" t="также"><g v="PRCL"></g></l></v></tfr></token><token text="акцент" id="634027"><tfr rev_id="4099645" t="акцент"><v><l id="7826" t="акцент"><g v="NOUN"></g><g v="inan"></g><g v="masc"></g><g v="sing"></g><g v="accs"></g></l></v></tfr></token><token text="на" id="634028"><tfr rev_id="3342639" t="на"><v><l id="166264" t="на"><g v="PREP"></g></l></v></tfr></token><token text="том" id="634029"><tfr rev_id="3774476" t="том"><v><l id="348430" t="тот"><g v="ADJF"></g><g v="Subx"></g><g v="Apro"></g><g v="Anph"></g><g v="masc"></g><g v="sing"></g><g v="loct"></g></l></v><v><l id="348430" t="тот"><g v="ADJF"></g><g v="Subx"></g><g v="Apro"></g><g v="Anph"></g><g v="neut"></g><g v="sing"></g><g v="loct"></g></l></v></tfr></token><token text="," id="634030"><tfr rev_id="1466145" t=","><v><l id="0" t=","><g v="PNCT"></g></l></v></tfr></token><token text="что" id="634031"><tfr rev_id="3197099" t="что"><v><l id="377004" t="что"><g v="CONJ"></g></l></v><v><l id="377005" t="что"><g v="NPRO"></g><g v="neut"></g><g v="sing"></g><g v="nomn"></g></l></v><v><l id="377005" t="что"><g v="NPRO"></g><g v="neut"></g><g v="sing"></g><g v="accs"></g></l></v><v><l id="377006" t="что"><g v="ADVB"></g><g v="Ques"></g></l></v><v><l id="388695" t="что"><g v="PRCL"></g></l></v></tfr></token><token text="," id="634032"><tfr rev_id="1466147" t=","><v><l id="0" t=","><g v="PNCT"></g></l></v></tfr></token><token text="несмотря" id="634033"><tfr rev_id="1466148" t="несмотря"><v><l id="188286" t="несмотря"><g v="PREP"></g></l></v></tfr></token><token text="на" id="634034"><tfr rev_id="3344975" t="на"><v><l id="166264" t="на"><g v="PREP"></g></l></v></tfr></token><token text="череду" id="634035"><tfr rev_id="4285396" t="череду"><v><l id="375315" t="череда"><g v="NOUN"></g><g v="inan"></g><g v="femn"></g><g v="sing"></g><g v="accs"></g></l></v></tfr></token><token text="громких" id="634036"><tfr rev_id="4197875" t="громких"><v><l id="75662" t="громкий"><g v="ADJF"></g><g v="Qual"></g><g v="plur"></g><g v="gent"></g></l></v></tfr></token><token text="допинговых" id="634037"><tfr rev_id="4359348" t="допинговых"><v><l id="89116" t="допинговый"><g v="ADJF"></g><g v="plur"></g><g v="gent"></g></l></v></tfr></token><token text="скандалов" id="634038"><tfr rev_id="1466153" t="скандалов"><v><l id="321718" t="скандал"><g v="NOUN"></g><g v="inan"></g><g v="masc"></g><g v="plur"></g><g v="gent"></g></l></v></tfr></token><token text="и" id="634039"><tfr rev_id="3495457" t="и"><v><l id="116949" t="и"><g v="CONJ"></g></l></v></tfr></token><token text="массовую" id="634040"><tfr rev_id="1466155" t="массовую"><v><l id="156047" t="массовый"><g v="ADJF"></g><g v="femn"></g><g v="sing"></g><g v="accs"></g></l></v></tfr></token><token text="дисквалификацию" id="634041"><tfr rev_id="1466156" t="дисквалификацию"><v><l id="131935" t="дисквалификация"><g v="NOUN"></g><g v="inan"></g><g v="femn"></g><g v="sing"></g><g v="accs"></g></l></v></tfr></token><token text="наших" id="634042"><tfr rev_id="4198079" t="наших"><v><l id="178492" t="наш"><g v="ADJF"></g><g v="Apro"></g><g v="plur"></g><g v="gent"></g></l></v></tfr></token><token text="спортсменов" id="634043"><tfr rev_id="4382905" t="спортсменов"><v><l id="332816" t="спортсмен"><g v="NOUN"></g><g v="anim"></g><g v="masc"></g><g v="plur"></g><g v="gent"></g></l></v></tfr></token><token text="," id="634044"><tfr rev_id="1466159" t=","><v><l id="0" t=","><g v="PNCT"></g></l></v></tfr></token><token text="сборные" id="634045"><tfr rev_id="4237044" t="сборные"><v><l id="314367" t="сборная"><g v="NOUN"></g><g v="inan"></g><g v="femn"></g><g v="plur"></g><g v="nomn"></g></l></v></tfr></token><token text="России" id="634046"><tfr rev_id="3455675" t="России"><v><l id="309322" t="россия"><g v="NOUN"></g><g v="inan"></g><g v="femn"></g><g v="Sgtm"></g><g v="Geox"></g><g v="sing"></g><g v="gent"></g></l></v></tfr></token><token text="по" id="634047"><tfr rev_id="1466162" t="по"><v><l id="241240" t="по"><g v="PREP"></g></l></v></tfr></token><token text="лыжам" id="634048"><tfr rev_id="1466163" t="лыжам"><v><l id="151696" t="лыжа"><g v="NOUN"></g><g v="inan"></g><g v="femn"></g><g v="plur"></g><g v="datv"></g></l></v></tfr></token><token text="и" id="634049"><tfr rev_id="3671913" t="и"><v><l id="116949" t="и"><g v="CONJ"></g></l></v></tfr></token><token text="биатлону" id="634050"><tfr rev_id="1466165" t="биатлону"><v><l id="29278" t="биатлон"><g v="NOUN"></g><g v="inan"></g><g v="masc"></g><g v="sing"></g><g v="datv"></g></l></v></tfr></token><token text="остаются" id="634051"><tfr rev_id="1466166" t="остаются"><v><l id="210812" t="остаюсь"><g v="VERB"></g><g v="impf"></g><g v="intr"></g><g v="plur"></g><g v="3per"></g><g v="pres"></g><g v="indc"></g></l></v></tfr></token><token text="сильнейшими" id="634052"><tfr rev_id="1466167" t="сильнейшими"><v><l id="320513" t="сильнейший"><g v="ADJF"></g><g v="plur"></g><g v="ablt"></g></l></v></tfr></token><token text="в" id="634053"><tfr rev_id="1466168" t="в"><v><l id="37409" t="в"><g v="PREP"></g></l></v></tfr></token><token text="мире" id="634054"><tfr rev_id="3703909" t="мире"><v><l id="160807" t="мир"><g v="NOUN"></g><g v="inan"></g><g v="masc"></g><g v="sing"></g><g v="loc1"></g></l></v></tfr></token><token text="." id="634055"><tfr rev_id="1466170" t="."><v><l id="0" t="."><g v="PNCT"></g></l></v></tfr></token></tokens></sentence><sentence id="35482"><source>Достаточно вспомнить триумф, с которым наши стреляющие лыжники провели декабрьский этап в словенской Поклюке.</source><tokens><token text="Достаточно" id="634056"><tfr rev_id="1466171" t="Достаточно"><v><l id="90477" t="достаточно"><g v="ADVB"></g><g v="Prdx"></g></l></v><v><l id="90480" t="достаточен"><g v="ADJS"></g><g v="Qual"></g><g v="neut"></g><g v="sing"></g></l></v></tfr></token><token text="вспомнить" id="634057"><tfr rev_id="1466172" t="вспомнить"><v><l id="54218" t="вспомнить"><g v="INFN"></g><g v="perf"></g><g v="tran"></g></l></v></tfr></token><token text="триумф" id="634058"><tfr rev_id="3555909" t="триумф"><v><l id="350213" t="триумф"><g v="NOUN"></g><g v="inan"></g><g v="masc"></g><g v="sing"></g><g v="accs"></g></l></v></tfr></token><token text="," id="634059"><tfr rev_id="1466174" t=","><v><l id="0" t=","><g v="PNCT"></g></l></v></tfr></token><token text="с" id="634060"><tfr rev_id="1466175" t="с"><v><l id="311151" t="с"><g v="PREP"></g></l></v></tfr></token><token text="которым" id="634061"><tfr rev_id="3638960" t="которым"><v><l id="141203" t="который"><g v="ADJF"></g><g v="Apro"></g><g v="Subx"></g><g v="Anph"></g><g v="masc"></g><g v="sing"></g><g v="ablt"></g></l></v><v><l id="141203" t="который"><g v="ADJF"></g><g v="Apro"></g><g v="Subx"></g><g v="Anph"></g><g v="neut"></g><g v="sing"></g><g v="ablt"></g></l></v></tfr></token><token text="наши" id="634062"><tfr rev_id="4085685" t="наши"><v><l id="178492" t="наш"><g v="ADJF"></g><g v="Apro"></g><g v="plur"></g><g v="nomn"></g></l></v></tfr></token><token text="стреляющие" id="634063"><tfr rev_id="1466178" t="стреляющие"><v><l id="337427" t="стреляющий"><g v="PRTF"></g><g v="impf"></g><g v="tran"></g><g v="pres"></g><g v="actv"></g><g v="plur"></g><g v="nomn"></g></l></v><v><l id="337427" t="стреляющий"><g v="PRTF"></g><g v="impf"></g><g v="tran"></g><g v="pres"></g><g v="actv"></g><g v="inan"></g><g v="plur"></g><g v="accs"></g></l></v></tfr></token><token text="лыжники" id="634064"><tfr rev_id="1466179" t="лыжники"><v><l id="151701" t="лыжник"><g v="NOUN"></g><g v="anim"></g><g v="masc"></g><g v="plur"></g><g v="nomn"></g></l></v></tfr></token><token text="провели" id="634065"><tfr rev_id="1466180" t="провели"><v><l id="277830" t="провёл"><g v="VERB"></g><g v="perf"></g><g v="tran"></g><g v="plur"></g><g v="past"></g><g v="indc"></g></l></v></tfr></token><token text="декабрьский" id="634066"><tfr rev_id="1466181" t="декабрьский"><v><l id="80134" t="декабрьский"><g v="ADJF"></g><g v="masc"></g><g v="sing"></g><g v="nomn"></g></l></v><v><l id="80134" t="декабрьский"><g v="ADJF"></g><g v="inan"></g><g v="masc"></g><g v="sing"></g><g v="accs"></g></l></v></tfr></token><token text="этап" id="634067"><tfr rev_id="4101501" t="этап"><v><l id="386427" t="этап"><g v="NOUN"></g><g v="inan"></g><g v="masc"></g><g v="sing"></g><g v="accs"></g></l></v></tfr></token><token text="в" id="634068"><tfr rev_id="1466183" t="в"><v><l id="37409" t="в"><g v="PREP"></g></l></v></tfr></token><token text="словенской" id="634069"><tfr rev_id="3670572" t="словенской"><v><l id="325141" t="словенский"><g v="ADJF"></g><g v="Geox"></g><g v="femn"></g><g v="sing"></g><g v="loct"></g></l></v></tfr></token><token text="Поклюке" id="634070"><tfr rev_id="1466185" t="Поклюке"><v><l id="0" t="поклюке"><g v="UNKN"></g></l></v></tfr></token><token text="." id="634071"><tfr rev_id="1466186" t="."><v><l id="0" t="."><g v="PNCT"></g></l></v></tfr></token></tokens></sentence></paragraph><paragraph id="11257"><sentence id="35483"><source>О том, насколько сильно в России любят зимние виды спорта, читайте в статье Частного корреспондента «Майские сугробы в Подмосковье »</source><tokens><token text="О" id="634072"><tfr rev_id="3302055" t="О"><v><l id="192977" t="о"><g v="PREP"></g></l></v></tfr></token><token text="том" id="634073"><tfr rev_id="4299005" t="том"><v><l id="348430" t="тот"><g v="ADJF"></g><g v="Subx"></g><g v="Apro"></g><g v="Anph"></g><g v="neut"></g><g v="sing"></g><g v="loct"></g></l></v></tfr></token><token text="," id="634074"><tfr rev_id="1466189" t=","><v><l id="0" t=","><g v="PNCT"></g></l></v></tfr></token><token text="насколько" id="634075"><tfr rev_id="1466190" t="насколько"><v><l id="175425" t="насколько"><g v="ADVB"></g><g v="Ques"></g></l></v></tfr></token><token text="сильно" id="634076"><tfr rev_id="3724096" t="сильно"><v><l id="320515" t="сильно"><g v="ADVB"></g></l></v><v><l id="320612" t="силён"><g v="ADJS"></g><g v="Qual"></g><g v="neut"></g><g v="sing"></g></l></v></tfr></token><token text="в" id="634077"><tfr rev_id="1466192" t="в"><v><l id="37409" t="в"><g v="PREP"></g></l></v></tfr></token><token text="России" id="634078"><tfr rev_id="2782205" t="России"><v><l id="309322" t="россия"><g v="NOUN"></g><g v="inan"></g><g v="femn"></g><g v="Sgtm"></g><g v="Geox"></g><g v="sing"></g><g v="loct"></g></l></v></tfr></token><token text="любят" id="634079"><tfr rev_id="1466194" t="любят"><v><l id="151971" t="люблю"><g v="VERB"></g><g v="impf"></g><g v="tran"></g><g v="plur"></g><g v="3per"></g><g v="pres"></g><g v="indc"></g></l></v></tfr></token><token text="зимние" id="634080"><tfr rev_id="3860301" t="зимние"><v><l id="115420" t="зимний"><g v="ADJF"></g><g v="inan"></g><g v="plur"></g><g v="accs"></g></l></v></tfr></token><token text="виды" id="634081"><tfr rev_id="3749937" t="виды"><v><l id="44437" t="вид"><g v="NOUN"></g><g v="inan"></g><g v="masc"></g><g v="plur"></g><g v="accs"></g></l></v></tfr></token><token text="спорта" id="634082"><tfr rev_id="1466197" t="спорта"><v><l id="332791" t="спорт"><g v="NOUN"></g><g v="inan"></g><g v="masc"></g><g v="sing"></g><g v="gent"></g></l></v></tfr></token><token text="," id="634083"><tfr rev_id="1466198" t=","><v><l id="0" t=","><g v="PNCT"></g></l></v></tfr></token><token text="читайте" id="634084"><tfr rev_id="1466199" t="читайте"><v><l id="376719" t="читаю"><g v="VERB"></g><g v="impf"></g><g v="tran"></g><g v="plur"></g><g v="impr"></g><g v="excl"></g></l></v></tfr></token><token text="в" id="634085"><tfr rev_id="1466200" t="в"><v><l id="37409" t="в"><g v="PREP"></g></l></v></tfr></token><token text="статье" id="634086"><tfr rev_id="3309800" t="статье"><v><l id="335173" t="статья"><g v="NOUN"></g><g v="inan"></g><g v="femn"></g><g v="sing"></g><g v="loct"></g></l></v></tfr></token><token text="Частного" id="634087"><tfr rev_id="4309807" t="Частного"><v><l id="374795" t="частный"><g v="ADJF"></g><g v="Qual"></g><g v="masc"></g><g v="sing"></g><g v="gent"></g></l></v><v><l id="374795" t="частный"><g v="ADJF"></g><g v="Qual"></g><g v="anim"></g><g v="masc"></g><g v="sing"></g><g v="accs"></g></l></v></tfr></token><token text="корреспондента" id="634088"><tfr rev_id="3702025" t="корреспондента"><v><l id="140239" t="корреспондент"><g v="NOUN"></g><g v="anim"></g><g v="masc"></g><g v="sing"></g><g v="gent"></g></l></v></tfr></token><token text="«" id="634089"><tfr rev_id="2444860" t="«"><v><l id="0" t="«"><g v="PNCT"></g></l></v></tfr></token><token text="Майские" id="634090"><tfr rev_id="3860111" t="Майские"><v><l id="153225" t="майский"><g v="ADJF"></g><g v="plur"></g><g v="nomn"></g></l></v></tfr></token><token text="сугробы" id="634091"><tfr rev_id="3749561" t="сугробы"><v><l id="338905" t="сугроб"><g v="NOUN"></g><g v="inan"></g><g v="masc"></g><g v="plur"></g><g v="nomn"></g></l></v></tfr></token><token text="в" id="634092"><tfr rev_id="1466207" t="в"><v><l id="37409" t="в"><g v="PREP"></g></l></v></tfr></token><token text="Подмосковье" id="634093"><tfr rev_id="4413474" t="Подмосковье"><v><l id="247776" t="подмосковье"><g v="NOUN"></g><g v="inan"></g><g v="neut"></g><g v="Sgtm"></g><g v="Geox"></g><g v="sing"></g><g v="loct"></g></l></v></tfr></token><token text="»" id="634094"><tfr rev_id="2444861" t="»"><v><l id="0" t="»"><g v="PNCT"></g></l></v></tfr></token></tokens></sentence></paragraph></paragraphs></text>