<?xml version="1.0" encoding="utf-8"?><text parent="226" id="1213" name="Свято место пусто не бывает, или Воспользовались ситуацией"><tags><tag>url:http://www.chaskor.ru/news/svyato_mesto_pusto_ne_byvaet_ili_vospolzovalis_situatsiej</tag><tag>Год:2010</tag><tag>Дата:21/01</tag><tag>Тема:ЧасКор:Экономика</tag><tag>Тема:ЧасКор:Экономика/Энергия</tag></tags><paragraphs><paragraph id="11264"><sentence id="35509"><source>Свято место пусто не бывает, или Воспользовались ситуацией</source><tokens><token text="Свято" id="634607"><tfr rev_id="1466722" t="Свято"><v><l id="316619" t="свят"><g v="ADJS"></g><g v="Qual"></g><g v="neut"></g><g v="sing"></g></l></v></tfr></token><token text="место" id="634608"><tfr rev_id="1466723" t="место"><v><l id="158822" t="место"><g v="NOUN"></g><g v="inan"></g><g v="neut"></g><g v="sing"></g><g v="nomn"></g></l></v><v><l id="158822" t="место"><g v="NOUN"></g><g v="inan"></g><g v="neut"></g><g v="sing"></g><g v="accs"></g></l></v></tfr></token><token text="пусто" id="634609"><tfr rev_id="3526316" t="пусто"><v><l id="289407" t="пуст"><g v="ADJS"></g><g v="Qual"></g><g v="neut"></g><g v="sing"></g></l></v></tfr></token><token text="не" id="634610"><tfr rev_id="1466725" t="не"><v><l id="178876" t="не"><g v="PRCL"></g></l></v></tfr></token><token text="бывает" id="634611"><tfr rev_id="4233067" t="бывает"><v><l id="36997" t="бываю"><g v="VERB"></g><g v="impf"></g><g v="intr"></g><g v="sing"></g><g v="3per"></g><g v="pres"></g><g v="indc"></g></l></v></tfr></token><token text="," id="634612"><tfr rev_id="1466727" t=","><v><l id="0" t=","><g v="PNCT"></g></l></v></tfr></token><token text="или" id="634613"><tfr rev_id="3787236" t="или"><v><l id="121146" t="или"><g v="CONJ"></g></l></v></tfr></token><token text="Воспользовались" id="634614"><tfr rev_id="1466729" t="Воспользовались"><v><l id="51624" t="воспользовался"><g v="VERB"></g><g v="perf"></g><g v="intr"></g><g v="plur"></g><g v="past"></g><g v="indc"></g></l></v></tfr></token><token text="ситуацией" id="634615"><tfr rev_id="1466730" t="ситуацией"><v><l id="321441" t="ситуация"><g v="NOUN"></g><g v="inan"></g><g v="femn"></g><g v="sing"></g><g v="ablt"></g></l></v></tfr></token></tokens></sentence><sentence id="35510"><source>На фоне энергетического конфликта между Белоруссией и Россией Астана намерена стать поставщиком нефти в Минск.</source><tokens><token text="На" id="634616"><tfr rev_id="2912331" t="На"><v><l id="166264" t="на"><g v="PREP"></g></l></v><v><l id="388676" t="на"><g v="INTJ"></g></l></v></tfr></token><token text="фоне" id="634617"><tfr rev_id="1466732" t="фоне"><v><l id="366928" t="фон"><g v="NOUN"></g><g v="inan"></g><g v="masc"></g><g v="sing"></g><g v="loct"></g></l></v></tfr></token><token text="энергетического" id="634618"><tfr rev_id="3449013" t="энергетического"><v><l id="385495" t="энергетический"><g v="ADJF"></g><g v="masc"></g><g v="sing"></g><g v="gent"></g></l></v><v><l id="385495" t="энергетический"><g v="ADJF"></g><g v="anim"></g><g v="masc"></g><g v="sing"></g><g v="accs"></g></l></v></tfr></token><token text="конфликта" id="634619"><tfr rev_id="1466734" t="конфликта"><v><l id="138849" t="конфликт"><g v="NOUN"></g><g v="inan"></g><g v="masc"></g><g v="sing"></g><g v="gent"></g></l></v></tfr></token><token text="между" id="634620"><tfr rev_id="1466735" t="между"><v><l id="157306" t="между"><g v="PREP"></g></l></v></tfr></token><token text="Белоруссией" id="634621"><tfr rev_id="1466736" t="Белоруссией"><v><l id="27216" t="белоруссия"><g v="NOUN"></g><g v="inan"></g><g v="femn"></g><g v="Sgtm"></g><g v="Geox"></g><g v="sing"></g><g v="ablt"></g></l></v></tfr></token><token text="и" id="634622"><tfr rev_id="1466737" t="и"><v><l id="116949" t="и"><g v="CONJ"></g></l></v><v><l id="116950" t="и"><g v="INTJ"></g></l></v></tfr></token><token text="Россией" id="634623"><tfr rev_id="1466738" t="Россией"><v><l id="309322" t="россия"><g v="NOUN"></g><g v="inan"></g><g v="femn"></g><g v="Sgtm"></g><g v="Geox"></g><g v="sing"></g><g v="ablt"></g></l></v></tfr></token><token text="Астана" id="634624"><tfr rev_id="4453920" t="Астана"><v><l id="388665" t="астана"><g v="NOUN"></g><g v="inan"></g><g v="femn"></g><g v="Sgtm"></g><g v="Geox"></g><g v="sing"></g><g v="nomn"></g></l></v></tfr></token><token text="намерена" id="634625"><tfr rev_id="1466740" t="намерена"><v><l id="172445" t="намерен"><g v="ADJS"></g><g v="femn"></g><g v="sing"></g></l></v><v><l id="172473" t="намерен"><g v="PRTS"></g><g v="perf"></g><g v="past"></g><g v="pssv"></g><g v="femn"></g><g v="sing"></g></l></v></tfr></token><token text="стать" id="634626"><tfr rev_id="1712962" t="стать"><v><l id="335165" t="стать"><g v="INFN"></g><g v="perf"></g><g v="intr"></g></l></v></tfr></token><token text="поставщиком" id="634627"><tfr rev_id="1466742" t="поставщиком"><v><l id="262120" t="поставщик"><g v="NOUN"></g><g v="anim"></g><g v="masc"></g><g v="sing"></g><g v="ablt"></g></l></v></tfr></token><token text="нефти" id="634628"><tfr rev_id="4343792" t="нефти"><v><l id="189857" t="нефть"><g v="NOUN"></g><g v="inan"></g><g v="femn"></g><g v="sing"></g><g v="gent"></g></l></v></tfr></token><token text="в" id="634629"><tfr rev_id="1466744" t="в"><v><l id="37409" t="в"><g v="PREP"></g></l></v></tfr></token><token text="Минск" id="634630"><tfr rev_id="1466745" t="Минск"><v><l id="160701" t="минск"><g v="NOUN"></g><g v="inan"></g><g v="masc"></g><g v="Geox"></g><g v="sing"></g><g v="nomn"></g></l></v><v><l id="160701" t="минск"><g v="NOUN"></g><g v="inan"></g><g v="masc"></g><g v="Geox"></g><g v="sing"></g><g v="accs"></g></l></v></tfr></token><token text="." id="634631"><tfr rev_id="1466746" t="."><v><l id="0" t="."><g v="PNCT"></g></l></v></tfr></token></tokens></sentence></paragraph><paragraph id="11265"><sentence id="35511"><source>Судя по всему, Казахстан намерен воспользоваться недопониманием России и Белоруссии по вопросу нефтяных поставок для своей выгоды.</source><tokens><token text="Судя" id="634632"><tfr rev_id="1466747" t="Судя"><v><l id="339002" t="судя"><g v="GRND"></g><g v="impf"></g><g v="tran"></g><g v="pres"></g></l></v></tfr></token><token text="по" id="634633"><tfr rev_id="1466748" t="по"><v><l id="241240" t="по"><g v="PREP"></g></l></v></tfr></token><token text="всему" id="634634"><tfr rev_id="4572132" t="всему"><v><l id="42156" t="весь"><g v="ADJF"></g><g v="Subx"></g><g v="Apro"></g><g v="neut"></g><g v="sing"></g><g v="datv"></g></l></v></tfr></token><token text="," id="634635"><tfr rev_id="1466750" t=","><v><l id="0" t=","><g v="PNCT"></g></l></v></tfr></token><token text="Казахстан" id="634636"><tfr rev_id="4104183" t="Казахстан"><v><l id="127948" t="казахстан"><g v="NOUN"></g><g v="inan"></g><g v="masc"></g><g v="Geox"></g><g v="sing"></g><g v="nomn"></g></l></v></tfr></token><token text="намерен" id="634637"><tfr rev_id="1466752" t="намерен"><v><l id="172445" t="намерен"><g v="ADJS"></g><g v="masc"></g><g v="sing"></g></l></v><v><l id="172450" t="намерен"><g v="ADJS"></g><g v="Qual"></g><g v="masc"></g><g v="sing"></g></l></v><v><l id="172473" t="намерен"><g v="PRTS"></g><g v="perf"></g><g v="past"></g><g v="pssv"></g><g v="masc"></g><g v="sing"></g></l></v></tfr></token><token text="воспользоваться" id="634638"><tfr rev_id="1466753" t="воспользоваться"><v><l id="51625" t="воспользоваться"><g v="INFN"></g><g v="perf"></g><g v="intr"></g></l></v></tfr></token><token text="недопониманием" id="634639"><tfr rev_id="1466754" t="недопониманием"><v><l id="181490" t="недопонимание"><g v="NOUN"></g><g v="inan"></g><g v="neut"></g><g v="sing"></g><g v="ablt"></g></l></v></tfr></token><token text="России" id="634640"><tfr rev_id="2922370" t="России"><v><l id="309322" t="россия"><g v="NOUN"></g><g v="inan"></g><g v="femn"></g><g v="Sgtm"></g><g v="Geox"></g><g v="sing"></g><g v="gent"></g></l></v></tfr></token><token text="и" id="634641"><tfr rev_id="1466756" t="и"><v><l id="116949" t="и"><g v="CONJ"></g></l></v><v><l id="116950" t="и"><g v="INTJ"></g></l></v></tfr></token><token text="Белоруссии" id="634642"><tfr rev_id="3455481" t="Белоруссии"><v><l id="27216" t="белоруссия"><g v="NOUN"></g><g v="inan"></g><g v="femn"></g><g v="Sgtm"></g><g v="Geox"></g><g v="sing"></g><g v="gent"></g></l></v></tfr></token><token text="по" id="634643"><tfr rev_id="1466758" t="по"><v><l id="241240" t="по"><g v="PREP"></g></l></v></tfr></token><token text="вопросу" id="634644"><tfr rev_id="1466759" t="вопросу"><v><l id="50830" t="вопрос"><g v="NOUN"></g><g v="inan"></g><g v="masc"></g><g v="sing"></g><g v="datv"></g></l></v></tfr></token><token text="нефтяных" id="634645"><tfr rev_id="3556411" t="нефтяных"><v><l id="189860" t="нефтяной"><g v="ADJF"></g><g v="plur"></g><g v="gent"></g></l></v></tfr></token><token text="поставок" id="634646"><tfr rev_id="1466761" t="поставок"><v><l id="262094" t="поставка"><g v="NOUN"></g><g v="inan"></g><g v="femn"></g><g v="plur"></g><g v="gent"></g></l></v></tfr></token><token text="для" id="634647"><tfr rev_id="2844729" t="для"><v><l id="85032" t="для"><g v="PREP"></g></l></v></tfr></token><token text="своей" id="634648"><tfr rev_id="4166730" t="своей"><v><l id="316379" t="свой"><g v="ADJF"></g><g v="Apro"></g><g v="Anph"></g><g v="femn"></g><g v="sing"></g><g v="gent"></g></l></v></tfr></token><token text="выгоды" id="634649"><tfr rev_id="2908720" t="выгоды"><v><l id="56669" t="выгода"><g v="NOUN"></g><g v="inan"></g><g v="femn"></g><g v="sing"></g><g v="gent"></g></l></v></tfr></token><token text="." id="634650"><tfr rev_id="1466765" t="."><v><l id="0" t="."><g v="PNCT"></g></l></v></tfr></token></tokens></sentence><sentence id="35512"><source>В то время как Минск и Москва пытаются договориться о стоимости поставляемого сырья (белорусы отказываются закупать чёрное золото по новому экспортному тарифу и требуют в рамках Таможенного союза отмены пошлин), Казахстан предлагает свои условия.</source><tokens><token text="В" id="634651"><tfr rev_id="1466766" t="В"><v><l id="37409" t="в"><g v="PREP"></g></l></v></tfr></token><token text="то" id="634652"><tfr rev_id="3777570" t="то"><v><l id="346835" t="то"><g v="CONJ"></g></l></v><v><l id="346836" t="то"><g v="PRCL"></g></l></v><v><l id="348430" t="тот"><g v="ADJF"></g><g v="Subx"></g><g v="Apro"></g><g v="Anph"></g><g v="neut"></g><g v="sing"></g><g v="nomn"></g></l></v><v><l id="348430" t="тот"><g v="ADJF"></g><g v="Subx"></g><g v="Apro"></g><g v="Anph"></g><g v="neut"></g><g v="sing"></g><g v="accs"></g></l></v></tfr></token><token text="время" id="634653"><tfr rev_id="1466768" t="время"><v><l id="53149" t="время"><g v="NOUN"></g><g v="inan"></g><g v="neut"></g><g v="sing"></g><g v="nomn"></g></l></v><v><l id="53149" t="время"><g v="NOUN"></g><g v="inan"></g><g v="neut"></g><g v="sing"></g><g v="accs"></g></l></v></tfr></token><token text="как" id="634654"><tfr rev_id="1466769" t="как"><v><l id="128190" t="как"><g v="CONJ"></g></l></v><v><l id="128191" t="как"><g v="PRCL"></g></l></v><v><l id="128192" t="как"><g v="ADVB"></g><g v="Ques"></g></l></v></tfr></token><token text="Минск" id="634655"><tfr rev_id="4103312" t="Минск"><v><l id="160701" t="минск"><g v="NOUN"></g><g v="inan"></g><g v="masc"></g><g v="Geox"></g><g v="sing"></g><g v="nomn"></g></l></v></tfr></token><token text="и" id="634656"><tfr rev_id="3538918" t="и"><v><l id="116949" t="и"><g v="CONJ"></g></l></v></tfr></token><token text="Москва" id="634657"><tfr rev_id="1466772" t="Москва"><v><l id="163901" t="москва"><g v="NOUN"></g><g v="inan"></g><g v="femn"></g><g v="Sgtm"></g><g v="Geox"></g><g v="sing"></g><g v="nomn"></g></l></v></tfr></token><token text="пытаются" id="634658"><tfr rev_id="1466773" t="пытаются"><v><l id="290086" t="пытаюсь"><g v="VERB"></g><g v="impf"></g><g v="intr"></g><g v="plur"></g><g v="3per"></g><g v="pres"></g><g v="indc"></g></l></v></tfr></token><token text="договориться" id="634659"><tfr rev_id="1466774" t="договориться"><v><l id="86276" t="договориться"><g v="INFN"></g><g v="perf"></g><g v="intr"></g></l></v></tfr></token><token text="о" id="634660"><tfr rev_id="3417230" t="о"><v><l id="192977" t="о"><g v="PREP"></g></l></v></tfr></token><token text="стоимости" id="634661"><tfr rev_id="4288239" t="стоимости"><v><l id="336463" t="стоимость"><g v="NOUN"></g><g v="inan"></g><g v="femn"></g><g v="sing"></g><g v="loct"></g></l></v></tfr></token><token text="поставляемого" id="634662"><tfr rev_id="3443188" t="поставляемого"><v><l id="262100" t="поставляемый"><g v="PRTF"></g><g v="impf"></g><g v="tran"></g><g v="pres"></g><g v="pssv"></g><g v="neut"></g><g v="sing"></g><g v="gent"></g></l></v></tfr></token><token text="сырья" id="634663"><tfr rev_id="1466778" t="сырья"><v><l id="341764" t="сырьё"><g v="NOUN"></g><g v="inan"></g><g v="neut"></g><g v="Sgtm"></g><g v="sing"></g><g v="gent"></g></l></v></tfr></token><token text="(" id="634664"><tfr rev_id="1466779" t="("><v><l id="0" t="("><g v="PNCT"></g></l></v></tfr></token><token text="белорусы" id="634665"><tfr rev_id="1466780" t="белорусы"><v><l id="27214" t="белорус"><g v="NOUN"></g><g v="anim"></g><g v="masc"></g><g v="plur"></g><g v="nomn"></g></l></v></tfr></token><token text="отказываются" id="634666"><tfr rev_id="1466781" t="отказываются"><v><l id="213964" t="отказываюсь"><g v="VERB"></g><g v="impf"></g><g v="intr"></g><g v="plur"></g><g v="3per"></g><g v="pres"></g><g v="indc"></g></l></v></tfr></token><token text="закупать" id="634667"><tfr rev_id="1466782" t="закупать"><v><l id="104287" t="закупать"><g v="INFN"></g><g v="impf"></g><g v="tran"></g></l></v><v><l id="104294" t="закупать"><g v="INFN"></g><g v="perf"></g><g v="tran"></g></l></v></tfr></token><token text="чёрное" id="634668"><tfr rev_id="3880265" t="чёрное"><v><l id="374408" t="чёрный"><g v="ADJF"></g><g v="Qual"></g><g v="neut"></g><g v="sing"></g><g v="accs"></g></l></v></tfr></token><token text="золото" id="634669"><tfr rev_id="1466784" t="золото"><v><l id="116183" t="золото"><g v="NOUN"></g><g v="inan"></g><g v="neut"></g><g v="Sgtm"></g><g v="sing"></g><g v="nomn"></g></l></v><v><l id="116183" t="золото"><g v="NOUN"></g><g v="inan"></g><g v="neut"></g><g v="Sgtm"></g><g v="sing"></g><g v="accs"></g></l></v></tfr></token><token text="по" id="634670"><tfr rev_id="1466785" t="по"><v><l id="241240" t="по"><g v="PREP"></g></l></v></tfr></token><token text="новому" id="634671"><tfr rev_id="4371566" t="новому"><v><l id="191918" t="новый"><g v="ADJF"></g><g v="Qual"></g><g v="masc"></g><g v="sing"></g><g v="datv"></g></l></v></tfr></token><token text="экспортному" id="634672"><tfr rev_id="4162026" t="экспортному"><v><l id="383713" t="экспортный"><g v="ADJF"></g><g v="Qual"></g><g v="masc"></g><g v="sing"></g><g v="datv"></g></l></v></tfr></token><token text="тарифу" id="634673"><tfr rev_id="1466788" t="тарифу"><v><l id="343265" t="тариф"><g v="NOUN"></g><g v="inan"></g><g v="masc"></g><g v="sing"></g><g v="datv"></g></l></v></tfr></token><token text="и" id="634674"><tfr rev_id="1466789" t="и"><v><l id="116949" t="и"><g v="CONJ"></g></l></v><v><l id="116950" t="и"><g v="INTJ"></g></l></v></tfr></token><token text="требуют" id="634675"><tfr rev_id="1466790" t="требуют"><v><l id="349467" t="требую"><g v="VERB"></g><g v="impf"></g><g v="tran"></g><g v="plur"></g><g v="3per"></g><g v="pres"></g><g v="indc"></g></l></v></tfr></token><token text="в" id="634676"><tfr rev_id="1466791" t="в"><v><l id="37409" t="в"><g v="PREP"></g></l></v></tfr></token><token text="рамках" id="634677"><tfr rev_id="1466792" t="рамках"><v><l id="297819" t="рамка"><g v="NOUN"></g><g v="inan"></g><g v="femn"></g><g v="plur"></g><g v="loct"></g></l></v></tfr></token><token text="Таможенного" id="634678"><tfr rev_id="4206058" t="Таможенного"><v><l id="342850" t="таможенный"><g v="ADJF"></g><g v="Qual"></g><g v="masc"></g><g v="sing"></g><g v="gent"></g></l></v><v><l id="342850" t="таможенный"><g v="ADJF"></g><g v="Qual"></g><g v="anim"></g><g v="masc"></g><g v="sing"></g><g v="accs"></g></l></v></tfr></token><token text="союза" id="634679"><tfr rev_id="1466794" t="союза"><v><l id="331314" t="союз"><g v="NOUN"></g><g v="inan"></g><g v="masc"></g><g v="sing"></g><g v="gent"></g></l></v></tfr></token><token text="отмены" id="634680"><tfr rev_id="3500962" t="отмены"><v><l id="215480" t="отмена"><g v="NOUN"></g><g v="inan"></g><g v="femn"></g><g v="sing"></g><g v="gent"></g></l></v></tfr></token><token text="пошлин" id="634681"><tfr rev_id="1466796" t="пошлин"><v><l id="265239" t="пошлина"><g v="NOUN"></g><g v="inan"></g><g v="femn"></g><g v="plur"></g><g v="gent"></g></l></v></tfr></token><token text=")" id="634682"><tfr rev_id="1466797" t=")"><v><l id="0" t=")"><g v="PNCT"></g></l></v></tfr></token><token text="," id="634683"><tfr rev_id="1466798" t=","><v><l id="0" t=","><g v="PNCT"></g></l></v></tfr></token><token text="Казахстан" id="634684"><tfr rev_id="4107273" t="Казахстан"><v><l id="127948" t="казахстан"><g v="NOUN"></g><g v="inan"></g><g v="masc"></g><g v="Geox"></g><g v="sing"></g><g v="nomn"></g></l></v></tfr></token><token text="предлагает" id="634685"><tfr rev_id="1466800" t="предлагает"><v><l id="266518" t="предлагаю"><g v="VERB"></g><g v="impf"></g><g v="tran"></g><g v="sing"></g><g v="3per"></g><g v="pres"></g><g v="indc"></g></l></v></tfr></token><token text="свои" id="634686"><tfr rev_id="3756906" t="свои"><v><l id="316379" t="свой"><g v="ADJF"></g><g v="Apro"></g><g v="Anph"></g><g v="inan"></g><g v="plur"></g><g v="accs"></g></l></v></tfr></token><token text="условия" id="634687"><tfr rev_id="3715293" t="условия"><v><l id="360556" t="условие"><g v="NOUN"></g><g v="inan"></g><g v="neut"></g><g v="plur"></g><g v="accs"></g></l></v></tfr></token><token text="." id="634688"><tfr rev_id="1466803" t="."><v><l id="0" t="."><g v="PNCT"></g></l></v></tfr></token></tokens></sentence><sentence id="35513"><source>Посол Казахстана в Белоруссии Анатолий Смирнов заявил, что Астана в любой момент готова поставить чёрное золото в Мозырский НПЗ и НПЗ «Нафтан-Полимир» «в любом количестве, которое они смогут принять».</source><tokens><token text="Посол" id="634689"><tfr rev_id="4340942" t="Посол"><v><l id="261868" t="посол"><g v="NOUN"></g><g v="anim"></g><g v="masc"></g><g v="sing"></g><g v="nomn"></g></l></v></tfr></token><token text="Казахстана" id="634690"><tfr rev_id="1466805" t="Казахстана"><v><l id="127948" t="казахстан"><g v="NOUN"></g><g v="inan"></g><g v="masc"></g><g v="Geox"></g><g v="sing"></g><g v="gent"></g></l></v></tfr></token><token text="в" id="634691"><tfr rev_id="1466806" t="в"><v><l id="37409" t="в"><g v="PREP"></g></l></v></tfr></token><token text="Белоруссии" id="634692"><tfr rev_id="2602212" t="Белоруссии"><v><l id="27216" t="белоруссия"><g v="NOUN"></g><g v="inan"></g><g v="femn"></g><g v="Sgtm"></g><g v="Geox"></g><g v="sing"></g><g v="loct"></g></l></v></tfr></token><token text="Анатолий" id="634693"><tfr rev_id="3432474" t="Анатолий"><v><l id="12451" t="анатолий"><g v="NOUN"></g><g v="anim"></g><g v="masc"></g><g v="Name"></g><g v="sing"></g><g v="nomn"></g></l></v></tfr></token><token text="Смирнов" id="634694"><tfr rev_id="1466809" t="Смирнов"><v><l id="326440" t="смирнов"><g v="NOUN"></g><g v="anim"></g><g v="masc"></g><g v="Sgtm"></g><g v="Surn"></g><g v="sing"></g><g v="nomn"></g></l></v></tfr></token><token text="заявил" id="634695"><tfr rev_id="1466810" t="заявил"><v><l id="114300" t="заявил"><g v="VERB"></g><g v="perf"></g><g v="tran"></g><g v="masc"></g><g v="sing"></g><g v="past"></g><g v="indc"></g></l></v></tfr></token><token text="," id="634696"><tfr rev_id="1466811" t=","><v><l id="0" t=","><g v="PNCT"></g></l></v></tfr></token><token text="что" id="634697"><tfr rev_id="3197106" t="что"><v><l id="377004" t="что"><g v="CONJ"></g></l></v><v><l id="377005" t="что"><g v="NPRO"></g><g v="neut"></g><g v="sing"></g><g v="nomn"></g></l></v><v><l id="377005" t="что"><g v="NPRO"></g><g v="neut"></g><g v="sing"></g><g v="accs"></g></l></v><v><l id="377006" t="что"><g v="ADVB"></g><g v="Ques"></g></l></v><v><l id="388695" t="что"><g v="PRCL"></g></l></v></tfr></token><token text="Астана" id="634698"><tfr rev_id="4341768" t="Астана"><v><l id="388665" t="астана"><g v="NOUN"></g><g v="inan"></g><g v="femn"></g><g v="Sgtm"></g><g v="Geox"></g><g v="sing"></g><g v="nomn"></g></l></v></tfr></token><token text="в" id="634699"><tfr rev_id="1466814" t="в"><v><l id="37409" t="в"><g v="PREP"></g></l></v></tfr></token><token text="любой" id="634700"><tfr rev_id="4428724" t="любой"><v><l id="152026" t="любой"><g v="ADJF"></g><g v="Apro"></g><g v="masc"></g><g v="sing"></g><g v="nomn"></g></l></v><v><l id="152026" t="любой"><g v="ADJF"></g><g v="Apro"></g><g v="inan"></g><g v="masc"></g><g v="sing"></g><g v="accs"></g></l></v></tfr></token><token text="момент" id="634701"><tfr rev_id="4213425" t="момент"><v><l id="163050" t="момент"><g v="NOUN"></g><g v="inan"></g><g v="masc"></g><g v="sing"></g><g v="accs"></g></l></v></tfr></token><token text="готова" id="634702"><tfr rev_id="1466817" t="готова"><v><l id="74227" t="готов"><g v="ADJS"></g><g v="Qual"></g><g v="femn"></g><g v="sing"></g></l></v></tfr></token><token text="поставить" id="634703"><tfr rev_id="1466818" t="поставить"><v><l id="262089" t="поставить"><g v="INFN"></g><g v="perf"></g><g v="tran"></g></l></v></tfr></token><token text="чёрное" id="634704"><tfr rev_id="1466819" t="чёрное"><v><l id="374408" t="чёрный"><g v="ADJF"></g><g v="Qual"></g><g v="neut"></g><g v="sing"></g><g v="nomn"></g></l></v><v><l id="374408" t="чёрный"><g v="ADJF"></g><g v="Qual"></g><g v="neut"></g><g v="sing"></g><g v="accs"></g></l></v></tfr></token><token text="золото" id="634705"><tfr rev_id="4106437" t="золото"><v><l id="116183" t="золото"><g v="NOUN"></g><g v="inan"></g><g v="neut"></g><g v="Sgtm"></g><g v="sing"></g><g v="accs"></g></l></v></tfr></token><token text="в" id="634706"><tfr rev_id="1466821" t="в"><v><l id="37409" t="в"><g v="PREP"></g></l></v></tfr></token><token text="Мозырский" id="634707"><tfr rev_id="1466822" t="Мозырский"><v><l id="162559" t="мозырский"><g v="ADJF"></g><g v="masc"></g><g v="sing"></g><g v="nomn"></g></l></v><v><l id="162559" t="мозырский"><g v="ADJF"></g><g v="inan"></g><g v="masc"></g><g v="sing"></g><g v="accs"></g></l></v></tfr></token><token text="НПЗ" id="634708"><tfr rev_id="1466823" t="НПЗ"><v><l id="0" t="нпз"><g v="UNKN"></g></l></v></tfr></token><token text="и" id="634709"><tfr rev_id="1466824" t="и"><v><l id="116949" t="и"><g v="CONJ"></g></l></v><v><l id="116950" t="и"><g v="INTJ"></g></l></v></tfr></token><token text="НПЗ" id="634710"><tfr rev_id="1466825" t="НПЗ"><v><l id="0" t="нпз"><g v="UNKN"></g></l></v></tfr></token><token text="«" id="634711"><tfr rev_id="2444883" t="«"><v><l id="0" t="«"><g v="PNCT"></g></l></v></tfr></token><token text="Нафтан-Полимир" id="634712"><tfr rev_id="1466827" t="Нафтан-Полимир"><v><l id="0" t="нафтан-полимир"><g v="UNKN"></g></l></v></tfr></token><token text="»" id="634713"><tfr rev_id="2444884" t="»"><v><l id="0" t="»"><g v="PNCT"></g></l></v></tfr></token><token text="«" id="634714"><tfr rev_id="2444885" t="«"><v><l id="0" t="«"><g v="PNCT"></g></l></v></tfr></token><token text="в" id="634715"><tfr rev_id="1466830" t="в"><v><l id="37409" t="в"><g v="PREP"></g></l></v></tfr></token><token text="любом" id="634716"><tfr rev_id="4477840" t="любом"><v><l id="152026" t="любой"><g v="ADJF"></g><g v="Apro"></g><g v="neut"></g><g v="sing"></g><g v="loct"></g></l></v></tfr></token><token text="количестве" id="634717"><tfr rev_id="1466832" t="количестве"><v><l id="135983" t="количество"><g v="NOUN"></g><g v="inan"></g><g v="neut"></g><g v="sing"></g><g v="loct"></g></l></v></tfr></token><token text="," id="634718"><tfr rev_id="1466833" t=","><v><l id="0" t=","><g v="PNCT"></g></l></v></tfr></token><token text="которое" id="634719"><tfr rev_id="3641375" t="которое"><v><l id="141203" t="который"><g v="ADJF"></g><g v="Apro"></g><g v="Subx"></g><g v="Anph"></g><g v="neut"></g><g v="sing"></g><g v="nomn"></g></l></v><v><l id="141203" t="который"><g v="ADJF"></g><g v="Apro"></g><g v="Subx"></g><g v="Anph"></g><g v="neut"></g><g v="sing"></g><g v="accs"></g></l></v></tfr></token><token text="они" id="634720"><tfr rev_id="3599405" t="они"><v><l id="206619" t="они"><g v="NPRO"></g><g v="3per"></g><g v="Anph"></g><g v="plur"></g><g v="nomn"></g></l></v></tfr></token><token text="смогут" id="634721"><tfr rev_id="1466836" t="смогут"><v><l id="326830" t="смог"><g v="VERB"></g><g v="perf"></g><g v="intr"></g><g v="plur"></g><g v="3per"></g><g v="futr"></g><g v="indc"></g></l></v></tfr></token><token text="принять" id="634722"><tfr rev_id="1466837" t="принять"><v><l id="272701" t="принять"><g v="INFN"></g><g v="perf"></g><g v="tran"></g></l></v></tfr></token><token text="»" id="634723"><tfr rev_id="2444886" t="»"><v><l id="0" t="»"><g v="PNCT"></g></l></v></tfr></token><token text="." id="634724"><tfr rev_id="1466839" t="."><v><l id="0" t="."><g v="PNCT"></g></l></v></tfr></token></tokens></sentence><sentence id="35514"><source>Более того, этот вопрос обсуждался и на уровне глав государств.</source><tokens><token text="Более" id="634725"><tfr rev_id="1466840" t="Более"><v><l id="32065" t="более"><g v="ADVB"></g></l></v></tfr></token><token text="того" id="634726"><tfr rev_id="4375789" t="того"><v><l id="348430" t="тот"><g v="ADJF"></g><g v="Subx"></g><g v="Apro"></g><g v="Anph"></g><g v="neut"></g><g v="sing"></g><g v="gent"></g></l></v></tfr></token><token text="," id="634727"><tfr rev_id="1466842" t=","><v><l id="0" t=","><g v="PNCT"></g></l></v></tfr></token><token text="этот" id="634728"><tfr rev_id="4432107" t="этот"><v><l id="386581" t="этот"><g v="ADJF"></g><g v="Subx"></g><g v="Apro"></g><g v="Anph"></g><g v="masc"></g><g v="sing"></g><g v="nomn"></g></l></v></tfr></token><token text="вопрос" id="634729"><tfr rev_id="3272630" t="вопрос"><v><l id="50830" t="вопрос"><g v="NOUN"></g><g v="inan"></g><g v="masc"></g><g v="sing"></g><g v="nomn"></g></l></v></tfr></token><token text="обсуждался" id="634730"><tfr rev_id="1466845" t="обсуждался"><v><l id="200175" t="обсуждаюсь"><g v="VERB"></g><g v="impf"></g><g v="intr"></g><g v="masc"></g><g v="sing"></g><g v="past"></g><g v="indc"></g></l></v></tfr></token><token text="и" id="634731"><tfr rev_id="1466846" t="и"><v><l id="116949" t="и"><g v="CONJ"></g></l></v><v><l id="116950" t="и"><g v="INTJ"></g></l></v></tfr></token><token text="на" id="634732"><tfr rev_id="3345997" t="на"><v><l id="166264" t="на"><g v="PREP"></g></l></v></tfr></token><token text="уровне" id="634733"><tfr rev_id="1466848" t="уровне"><v><l id="359953" t="уровень"><g v="NOUN"></g><g v="inan"></g><g v="masc"></g><g v="sing"></g><g v="loct"></g></l></v></tfr></token><token text="глав" id="634734"><tfr rev_id="4572102" t="глав"><v><l id="70790" t="глава"><g v="NOUN"></g><g v="anim"></g><g v="ms-f"></g><g v="plur"></g><g v="gent"></g></l></v></tfr></token><token text="государств" id="634735"><tfr rev_id="1466850" t="государств"><v><l id="74164" t="государство"><g v="NOUN"></g><g v="inan"></g><g v="neut"></g><g v="plur"></g><g v="gent"></g></l></v></tfr></token><token text="." id="634736"><tfr rev_id="1466851" t="."><v><l id="0" t="."><g v="PNCT"></g></l></v></tfr></token></tokens></sentence><sentence id="35515"><source>Президент Казахстана Нурсултан Назарбаев и белорусский лидер Александр Лукашенко решили, что «только высокие пошлины, которые были до создания Таможенного союза, мешали сторонам окончательно решить этот вопрос».</source><tokens><token text="Президент" id="634737"><tfr rev_id="1466852" t="Президент"><v><l id="267449" t="президент"><g v="NOUN"></g><g v="anim"></g><g v="masc"></g><g v="sing"></g><g v="nomn"></g></l></v></tfr></token><token text="Казахстана" id="634738"><tfr rev_id="1466853" t="Казахстана"><v><l id="127948" t="казахстан"><g v="NOUN"></g><g v="inan"></g><g v="masc"></g><g v="Geox"></g><g v="sing"></g><g v="gent"></g></l></v></tfr></token><token text="Нурсултан" id="634739"><tfr rev_id="1466854" t="Нурсултан"><v><l id="192754" t="нурсултан"><g v="NOUN"></g><g v="anim"></g><g v="masc"></g><g v="Name"></g><g v="sing"></g><g v="nomn"></g></l></v></tfr></token><token text="Назарбаев" id="634740"><tfr rev_id="1466855" t="Назарбаев"><v><l id="170296" t="назарбаев"><g v="NOUN"></g><g v="anim"></g><g v="masc"></g><g v="Sgtm"></g><g v="Surn"></g><g v="sing"></g><g v="nomn"></g></l></v></tfr></token><token text="и" id="634741"><tfr rev_id="3554426" t="и"><v><l id="116949" t="и"><g v="CONJ"></g></l></v></tfr></token><token text="белорусский" id="634742"><tfr rev_id="1466857" t="белорусский"><v><l id="27217" t="белорусский"><g v="ADJF"></g><g v="masc"></g><g v="sing"></g><g v="nomn"></g></l></v><v><l id="27217" t="белорусский"><g v="ADJF"></g><g v="inan"></g><g v="masc"></g><g v="sing"></g><g v="accs"></g></l></v></tfr></token><token text="лидер" id="634743"><tfr rev_id="1466858" t="лидер"><v><l id="149007" t="лидер"><g v="NOUN"></g><g v="anim"></g><g v="masc"></g><g v="sing"></g><g v="nomn"></g></l></v></tfr></token><token text="Александр" id="634744"><tfr rev_id="3493926" t="Александр"><v><l id="8527" t="александр"><g v="NOUN"></g><g v="anim"></g><g v="masc"></g><g v="Name"></g><g v="sing"></g><g v="nomn"></g></l></v></tfr></token><token text="Лукашенко" id="634745"><tfr rev_id="4326423" t="Лукашенко"><v><l id="151410" t="лукашенко"><g v="NOUN"></g><g v="anim"></g><g v="ms-f"></g><g v="Fixd"></g><g v="Surn"></g><g v="sing"></g><g v="nomn"></g></l></v></tfr></token><token text="решили" id="634746"><tfr rev_id="1466861" t="решили"><v><l id="307396" t="решил"><g v="VERB"></g><g v="perf"></g><g v="tran"></g><g v="plur"></g><g v="past"></g><g v="indc"></g></l></v></tfr></token><token text="," id="634747"><tfr rev_id="1466862" t=","><v><l id="0" t=","><g v="PNCT"></g></l></v></tfr></token><token text="что" id="634748"><tfr rev_id="3197107" t="что"><v><l id="377004" t="что"><g v="CONJ"></g></l></v><v><l id="377005" t="что"><g v="NPRO"></g><g v="neut"></g><g v="sing"></g><g v="nomn"></g></l></v><v><l id="377005" t="что"><g v="NPRO"></g><g v="neut"></g><g v="sing"></g><g v="accs"></g></l></v><v><l id="377006" t="что"><g v="ADVB"></g><g v="Ques"></g></l></v><v><l id="388695" t="что"><g v="PRCL"></g></l></v></tfr></token><token text="«" id="634749"><tfr rev_id="2444887" t="«"><v><l id="0" t="«"><g v="PNCT"></g></l></v></tfr></token><token text="только" id="634750"><tfr rev_id="3784106" t="только"><v><l id="347395" t="только"><g v="CONJ"></g></l></v><v><l id="347396" t="только"><g v="PRCL"></g></l></v><v><l id="390053" t="только"><g v="ADVB"></g></l></v></tfr></token><token text="высокие" id="634751"><tfr rev_id="3819058" t="высокие"><v><l id="62135" t="высокий"><g v="ADJF"></g><g v="Qual"></g><g v="plur"></g><g v="nomn"></g></l></v></tfr></token><token text="пошлины" id="634752"><tfr rev_id="3805026" t="пошлины"><v><l id="265239" t="пошлина"><g v="NOUN"></g><g v="inan"></g><g v="femn"></g><g v="plur"></g><g v="nomn"></g></l></v></tfr></token><token text="," id="634753"><tfr rev_id="1466868" t=","><v><l id="0" t=","><g v="PNCT"></g></l></v></tfr></token><token text="которые" id="634754"><tfr rev_id="3642423" t="которые"><v><l id="141203" t="который"><g v="ADJF"></g><g v="Apro"></g><g v="Subx"></g><g v="Anph"></g><g v="plur"></g><g v="nomn"></g></l></v></tfr></token><token text="были" id="634755"><tfr rev_id="1715485" t="были"><v><l id="37265" t="есть"><g v="VERB"></g><g v="impf"></g><g v="intr"></g><g v="plur"></g><g v="past"></g><g v="indc"></g></l></v></tfr></token><token text="до" id="634756"><tfr rev_id="1466871" t="до"><v><l id="85153" t="до"><g v="PREP"></g></l></v></tfr></token><token text="создания" id="634757"><tfr rev_id="4570948" t="создания"><v><l id="328580" t="создание"><g v="NOUN"></g><g v="inan"></g><g v="neut"></g><g v="Inmx"></g><g v="plur"></g><g v="accs"></g></l></v><v><l id="328580" t="создание"><g v="NOUN"></g><g v="inan"></g><g v="neut"></g><g v="Inmx"></g><g v="plur"></g><g v="nomn"></g></l></v><v><l id="328580" t="создание"><g v="NOUN"></g><g v="inan"></g><g v="neut"></g><g v="Inmx"></g><g v="sing"></g><g v="gent"></g></l></v></tfr></token><token text="Таможенного" id="634758"><tfr rev_id="3449696" t="Таможенного"><v><l id="342850" t="таможенный"><g v="ADJF"></g><g v="Qual"></g><g v="masc"></g><g v="sing"></g><g v="gent"></g></l></v><v><l id="342850" t="таможенный"><g v="ADJF"></g><g v="Qual"></g><g v="anim"></g><g v="masc"></g><g v="sing"></g><g v="accs"></g></l></v></tfr></token><token text="союза" id="634759"><tfr rev_id="1466874" t="союза"><v><l id="331314" t="союз"><g v="NOUN"></g><g v="inan"></g><g v="masc"></g><g v="sing"></g><g v="gent"></g></l></v></tfr></token><token text="," id="634760"><tfr rev_id="1466875" t=","><v><l id="0" t=","><g v="PNCT"></g></l></v></tfr></token><token text="мешали" id="634761"><tfr rev_id="1466876" t="мешали"><v><l id="159503" t="мешаю"><g v="VERB"></g><g v="impf"></g><g v="tran"></g><g v="plur"></g><g v="past"></g><g v="indc"></g></l></v><v><l id="159512" t="мешаю"><g v="VERB"></g><g v="impf"></g><g v="intr"></g><g v="plur"></g><g v="past"></g><g v="indc"></g></l></v></tfr></token><token text="сторонам" id="634762"><tfr rev_id="1466877" t="сторонам"><v><l id="336894" t="сторона"><g v="NOUN"></g><g v="inan"></g><g v="femn"></g><g v="plur"></g><g v="datv"></g></l></v></tfr></token><token text="окончательно" id="634763"><tfr rev_id="4239170" t="окончательно"><v><l id="205177" t="окончательно"><g v="ADVB"></g></l></v></tfr></token><token text="решить" id="634764"><tfr rev_id="1466879" t="решить"><v><l id="307397" t="решить"><g v="INFN"></g><g v="perf"></g><g v="tran"></g></l></v></tfr></token><token text="этот" id="634765"><tfr rev_id="4432108" t="этот"><v><l id="386581" t="этот"><g v="ADJF"></g><g v="Subx"></g><g v="Apro"></g><g v="Anph"></g><g v="masc"></g><g v="sing"></g><g v="nomn"></g></l></v><v><l id="386581" t="этот"><g v="ADJF"></g><g v="Subx"></g><g v="Apro"></g><g v="Anph"></g><g v="inan"></g><g v="masc"></g><g v="sing"></g><g v="accs"></g></l></v></tfr></token><token text="вопрос" id="634766"><tfr rev_id="1466881" t="вопрос"><v><l id="50830" t="вопрос"><g v="NOUN"></g><g v="inan"></g><g v="masc"></g><g v="sing"></g><g v="nomn"></g></l></v><v><l id="50830" t="вопрос"><g v="NOUN"></g><g v="inan"></g><g v="masc"></g><g v="sing"></g><g v="accs"></g></l></v></tfr></token><token text="»" id="634767"><tfr rev_id="2444888" t="»"><v><l id="0" t="»"><g v="PNCT"></g></l></v></tfr></token><token text="." id="634768"><tfr rev_id="1466883" t="."><v><l id="0" t="."><g v="PNCT"></g></l></v></tfr></token></tokens></sentence><sentence id="35516"><source>Ситуация некрасивая, однако, уверены эксперты, несмотря на все договорённости, технически поставлять нефть из Казахстана в Белоруссию почти невозможно.</source><tokens><token text="Ситуация" id="634769"><tfr rev_id="1466884" t="Ситуация"><v><l id="321441" t="ситуация"><g v="NOUN"></g><g v="inan"></g><g v="femn"></g><g v="sing"></g><g v="nomn"></g></l></v></tfr></token><token text="некрасивая" id="634770"><tfr rev_id="1466885" t="некрасивая"><v><l id="183555" t="некрасивый"><g v="ADJF"></g><g v="Qual"></g><g v="femn"></g><g v="sing"></g><g v="nomn"></g></l></v></tfr></token><token text="," id="634771"><tfr rev_id="1466886" t=","><v><l id="0" t=","><g v="PNCT"></g></l></v></tfr></token><token text="однако" id="634772"><tfr rev_id="4572808" t="однако"><v><l id="203387" t="однако"><g v="CONJ"></g><g v="Prnt"></g></l></v></tfr></token><token text="," id="634773"><tfr rev_id="1466888" t=","><v><l id="0" t=","><g v="PNCT"></g></l></v></tfr></token><token text="уверены" id="634774"><tfr rev_id="1466889" t="уверены"><v><l id="353446" t="уверен"><g v="PRTS"></g><g v="perf"></g><g v="past"></g><g v="pssv"></g><g v="plur"></g></l></v></tfr></token><token text="эксперты" id="634775"><tfr rev_id="1466890" t="эксперты"><v><l id="383582" t="эксперт"><g v="NOUN"></g><g v="anim"></g><g v="masc"></g><g v="plur"></g><g v="nomn"></g></l></v></tfr></token><token text="," id="634776"><tfr rev_id="1466891" t=","><v><l id="0" t=","><g v="PNCT"></g></l></v></tfr></token><token text="несмотря" id="634777"><tfr rev_id="1466892" t="несмотря"><v><l id="188286" t="несмотря"><g v="PREP"></g></l></v></tfr></token><token text="на" id="634778"><tfr rev_id="3396255" t="на"><v><l id="166264" t="на"><g v="PREP"></g></l></v></tfr></token><token text="все" id="634779"><tfr rev_id="4510331" t="все"><v><l id="42156" t="весь"><g v="ADJF"></g><g v="Subx"></g><g v="Apro"></g><g v="inan"></g><g v="plur"></g><g v="accs"></g></l></v><v><l id="42156" t="весь"><g v="ADJF"></g><g v="Subx"></g><g v="Apro"></g><g v="plur"></g><g v="nomn"></g></l></v></tfr></token><token text="договорённости" id="634780"><tfr rev_id="3758287" t="договорённости"><v><l id="86268" t="договорённость"><g v="NOUN"></g><g v="inan"></g><g v="femn"></g><g v="plur"></g><g v="accs"></g></l></v></tfr></token><token text="," id="634781"><tfr rev_id="1466896" t=","><v><l id="0" t=","><g v="PNCT"></g></l></v></tfr></token><token text="технически" id="634782"><tfr rev_id="1466897" t="технически"><v><l id="345945" t="технически"><g v="ADVB"></g></l></v></tfr></token><token text="поставлять" id="634783"><tfr rev_id="1466898" t="поставлять"><v><l id="262097" t="поставлять"><g v="INFN"></g><g v="impf"></g><g v="tran"></g></l></v></tfr></token><token text="нефть" id="634784"><tfr rev_id="3478072" t="нефть"><v><l id="189857" t="нефть"><g v="NOUN"></g><g v="inan"></g><g v="femn"></g><g v="sing"></g><g v="accs"></g></l></v></tfr></token><token text="из" id="634785"><tfr rev_id="2603084" t="из"><v><l id="117677" t="из"><g v="PREP"></g></l></v></tfr></token><token text="Казахстана" id="634786"><tfr rev_id="1466901" t="Казахстана"><v><l id="127948" t="казахстан"><g v="NOUN"></g><g v="inan"></g><g v="masc"></g><g v="Geox"></g><g v="sing"></g><g v="gent"></g></l></v></tfr></token><token text="в" id="634787"><tfr rev_id="1466902" t="в"><v><l id="37409" t="в"><g v="PREP"></g></l></v></tfr></token><token text="Белоруссию" id="634788"><tfr rev_id="1466903" t="Белоруссию"><v><l id="27216" t="белоруссия"><g v="NOUN"></g><g v="inan"></g><g v="femn"></g><g v="Sgtm"></g><g v="Geox"></g><g v="sing"></g><g v="accs"></g></l></v></tfr></token><token text="почти" id="634789"><tfr rev_id="2691489" t="почти"><v><l id="264793" t="почёл"><g v="VERB"></g><g v="perf"></g><g v="tran"></g><g v="sing"></g><g v="impr"></g><g v="excl"></g></l></v><v><l id="265002" t="почти"><g v="ADVB"></g></l></v><v><l id="265008" t="почтил"><g v="VERB"></g><g v="perf"></g><g v="tran"></g><g v="sing"></g><g v="impr"></g><g v="excl"></g></l></v><v><l id="388672" t="почти"><g v="PRCL"></g></l></v></tfr></token><token text="невозможно" id="634790"><tfr rev_id="1466905" t="невозможно"><v><l id="179947" t="невозможно"><g v="ADVB"></g><g v="Prdx"></g></l></v><v><l id="179950" t="невозможен"><g v="ADJS"></g><g v="Qual"></g><g v="neut"></g><g v="sing"></g></l></v></tfr></token><token text="." id="634791"><tfr rev_id="1466906" t="."><v><l id="0" t="."><g v="PNCT"></g></l></v></tfr></token></tokens></sentence><sentence id="35517"><source>Как пишет «Ъ», без участия России этот процесс неосуществим.</source><tokens><token text="Как" id="634792"><tfr rev_id="1466907" t="Как"><v><l id="128190" t="как"><g v="CONJ"></g></l></v><v><l id="128191" t="как"><g v="PRCL"></g></l></v><v><l id="128192" t="как"><g v="ADVB"></g><g v="Ques"></g></l></v></tfr></token><token text="пишет" id="634793"><tfr rev_id="1466908" t="пишет"><v><l id="239101" t="пишу"><g v="VERB"></g><g v="impf"></g><g v="tran"></g><g v="sing"></g><g v="3per"></g><g v="pres"></g><g v="indc"></g></l></v></tfr></token><token text="«" id="634794"><tfr rev_id="2444889" t="«"><v><l id="0" t="«"><g v="PNCT"></g></l></v></tfr></token><token text="Ъ" id="634795"><tfr rev_id="1466910" t="Ъ"><v><l id="0" t="ъ"><g v="UNKN"></g></l></v></tfr></token><token text="»" id="634796"><tfr rev_id="2444890" t="»"><v><l id="0" t="»"><g v="PNCT"></g></l></v></tfr></token><token text="," id="634797"><tfr rev_id="1466912" t=","><v><l id="0" t=","><g v="PNCT"></g></l></v></tfr></token><token text="без" id="634798"><tfr rev_id="1466913" t="без"><v><l id="25481" t="без"><g v="PREP"></g></l></v></tfr></token><token text="участия" id="634799"><tfr rev_id="3450308" t="участия"><v><l id="363132" t="участие"><g v="NOUN"></g><g v="inan"></g><g v="neut"></g><g v="sing"></g><g v="gent"></g></l></v></tfr></token><token text="России" id="634800"><tfr rev_id="3456840" t="России"><v><l id="309322" t="россия"><g v="NOUN"></g><g v="inan"></g><g v="femn"></g><g v="Sgtm"></g><g v="Geox"></g><g v="sing"></g><g v="gent"></g></l></v></tfr></token><token text="этот" id="634801"><tfr rev_id="4432109" t="этот"><v><l id="386581" t="этот"><g v="ADJF"></g><g v="Subx"></g><g v="Apro"></g><g v="Anph"></g><g v="masc"></g><g v="sing"></g><g v="nomn"></g></l></v><v><l id="386581" t="этот"><g v="ADJF"></g><g v="Subx"></g><g v="Apro"></g><g v="Anph"></g><g v="inan"></g><g v="masc"></g><g v="sing"></g><g v="accs"></g></l></v></tfr></token><token text="процесс" id="634802"><tfr rev_id="3708119" t="процесс"><v><l id="287363" t="процесс"><g v="NOUN"></g><g v="inan"></g><g v="masc"></g><g v="sing"></g><g v="nomn"></g></l></v></tfr></token><token text="неосуществим" id="634803"><tfr rev_id="1466918" t="неосуществим"><v><l id="185282" t="неосуществим"><g v="ADJS"></g><g v="masc"></g><g v="sing"></g></l></v></tfr></token><token text="." id="634804"><tfr rev_id="1466919" t="."><v><l id="0" t="."><g v="PNCT"></g></l></v></tfr></token></tokens></sentence><sentence id="35518"><source>А в нынешних условиях Москва вряд ли станет участвовать в таком транзите.</source><tokens><token text="А" id="634805"><tfr rev_id="1466920" t="А"><v><l id="51" t="а"><g v="CONJ"></g></l></v><v><l id="52" t="а"><g v="INTJ"></g></l></v><v><l id="53" t="а"><g v="PRCL"></g></l></v></tfr></token><token text="в" id="634806"><tfr rev_id="1466921" t="в"><v><l id="37409" t="в"><g v="PREP"></g></l></v></tfr></token><token text="нынешних" id="634807"><tfr rev_id="3646507" t="нынешних"><v><l id="192793" t="нынешний"><g v="ADJF"></g><g v="plur"></g><g v="loct"></g></l></v></tfr></token><token text="условиях" id="634808"><tfr rev_id="1466923" t="условиях"><v><l id="360556" t="условие"><g v="NOUN"></g><g v="inan"></g><g v="neut"></g><g v="plur"></g><g v="loct"></g></l></v></tfr></token><token text="Москва" id="634809"><tfr rev_id="1466924" t="Москва"><v><l id="163901" t="москва"><g v="NOUN"></g><g v="inan"></g><g v="femn"></g><g v="Sgtm"></g><g v="Geox"></g><g v="sing"></g><g v="nomn"></g></l></v></tfr></token><token text="вряд" id="634810"><tfr rev_id="1466925" t="вряд"><v><l id="53258" t="вряд"><g v="ADVB"></g></l></v></tfr></token><token text="ли" id="634811"><tfr rev_id="4468637" t="ли"><v><l id="148847" t="ли"><g v="CONJ"></g></l></v><v><l id="148848" t="ли"><g v="PRCL"></g></l></v></tfr></token><token text="станет" id="634812"><tfr rev_id="1466927" t="станет"><v><l id="335164" t="стал"><g v="VERB"></g><g v="perf"></g><g v="intr"></g><g v="sing"></g><g v="3per"></g><g v="futr"></g><g v="indc"></g></l></v></tfr></token><token text="участвовать" id="634813"><tfr rev_id="1466928" t="участвовать"><v><l id="363128" t="участвовать"><g v="INFN"></g><g v="impf"></g><g v="intr"></g></l></v></tfr></token><token text="в" id="634814"><tfr rev_id="1466929" t="в"><v><l id="37409" t="в"><g v="PREP"></g></l></v></tfr></token><token text="таком" id="634815"><tfr rev_id="3448859" t="таком"><v><l id="342491" t="такой"><g v="ADJF"></g><g v="Apro"></g><g v="masc"></g><g v="sing"></g><g v="loct"></g></l></v></tfr></token><token text="транзите" id="634816"><tfr rev_id="1466931" t="транзите"><v><l id="348943" t="транзит"><g v="NOUN"></g><g v="inan"></g><g v="masc"></g><g v="sing"></g><g v="loct"></g></l></v></tfr></token><token text="." id="634817"><tfr rev_id="1466932" t="."><v><l id="0" t="."><g v="PNCT"></g></l></v></tfr></token></tokens></sentence></paragraph><paragraph id="11266"><sentence id="35519"><source>О причинах и возможных последствиях нового противостояния России и Белоруссии читайте в статье Частного корреспондента «Очередной развод »</source><tokens><token text="О" id="634818"><tfr rev_id="3326702" t="О"><v><l id="192977" t="о"><g v="PREP"></g></l></v></tfr></token><token text="причинах" id="634819"><tfr rev_id="1466934" t="причинах"><v><l id="276522" t="причина"><g v="NOUN"></g><g v="inan"></g><g v="femn"></g><g v="plur"></g><g v="loct"></g></l></v></tfr></token><token text="и" id="634820"><tfr rev_id="1466935" t="и"><v><l id="116949" t="и"><g v="CONJ"></g></l></v><v><l id="116950" t="и"><g v="INTJ"></g></l></v></tfr></token><token text="возможных" id="634821"><tfr rev_id="4356003" t="возможных"><v><l id="49411" t="возможный"><g v="ADJF"></g><g v="Qual"></g><g v="plur"></g><g v="loct"></g></l></v></tfr></token><token text="последствиях" id="634822"><tfr rev_id="1466937" t="последствиях"><v><l id="261587" t="последствие"><g v="NOUN"></g><g v="inan"></g><g v="neut"></g><g v="plur"></g><g v="loct"></g></l></v></tfr></token><token text="нового" id="634823"><tfr rev_id="4309813" t="нового"><v><l id="191918" t="новый"><g v="ADJF"></g><g v="Qual"></g><g v="neut"></g><g v="sing"></g><g v="gent"></g></l></v></tfr></token><token text="противостояния" id="634824"><tfr rev_id="3489945" t="противостояния"><v><l id="286159" t="противостояние"><g v="NOUN"></g><g v="inan"></g><g v="neut"></g><g v="sing"></g><g v="gent"></g></l></v></tfr></token><token text="России" id="634825"><tfr rev_id="2602301" t="России"><v><l id="309322" t="россия"><g v="NOUN"></g><g v="inan"></g><g v="femn"></g><g v="Sgtm"></g><g v="Geox"></g><g v="sing"></g><g v="gent"></g></l></v></tfr></token><token text="и" id="634826"><tfr rev_id="1466941" t="и"><v><l id="116949" t="и"><g v="CONJ"></g></l></v><v><l id="116950" t="и"><g v="INTJ"></g></l></v></tfr></token><token text="Белоруссии" id="634827"><tfr rev_id="3456887" t="Белоруссии"><v><l id="27216" t="белоруссия"><g v="NOUN"></g><g v="inan"></g><g v="femn"></g><g v="Sgtm"></g><g v="Geox"></g><g v="sing"></g><g v="gent"></g></l></v></tfr></token><token text="читайте" id="634828"><tfr rev_id="1466943" t="читайте"><v><l id="376719" t="читаю"><g v="VERB"></g><g v="impf"></g><g v="tran"></g><g v="plur"></g><g v="impr"></g><g v="excl"></g></l></v></tfr></token><token text="в" id="634829"><tfr rev_id="1466944" t="в"><v><l id="37409" t="в"><g v="PREP"></g></l></v></tfr></token><token text="статье" id="634830"><tfr rev_id="3551785" t="статье"><v><l id="335173" t="статья"><g v="NOUN"></g><g v="inan"></g><g v="femn"></g><g v="sing"></g><g v="loct"></g></l></v></tfr></token><token text="Частного" id="634831"><tfr rev_id="4309114" t="Частного"><v><l id="374795" t="частный"><g v="ADJF"></g><g v="Qual"></g><g v="masc"></g><g v="sing"></g><g v="gent"></g></l></v><v><l id="374795" t="частный"><g v="ADJF"></g><g v="Qual"></g><g v="anim"></g><g v="masc"></g><g v="sing"></g><g v="accs"></g></l></v></tfr></token><token text="корреспондента" id="634832"><tfr rev_id="3302618" t="корреспондента"><v><l id="140239" t="корреспондент"><g v="NOUN"></g><g v="anim"></g><g v="masc"></g><g v="sing"></g><g v="gent"></g></l></v></tfr></token><token text="«" id="634833"><tfr rev_id="2444891" t="«"><v><l id="0" t="«"><g v="PNCT"></g></l></v></tfr></token><token text="Очередной" id="634834"><tfr rev_id="2635580" t="Очередной"><v><l id="221690" t="очередной"><g v="ADJF"></g><g v="masc"></g><g v="sing"></g><g v="nomn"></g></l></v><v><l id="221690" t="очередной"><g v="ADJF"></g><g v="inan"></g><g v="masc"></g><g v="sing"></g><g v="accs"></g></l></v></tfr></token><token text="развод" id="634835"><tfr rev_id="1466950" t="развод"><v><l id="292594" t="развод"><g v="NOUN"></g><g v="inan"></g><g v="masc"></g><g v="sing"></g><g v="nomn"></g></l></v><v><l id="292594" t="развод"><g v="NOUN"></g><g v="inan"></g><g v="masc"></g><g v="sing"></g><g v="accs"></g></l></v></tfr></token><token text="»" id="634836"><tfr rev_id="2444892" t="»"><v><l id="0" t="»"><g v="PNCT"></g></l></v></tfr></token></tokens></sentence></paragraph></paragraphs></text>