<?xml version="1.0" encoding="utf-8"?><text parent="226" id="1237" name="23213 Рекорд Владимира Жириновского"><tags><tag>url:http://www.chaskor.ru/news/rekord_vladimira_zhirinovskogo_23213</tag><tag>Год:2011</tag><tag>Дата:27/04</tag><tag>Тема:ЧасКор:Общество</tag><tag>Тема:ЧасКор:Общество/Государство</tag></tags><paragraphs><paragraph id="11409"><sentence id="35999"><source>Рекорд Владимира Жириновского</source><tokens><token text="Рекорд" id="643509"><tfr rev_id="4212119" t="Рекорд"><v><l id="305797" t="рекорд"><g v="NOUN"></g><g v="inan"></g><g v="masc"></g><g v="sing"></g><g v="nomn"></g></l></v></tfr></token><token text="Владимира" id="643510"><tfr rev_id="4410954" t="Владимира"><v><l id="46610" t="владимир"><g v="NOUN"></g><g v="anim"></g><g v="masc"></g><g v="Name"></g><g v="sing"></g><g v="gent"></g></l></v></tfr></token><token text="Жириновского" id="643511"><tfr rev_id="3676124" t="Жириновского"><v><l id="97445" t="жириновский"><g v="NOUN"></g><g v="anim"></g><g v="masc"></g><g v="Sgtm"></g><g v="Surn"></g><g v="sing"></g><g v="gent"></g></l></v></tfr></token></tokens></sentence><sentence id="36000"><source>Лидер ЛДПР пятый раз выдвигается в президенты России.</source><tokens><token text="Лидер" id="643512"><tfr rev_id="1475622" t="Лидер"><v><l id="149007" t="лидер"><g v="NOUN"></g><g v="anim"></g><g v="masc"></g><g v="sing"></g><g v="nomn"></g></l></v></tfr></token><token text="ЛДПР" id="643513"><tfr rev_id="4171221" t="ЛДПР"><v><l id="147263" t="лдпр"><g v="NOUN"></g><g v="inan"></g><g v="femn"></g><g v="Sgtm"></g><g v="Fixd"></g><g v="Abbr"></g><g v="Orgn"></g><g v="sing"></g><g v="gent"></g></l></v></tfr></token><token text="пятый" id="643514"><tfr rev_id="1475624" t="пятый"><v><l id="290439" t="пятый"><g v="ADJF"></g><g v="Anum"></g><g v="masc"></g><g v="sing"></g><g v="nomn"></g></l></v><v><l id="290439" t="пятый"><g v="ADJF"></g><g v="Anum"></g><g v="inan"></g><g v="masc"></g><g v="sing"></g><g v="accs"></g></l></v></tfr></token><token text="раз" id="643515"><tfr rev_id="4509855" t="раз"><v><l id="291500" t="раз"><g v="NOUN"></g><g v="inan"></g><g v="masc"></g><g v="sing"></g><g v="nomn"></g></l></v><v><l id="291500" t="раз"><g v="NOUN"></g><g v="inan"></g><g v="masc"></g><g v="sing"></g><g v="accs"></g></l></v></tfr></token><token text="выдвигается" id="643516"><tfr rev_id="1475626" t="выдвигается"><v><l id="56978" t="выдвигаюсь"><g v="VERB"></g><g v="impf"></g><g v="intr"></g><g v="sing"></g><g v="3per"></g><g v="pres"></g><g v="indc"></g></l></v></tfr></token><token text="в" id="643517"><tfr rev_id="1475627" t="в"><v><l id="37409" t="в"><g v="PREP"></g></l></v></tfr></token><token text="президенты" id="643518"><tfr rev_id="1475628" t="президенты"><v><l id="267449" t="президент"><g v="NOUN"></g><g v="anim"></g><g v="masc"></g><g v="plur"></g><g v="nomn"></g></l></v></tfr></token><token text="России" id="643519"><tfr rev_id="2602213" t="России"><v><l id="309322" t="россия"><g v="NOUN"></g><g v="inan"></g><g v="femn"></g><g v="Sgtm"></g><g v="Geox"></g><g v="sing"></g><g v="gent"></g></l></v></tfr></token><token text="." id="643520"><tfr rev_id="1475630" t="."><v><l id="0" t="."><g v="PNCT"></g></l></v></tfr></token></tokens></sentence></paragraph><paragraph id="11410"><sentence id="36001"><source>Ветеран российских президентских избирательных кампаний, главный либерал-демократ страны вновь намерен попытать удачу в 2012 году.</source><tokens><token text="Ветеран" id="643521"><tfr rev_id="1475631" t="Ветеран"><v><l id="42186" t="ветеран"><g v="NOUN"></g><g v="anim"></g><g v="masc"></g><g v="sing"></g><g v="nomn"></g></l></v></tfr></token><token text="российских" id="643522"><tfr rev_id="3671171" t="российских"><v><l id="309319" t="российский"><g v="ADJF"></g><g v="plur"></g><g v="gent"></g></l></v></tfr></token><token text="президентских" id="643523"><tfr rev_id="4198205" t="президентских"><v><l id="267451" t="президентский"><g v="ADJF"></g><g v="plur"></g><g v="gent"></g></l></v></tfr></token><token text="избирательных" id="643524"><tfr rev_id="4420557" t="избирательных"><v><l id="117814" t="избирательный"><g v="ADJF"></g><g v="Qual"></g><g v="plur"></g><g v="gent"></g></l></v></tfr></token><token text="кампаний" id="643525"><tfr rev_id="1475635" t="кампаний"><v><l id="129077" t="кампания"><g v="NOUN"></g><g v="inan"></g><g v="femn"></g><g v="plur"></g><g v="gent"></g></l></v></tfr></token><token text="," id="643526"><tfr rev_id="1475636" t=","><v><l id="0" t=","><g v="PNCT"></g></l></v></tfr></token><token text="главный" id="643527"><tfr rev_id="1475637" t="главный"><v><l id="70842" t="главный"><g v="ADJF"></g><g v="Qual"></g><g v="masc"></g><g v="sing"></g><g v="nomn"></g></l></v><v><l id="70842" t="главный"><g v="ADJF"></g><g v="Qual"></g><g v="inan"></g><g v="masc"></g><g v="sing"></g><g v="accs"></g></l></v></tfr></token><token text="либерал-демократ" id="643528"><tfr rev_id="3418826" t="либерал-демократ"><v><l id="388795" t="либерал-демократ"><g v="NOUN"></g><g v="anim"></g><g v="masc"></g><g v="sing"></g><g v="nomn"></g></l></v></tfr></token><token text="страны" id="643529"><tfr rev_id="3469652" t="страны"><v><l id="337100" t="страна"><g v="NOUN"></g><g v="inan"></g><g v="femn"></g><g v="sing"></g><g v="gent"></g></l></v></tfr></token><token text="вновь" id="643530"><tfr rev_id="1475640" t="вновь"><v><l id="47640" t="вновь"><g v="ADVB"></g></l></v></tfr></token><token text="намерен" id="643531"><tfr rev_id="1475641" t="намерен"><v><l id="172445" t="намерен"><g v="ADJS"></g><g v="masc"></g><g v="sing"></g></l></v><v><l id="172450" t="намерен"><g v="ADJS"></g><g v="Qual"></g><g v="masc"></g><g v="sing"></g></l></v><v><l id="172473" t="намерен"><g v="PRTS"></g><g v="perf"></g><g v="past"></g><g v="pssv"></g><g v="masc"></g><g v="sing"></g></l></v></tfr></token><token text="попытать" id="643532"><tfr rev_id="1475642" t="попытать"><v><l id="259835" t="попытать"><g v="INFN"></g><g v="perf"></g><g v="tran"></g></l></v></tfr></token><token text="удачу" id="643533"><tfr rev_id="1475643" t="удачу"><v><l id="354721" t="удача"><g v="NOUN"></g><g v="inan"></g><g v="femn"></g><g v="sing"></g><g v="accs"></g></l></v></tfr></token><token text="в" id="643534"><tfr rev_id="1475644" t="в"><v><l id="37409" t="в"><g v="PREP"></g></l></v></tfr></token><token text="2012" id="643535"><tfr rev_id="2462156" t="2012"><v><l id="0" t="2012"><g v="NUMB"></g></l></v></tfr></token><token text="году" id="643536"><tfr rev_id="2964675" t="году"><v><l id="72149" t="год"><g v="NOUN"></g><g v="inan"></g><g v="masc"></g><g v="sing"></g><g v="loc2"></g></l></v></tfr></token><token text="." id="643537"><tfr rev_id="1475647" t="."><v><l id="0" t="."><g v="PNCT"></g></l></v></tfr></token></tokens></sentence><sentence id="36002"><source>«В выборах президента мы будем обязательно принимать участие, потому что если партия не участвует в выборах — это её слабость.</source><tokens><token text="«" id="643538"><tfr rev_id="2445343" t="«"><v><l id="0" t="«"><g v="PNCT"></g></l></v></tfr></token><token text="В" id="643539"><tfr rev_id="1475649" t="В"><v><l id="37409" t="в"><g v="PREP"></g></l></v></tfr></token><token text="выборах" id="643540"><tfr rev_id="4512674" t="выборах"><v><l id="55749" t="выборы"><g v="NOUN"></g><g v="inan"></g><g v="GNdr"></g><g v="Pltm"></g><g v="plur"></g><g v="loct"></g></l></v></tfr></token><token text="президента" id="643541"><tfr rev_id="4397227" t="президента"><v><l id="267449" t="президент"><g v="NOUN"></g><g v="anim"></g><g v="masc"></g><g v="sing"></g><g v="gent"></g></l></v></tfr></token><token text="мы" id="643542"><tfr rev_id="1475652" t="мы"><v><l id="165750" t="мы"><g v="NPRO"></g><g v="1per"></g><g v="plur"></g><g v="nomn"></g></l></v></tfr></token><token text="будем" id="643543"><tfr rev_id="1475653" t="будем"><v><l id="37265" t="есть"><g v="VERB"></g><g v="impf"></g><g v="intr"></g><g v="plur"></g><g v="1per"></g><g v="futr"></g><g v="indc"></g></l></v><v><l id="37265" t="есть"><g v="VERB"></g><g v="impf"></g><g v="intr"></g><g v="sing"></g><g v="impr"></g><g v="incl"></g></l></v></tfr></token><token text="обязательно" id="643544"><tfr rev_id="1475654" t="обязательно"><v><l id="202085" t="обязательно"><g v="ADVB"></g><g v="Prdx"></g></l></v><v><l id="202089" t="обязателен"><g v="ADJS"></g><g v="neut"></g><g v="sing"></g></l></v></tfr></token><token text="принимать" id="643545"><tfr rev_id="1475655" t="принимать"><v><l id="272583" t="принимать"><g v="INFN"></g><g v="impf"></g><g v="tran"></g></l></v></tfr></token><token text="участие" id="643546"><tfr rev_id="4104154" t="участие"><v><l id="363132" t="участие"><g v="NOUN"></g><g v="inan"></g><g v="neut"></g><g v="sing"></g><g v="accs"></g></l></v></tfr></token><token text="," id="643547"><tfr rev_id="1475657" t=","><v><l id="0" t=","><g v="PNCT"></g></l></v></tfr></token><token text="потому" id="643548"><tfr rev_id="1475658" t="потому"><v><l id="263335" t="потому"><g v="ADVB"></g><g v="Dmns"></g></l></v></tfr></token><token text="что" id="643549"><tfr rev_id="3197211" t="что"><v><l id="377004" t="что"><g v="CONJ"></g></l></v><v><l id="377005" t="что"><g v="NPRO"></g><g v="neut"></g><g v="sing"></g><g v="nomn"></g></l></v><v><l id="377005" t="что"><g v="NPRO"></g><g v="neut"></g><g v="sing"></g><g v="accs"></g></l></v><v><l id="377006" t="что"><g v="ADVB"></g><g v="Ques"></g></l></v><v><l id="388695" t="что"><g v="PRCL"></g></l></v></tfr></token><token text="если" id="643550"><tfr rev_id="1475660" t="если"><v><l id="95365" t="если"><g v="CONJ"></g></l></v></tfr></token><token text="партия" id="643551"><tfr rev_id="1475661" t="партия"><v><l id="224431" t="партия"><g v="NOUN"></g><g v="inan"></g><g v="femn"></g><g v="sing"></g><g v="nomn"></g></l></v></tfr></token><token text="не" id="643552"><tfr rev_id="1475662" t="не"><v><l id="178876" t="не"><g v="PRCL"></g></l></v></tfr></token><token text="участвует" id="643553"><tfr rev_id="1475663" t="участвует"><v><l id="363127" t="участвую"><g v="VERB"></g><g v="impf"></g><g v="intr"></g><g v="sing"></g><g v="3per"></g><g v="pres"></g><g v="indc"></g></l></v></tfr></token><token text="в" id="643554"><tfr rev_id="1475664" t="в"><v><l id="37409" t="в"><g v="PREP"></g></l></v></tfr></token><token text="выборах" id="643555"><tfr rev_id="1475665" t="выборах"><v><l id="55719" t="выбор"><g v="NOUN"></g><g v="inan"></g><g v="masc"></g><g v="plur"></g><g v="loct"></g></l></v><v><l id="55749" t="выборы"><g v="NOUN"></g><g v="inan"></g><g v="GNdr"></g><g v="Pltm"></g><g v="plur"></g><g v="loct"></g></l></v></tfr></token><token text="—" id="643556"><tfr rev_id="2445344" t="—"><v><l id="0" t="—"><g v="PNCT"></g></l></v></tfr></token><token text="это" id="643557"><tfr rev_id="4342828" t="это"><v><l id="386575" t="это"><g v="NPRO"></g><g v="neut"></g><g v="sing"></g><g v="nomn"></g></l></v><v><l id="386575" t="это"><g v="NPRO"></g><g v="neut"></g><g v="sing"></g><g v="accs"></g></l></v></tfr></token><token text="её" id="643558"><tfr rev_id="4457285" t="её"><v><l id="94433" t="её"><g v="ADJF"></g><g v="Fixd"></g><g v="Apro"></g><g v="Anph"></g><g v="femn"></g><g v="sing"></g><g v="nomn"></g></l></v><v><l id="94433" t="её"><g v="ADJF"></g><g v="Fixd"></g><g v="Apro"></g><g v="Anph"></g><g v="femn"></g><g v="sing"></g><g v="gent"></g></l></v><v><l id="94433" t="её"><g v="ADJF"></g><g v="Fixd"></g><g v="Apro"></g><g v="Anph"></g><g v="femn"></g><g v="sing"></g><g v="datv"></g></l></v><v><l id="94433" t="её"><g v="ADJF"></g><g v="Fixd"></g><g v="Apro"></g><g v="Anph"></g><g v="femn"></g><g v="sing"></g><g v="accs"></g></l></v><v><l id="94433" t="её"><g v="ADJF"></g><g v="Fixd"></g><g v="Apro"></g><g v="Anph"></g><g v="femn"></g><g v="sing"></g><g v="ablt"></g></l></v><v><l id="94433" t="её"><g v="ADJF"></g><g v="Fixd"></g><g v="Apro"></g><g v="Anph"></g><g v="femn"></g><g v="sing"></g><g v="loct"></g></l></v></tfr></token><token text="слабость" id="643559"><tfr rev_id="1475669" t="слабость"><v><l id="324340" t="слабость"><g v="NOUN"></g><g v="inan"></g><g v="femn"></g><g v="sing"></g><g v="nomn"></g></l></v><v><l id="324340" t="слабость"><g v="NOUN"></g><g v="inan"></g><g v="femn"></g><g v="sing"></g><g v="accs"></g></l></v></tfr></token><token text="." id="643560"><tfr rev_id="1475670" t="."><v><l id="0" t="."><g v="PNCT"></g></l></v></tfr></token></tokens></sentence><sentence id="36003"><source>Как может партия не участвовать в выборах?</source><tokens><token text="Как" id="643561"><tfr rev_id="1475671" t="Как"><v><l id="128190" t="как"><g v="CONJ"></g></l></v><v><l id="128191" t="как"><g v="PRCL"></g></l></v><v><l id="128192" t="как"><g v="ADVB"></g><g v="Ques"></g></l></v></tfr></token><token text="может" id="643562"><tfr rev_id="4229819" t="может"><v><l id="164485" t="могу"><g v="VERB"></g><g v="impf"></g><g v="intr"></g><g v="sing"></g><g v="3per"></g><g v="pres"></g><g v="indc"></g></l></v></tfr></token><token text="партия" id="643563"><tfr rev_id="1475673" t="партия"><v><l id="224431" t="партия"><g v="NOUN"></g><g v="inan"></g><g v="femn"></g><g v="sing"></g><g v="nomn"></g></l></v></tfr></token><token text="не" id="643564"><tfr rev_id="1475674" t="не"><v><l id="178876" t="не"><g v="PRCL"></g></l></v></tfr></token><token text="участвовать" id="643565"><tfr rev_id="1475675" t="участвовать"><v><l id="363128" t="участвовать"><g v="INFN"></g><g v="impf"></g><g v="intr"></g></l></v></tfr></token><token text="в" id="643566"><tfr rev_id="1475676" t="в"><v><l id="37409" t="в"><g v="PREP"></g></l></v></tfr></token><token text="выборах" id="643567"><tfr rev_id="1475677" t="выборах"><v><l id="55719" t="выбор"><g v="NOUN"></g><g v="inan"></g><g v="masc"></g><g v="plur"></g><g v="loct"></g></l></v><v><l id="55749" t="выборы"><g v="NOUN"></g><g v="inan"></g><g v="GNdr"></g><g v="Pltm"></g><g v="plur"></g><g v="loct"></g></l></v></tfr></token><token text="?" id="643568"><tfr rev_id="1475678" t="?"><v><l id="0" t="?"><g v="PNCT"></g></l></v></tfr></token></tokens></sentence><sentence id="36004"><source>Поэтому пойдём.</source><tokens><token text="Поэтому" id="643569"><tfr rev_id="1475679" t="Поэтому"><v><l id="265490" t="поэтому"><g v="ADVB"></g></l></v></tfr></token><token text="пойдём" id="643570"><tfr rev_id="1475680" t="пойдём"><v><l id="253964" t="пошёл"><g v="VERB"></g><g v="perf"></g><g v="intr"></g><g v="plur"></g><g v="1per"></g><g v="futr"></g><g v="indc"></g></l></v><v><l id="253964" t="пошёл"><g v="VERB"></g><g v="perf"></g><g v="intr"></g><g v="sing"></g><g v="impr"></g><g v="incl"></g></l></v></tfr></token><token text="." id="643571"><tfr rev_id="1475681" t="."><v><l id="0" t="."><g v="PNCT"></g></l></v></tfr></token></tokens></sentence><sentence id="36005"><source>Расклад будет, я думаю, такой: кто-то от Кремля, от КПРФ, от ЛДПР.</source><tokens><token text="Расклад" id="643572"><tfr rev_id="1475682" t="Расклад"><v><l id="298441" t="расклад"><g v="NOUN"></g><g v="inan"></g><g v="masc"></g><g v="sing"></g><g v="nomn"></g></l></v><v><l id="298441" t="расклад"><g v="NOUN"></g><g v="inan"></g><g v="masc"></g><g v="sing"></g><g v="accs"></g></l></v></tfr></token><token text="будет" id="643573"><tfr rev_id="1475683" t="будет"><v><l id="37265" t="есть"><g v="VERB"></g><g v="impf"></g><g v="intr"></g><g v="sing"></g><g v="3per"></g><g v="futr"></g><g v="indc"></g></l></v></tfr></token><token text="," id="643574"><tfr rev_id="1475684" t=","><v><l id="0" t=","><g v="PNCT"></g></l></v></tfr></token><token text="я" id="643575"><tfr rev_id="1475685" t="я"><v><l id="387317" t="я"><g v="NPRO"></g><g v="1per"></g><g v="sing"></g><g v="nomn"></g></l></v></tfr></token><token text="думаю" id="643576"><tfr rev_id="1475686" t="думаю"><v><l id="92996" t="думаю"><g v="VERB"></g><g v="impf"></g><g v="tran"></g><g v="sing"></g><g v="1per"></g><g v="pres"></g><g v="indc"></g></l></v><v><l id="93001" t="думаю"><g v="VERB"></g><g v="impf"></g><g v="intr"></g><g v="sing"></g><g v="1per"></g><g v="pres"></g><g v="indc"></g></l></v></tfr></token><token text="," id="643577"><tfr rev_id="1475687" t=","><v><l id="0" t=","><g v="PNCT"></g></l></v></tfr></token><token text="такой" id="643578"><tfr rev_id="2635599" t="такой"><v><l id="342491" t="такой"><g v="ADJF"></g><g v="Apro"></g><g v="masc"></g><g v="sing"></g><g v="nomn"></g></l></v><v><l id="342491" t="такой"><g v="ADJF"></g><g v="Apro"></g><g v="inan"></g><g v="masc"></g><g v="sing"></g><g v="accs"></g></l></v></tfr></token><token text=":" id="643579"><tfr rev_id="1475689" t=":"><v><l id="0" t=":"><g v="PNCT"></g></l></v></tfr></token><token text="кто-то" id="643580"><tfr rev_id="1475690" t="кто-то"><v><l id="144219" t="кто-то"><g v="NPRO"></g><g v="masc"></g><g v="sing"></g><g v="nomn"></g></l></v></tfr></token><token text="от" id="643581"><tfr rev_id="1475691" t="от"><v><l id="211644" t="от"><g v="PREP"></g></l></v></tfr></token><token text="Кремля" id="643582"><tfr rev_id="1475692" t="Кремля"><v><l id="142282" t="кремль"><g v="NOUN"></g><g v="inan"></g><g v="masc"></g><g v="sing"></g><g v="gent"></g></l></v></tfr></token><token text="," id="643583"><tfr rev_id="1475693" t=","><v><l id="0" t=","><g v="PNCT"></g></l></v></tfr></token><token text="от" id="643584"><tfr rev_id="1475694" t="от"><v><l id="211644" t="от"><g v="PREP"></g></l></v></tfr></token><token text="КПРФ" id="643585"><tfr rev_id="3484391" t="КПРФ"><v><l id="141449" t="кпрф"><g v="NOUN"></g><g v="inan"></g><g v="femn"></g><g v="Sgtm"></g><g v="Fixd"></g><g v="Abbr"></g><g v="Orgn"></g><g v="sing"></g><g v="gent"></g></l></v></tfr></token><token text="," id="643586"><tfr rev_id="1475696" t=","><v><l id="0" t=","><g v="PNCT"></g></l></v></tfr></token><token text="от" id="643587"><tfr rev_id="1475697" t="от"><v><l id="211644" t="от"><g v="PREP"></g></l></v></tfr></token><token text="ЛДПР" id="643588"><tfr rev_id="3509309" t="ЛДПР"><v><l id="147263" t="лдпр"><g v="NOUN"></g><g v="inan"></g><g v="femn"></g><g v="Sgtm"></g><g v="Fixd"></g><g v="Abbr"></g><g v="Orgn"></g><g v="sing"></g><g v="gent"></g></l></v></tfr></token><token text="." id="643589"><tfr rev_id="1475699" t="."><v><l id="0" t="."><g v="PNCT"></g></l></v></tfr></token></tokens></sentence><sentence id="36006"><source>Могут четвёртого запустить от «Справедливой России».</source><tokens><token text="Могут" id="643590"><tfr rev_id="1475700" t="Могут"><v><l id="164485" t="могу"><g v="VERB"></g><g v="impf"></g><g v="intr"></g><g v="plur"></g><g v="3per"></g><g v="pres"></g><g v="indc"></g></l></v></tfr></token><token text="четвёртого" id="643591"><tfr rev_id="3408103" t="четвёртого"><v><l id="376074" t="четвёртый"><g v="ADJF"></g><g v="Anum"></g><g v="masc"></g><g v="sing"></g><g v="gent"></g></l></v><v><l id="376074" t="четвёртый"><g v="ADJF"></g><g v="Anum"></g><g v="anim"></g><g v="masc"></g><g v="sing"></g><g v="accs"></g></l></v></tfr></token><token text="запустить" id="643592"><tfr rev_id="1475702" t="запустить"><v><l id="108327" t="запустить"><g v="INFN"></g><g v="perf"></g><g v="tran"></g></l></v></tfr></token><token text="от" id="643593"><tfr rev_id="1475703" t="от"><v><l id="211644" t="от"><g v="PREP"></g></l></v></tfr></token><token text="«" id="643594"><tfr rev_id="2445345" t="«"><v><l id="0" t="«"><g v="PNCT"></g></l></v></tfr></token><token text="Справедливой" id="643595"><tfr rev_id="3301393" t="Справедливой"><v><l id="332889" t="справедливый"><g v="ADJF"></g><g v="Qual"></g><g v="femn"></g><g v="sing"></g><g v="gent"></g></l></v></tfr></token><token text="России" id="643596"><tfr rev_id="2782033" t="России"><v><l id="309322" t="россия"><g v="NOUN"></g><g v="inan"></g><g v="femn"></g><g v="Sgtm"></g><g v="Geox"></g><g v="sing"></g><g v="gent"></g></l></v></tfr></token><token text="»" id="643597"><tfr rev_id="2445346" t="»"><v><l id="0" t="»"><g v="PNCT"></g></l></v></tfr></token><token text="." id="643598"><tfr rev_id="1475708" t="."><v><l id="0" t="."><g v="PNCT"></g></l></v></tfr></token></tokens></sentence><sentence id="36007"><source>От ЛДПР сам пойду»,</source><tokens><token text="От" id="643599"><tfr rev_id="1475709" t="От"><v><l id="211644" t="от"><g v="PREP"></g></l></v></tfr></token><token text="ЛДПР" id="643600"><tfr rev_id="4098595" t="ЛДПР"><v><l id="147263" t="лдпр"><g v="NOUN"></g><g v="inan"></g><g v="femn"></g><g v="Sgtm"></g><g v="Fixd"></g><g v="Abbr"></g><g v="Orgn"></g><g v="sing"></g><g v="gent"></g></l></v></tfr></token><token text="сам" id="643601"><tfr rev_id="1475711" t="сам"><v><l id="312034" t="сам"><g v="ADJF"></g><g v="Apro"></g><g v="masc"></g><g v="sing"></g><g v="nomn"></g></l></v><v><l id="312034" t="сам"><g v="ADJF"></g><g v="Apro"></g><g v="inan"></g><g v="masc"></g><g v="sing"></g><g v="accs"></g></l></v></tfr></token><token text="пойду" id="643602"><tfr rev_id="1475712" t="пойду"><v><l id="253964" t="пошёл"><g v="VERB"></g><g v="perf"></g><g v="intr"></g><g v="sing"></g><g v="1per"></g><g v="futr"></g><g v="indc"></g></l></v></tfr></token><token text="»" id="643603"><tfr rev_id="2445347" t="»"><v><l id="0" t="»"><g v="PNCT"></g></l></v></tfr></token><token text="," id="643604"><tfr rev_id="1475714" t=","><v><l id="0" t=","><g v="PNCT"></g></l></v></tfr></token></tokens></sentence><sentence id="36008"><source>— цитирует РИА «Новости» Владимира Жириновского.</source><tokens><token text="—" id="643605"><tfr rev_id="2445348" t="—"><v><l id="0" t="—"><g v="PNCT"></g></l></v></tfr></token><token text="цитирует" id="643606"><tfr rev_id="1475716" t="цитирует"><v><l id="374102" t="цитирую"><g v="VERB"></g><g v="impf"></g><g v="tran"></g><g v="sing"></g><g v="3per"></g><g v="pres"></g><g v="indc"></g></l></v></tfr></token><token text="РИА" id="643607"><tfr rev_id="4138929" t="РИА"><v><l id="307554" t="риа"><g v="NOUN"></g><g v="inan"></g><g v="neut"></g><g v="Sgtm"></g><g v="Fixd"></g><g v="Abbr"></g><g v="Orgn"></g><g v="sing"></g><g v="nomn"></g></l></v></tfr></token><token text="«" id="643608"><tfr rev_id="2445349" t="«"><v><l id="0" t="«"><g v="PNCT"></g></l></v></tfr></token><token text="Новости" id="643609"><tfr rev_id="3796414" t="Новости"><v><l id="191855" t="новость"><g v="NOUN"></g><g v="inan"></g><g v="femn"></g><g v="plur"></g><g v="nomn"></g></l></v></tfr></token><token text="»" id="643610"><tfr rev_id="2445350" t="»"><v><l id="0" t="»"><g v="PNCT"></g></l></v></tfr></token><token text="Владимира" id="643611"><tfr rev_id="4461863" t="Владимира"><v><l id="46610" t="владимир"><g v="NOUN"></g><g v="anim"></g><g v="masc"></g><g v="Name"></g><g v="sing"></g><g v="accs"></g></l></v></tfr></token><token text="Жириновского" id="643612"><tfr rev_id="4363779" t="Жириновского"><v><l id="97445" t="жириновский"><g v="NOUN"></g><g v="anim"></g><g v="masc"></g><g v="Sgtm"></g><g v="Surn"></g><g v="sing"></g><g v="accs"></g></l></v></tfr></token><token text="." id="643613"><tfr rev_id="1475723" t="."><v><l id="0" t="."><g v="PNCT"></g></l></v></tfr></token></tokens></sentence></paragraph><paragraph id="11411"><sentence id="36009"><source>Руководитель фракции ЛДПР в Госдуме Игорь Лебедев уверен, что Жириновский может получить третье место по итогам президентской гонки.</source><tokens><token text="Руководитель" id="643614"><tfr rev_id="1475724" t="Руководитель"><v><l id="309980" t="руководитель"><g v="NOUN"></g><g v="anim"></g><g v="masc"></g><g v="sing"></g><g v="nomn"></g></l></v></tfr></token><token text="фракции" id="643615"><tfr rev_id="4314057" t="фракции"><v><l id="367943" t="фракция"><g v="NOUN"></g><g v="inan"></g><g v="femn"></g><g v="sing"></g><g v="gent"></g></l></v></tfr></token><token text="ЛДПР" id="643616"><tfr rev_id="3657473" t="ЛДПР"><v><l id="147263" t="лдпр"><g v="NOUN"></g><g v="inan"></g><g v="femn"></g><g v="Sgtm"></g><g v="Fixd"></g><g v="Abbr"></g><g v="Orgn"></g><g v="sing"></g><g v="gent"></g></l></v></tfr></token><token text="в" id="643617"><tfr rev_id="1475727" t="в"><v><l id="37409" t="в"><g v="PREP"></g></l></v></tfr></token><token text="Госдуме" id="643618"><tfr rev_id="3500446" t="Госдуме"><v><l id="73922" t="госдума"><g v="NOUN"></g><g v="inan"></g><g v="femn"></g><g v="Orgn"></g><g v="Sgtm"></g><g v="sing"></g><g v="loct"></g></l></v></tfr></token><token text="Игорь" id="643619"><tfr rev_id="1475729" t="Игорь"><v><l id="117290" t="игорь"><g v="NOUN"></g><g v="anim"></g><g v="masc"></g><g v="Name"></g><g v="sing"></g><g v="nomn"></g></l></v></tfr></token><token text="Лебедев" id="643620"><tfr rev_id="1475730" t="Лебедев"><v><l id="147287" t="лебедев"><g v="NOUN"></g><g v="anim"></g><g v="masc"></g><g v="Sgtm"></g><g v="Surn"></g><g v="sing"></g><g v="nomn"></g></l></v></tfr></token><token text="уверен" id="643621"><tfr rev_id="1475731" t="уверен"><v><l id="353438" t="уверен"><g v="ADJS"></g><g v="Qual"></g><g v="masc"></g><g v="sing"></g></l></v><v><l id="353446" t="уверен"><g v="PRTS"></g><g v="perf"></g><g v="past"></g><g v="pssv"></g><g v="masc"></g><g v="sing"></g></l></v></tfr></token><token text="," id="643622"><tfr rev_id="1475732" t=","><v><l id="0" t=","><g v="PNCT"></g></l></v></tfr></token><token text="что" id="643623"><tfr rev_id="3197212" t="что"><v><l id="377004" t="что"><g v="CONJ"></g></l></v><v><l id="377005" t="что"><g v="NPRO"></g><g v="neut"></g><g v="sing"></g><g v="nomn"></g></l></v><v><l id="377005" t="что"><g v="NPRO"></g><g v="neut"></g><g v="sing"></g><g v="accs"></g></l></v><v><l id="377006" t="что"><g v="ADVB"></g><g v="Ques"></g></l></v><v><l id="388695" t="что"><g v="PRCL"></g></l></v></tfr></token><token text="Жириновский" id="643624"><tfr rev_id="1475734" t="Жириновский"><v><l id="97445" t="жириновский"><g v="NOUN"></g><g v="anim"></g><g v="masc"></g><g v="Sgtm"></g><g v="Surn"></g><g v="sing"></g><g v="nomn"></g></l></v></tfr></token><token text="может" id="643625"><tfr rev_id="3797135" t="может"><v><l id="164485" t="могу"><g v="VERB"></g><g v="impf"></g><g v="intr"></g><g v="sing"></g><g v="3per"></g><g v="pres"></g><g v="indc"></g></l></v></tfr></token><token text="получить" id="643626"><tfr rev_id="1475736" t="получить"><v><l id="256960" t="получить"><g v="INFN"></g><g v="perf"></g><g v="tran"></g></l></v></tfr></token><token text="третье" id="643627"><tfr rev_id="4406889" t="третье"><v><l id="349855" t="третий"><g v="ADJF"></g><g v="Anum"></g><g v="neut"></g><g v="sing"></g><g v="accs"></g></l></v></tfr></token><token text="место" id="643628"><tfr rev_id="3543989" t="место"><v><l id="158822" t="место"><g v="NOUN"></g><g v="inan"></g><g v="neut"></g><g v="sing"></g><g v="accs"></g></l></v></tfr></token><token text="по" id="643629"><tfr rev_id="1475739" t="по"><v><l id="241240" t="по"><g v="PREP"></g></l></v></tfr></token><token text="итогам" id="643630"><tfr rev_id="1475740" t="итогам"><v><l id="127141" t="итог"><g v="NOUN"></g><g v="inan"></g><g v="masc"></g><g v="plur"></g><g v="datv"></g></l></v></tfr></token><token text="президентской" id="643631"><tfr rev_id="4417594" t="президентской"><v><l id="267451" t="президентский"><g v="ADJF"></g><g v="femn"></g><g v="sing"></g><g v="gent"></g></l></v></tfr></token><token text="гонки" id="643632"><tfr rev_id="4209144" t="гонки"><v><l id="72927" t="гонка"><g v="NOUN"></g><g v="inan"></g><g v="femn"></g><g v="sing"></g><g v="gent"></g></l></v></tfr></token><token text="." id="643633"><tfr rev_id="1475743" t="."><v><l id="0" t="."><g v="PNCT"></g></l></v></tfr></token></tokens></sentence><sentence id="36010"><source>«Если будет один кандидат от власти, то у нас будет третье место после представителя партии власти и коммунистов.</source><tokens><token text="«" id="643634"><tfr rev_id="2445351" t="«"><v><l id="0" t="«"><g v="PNCT"></g></l></v></tfr></token><token text="Если" id="643635"><tfr rev_id="1475745" t="Если"><v><l id="95365" t="если"><g v="CONJ"></g></l></v></tfr></token><token text="будет" id="643636"><tfr rev_id="1475746" t="будет"><v><l id="37265" t="есть"><g v="VERB"></g><g v="impf"></g><g v="intr"></g><g v="sing"></g><g v="3per"></g><g v="futr"></g><g v="indc"></g></l></v></tfr></token><token text="один" id="643637"><tfr rev_id="4299673" t="один"><v><l id="203319" t="один"><g v="ADJF"></g><g v="Apro"></g><g v="Anum"></g><g v="masc"></g><g v="sing"></g><g v="nomn"></g></l></v><v><l id="203319" t="один"><g v="ADJF"></g><g v="Apro"></g><g v="Anum"></g><g v="inan"></g><g v="masc"></g><g v="sing"></g><g v="accs"></g></l></v></tfr></token><token text="кандидат" id="643638"><tfr rev_id="1475748" t="кандидат"><v><l id="129326" t="кандидат"><g v="NOUN"></g><g v="anim"></g><g v="masc"></g><g v="sing"></g><g v="nomn"></g></l></v></tfr></token><token text="от" id="643639"><tfr rev_id="1475749" t="от"><v><l id="211644" t="от"><g v="PREP"></g></l></v></tfr></token><token text="власти" id="643640"><tfr rev_id="4174664" t="власти"><v><l id="46816" t="власть"><g v="NOUN"></g><g v="inan"></g><g v="femn"></g><g v="sing"></g><g v="gent"></g></l></v></tfr></token><token text="," id="643641"><tfr rev_id="1475751" t=","><v><l id="0" t=","><g v="PNCT"></g></l></v></tfr></token><token text="то" id="643642"><tfr rev_id="3777596" t="то"><v><l id="346835" t="то"><g v="CONJ"></g></l></v><v><l id="346836" t="то"><g v="PRCL"></g></l></v><v><l id="348430" t="тот"><g v="ADJF"></g><g v="Subx"></g><g v="Apro"></g><g v="Anph"></g><g v="neut"></g><g v="sing"></g><g v="nomn"></g></l></v><v><l id="348430" t="тот"><g v="ADJF"></g><g v="Subx"></g><g v="Apro"></g><g v="Anph"></g><g v="neut"></g><g v="sing"></g><g v="accs"></g></l></v></tfr></token><token text="у" id="643643"><tfr rev_id="3282840" t="у"><v><l id="352818" t="у"><g v="PREP"></g></l></v></tfr></token><token text="нас" id="643644"><tfr rev_id="3499141" t="нас"><v><l id="165750" t="мы"><g v="NPRO"></g><g v="1per"></g><g v="plur"></g><g v="gent"></g></l></v></tfr></token><token text="будет" id="643645"><tfr rev_id="1475755" t="будет"><v><l id="37265" t="есть"><g v="VERB"></g><g v="impf"></g><g v="intr"></g><g v="sing"></g><g v="3per"></g><g v="futr"></g><g v="indc"></g></l></v></tfr></token><token text="третье" id="643646"><tfr rev_id="4406901" t="третье"><v><l id="349855" t="третий"><g v="ADJF"></g><g v="Anum"></g><g v="neut"></g><g v="sing"></g><g v="nomn"></g></l></v></tfr></token><token text="место" id="643647"><tfr rev_id="3272583" t="место"><v><l id="158822" t="место"><g v="NOUN"></g><g v="inan"></g><g v="neut"></g><g v="sing"></g><g v="nomn"></g></l></v></tfr></token><token text="после" id="643648"><tfr rev_id="4406423" t="после"><v><l id="261542" t="после"><g v="PREP"></g></l></v></tfr></token><token text="представителя" id="643649"><tfr rev_id="4215515" t="представителя"><v><l id="267083" t="представитель"><g v="NOUN"></g><g v="anim"></g><g v="masc"></g><g v="sing"></g><g v="gent"></g></l></v></tfr></token><token text="партии" id="643650"><tfr rev_id="4180082" t="партии"><v><l id="224431" t="партия"><g v="NOUN"></g><g v="inan"></g><g v="femn"></g><g v="sing"></g><g v="gent"></g></l></v></tfr></token><token text="власти" id="643651"><tfr rev_id="4179929" t="власти"><v><l id="46816" t="власть"><g v="NOUN"></g><g v="inan"></g><g v="femn"></g><g v="sing"></g><g v="gent"></g></l></v></tfr></token><token text="и" id="643652"><tfr rev_id="3712334" t="и"><v><l id="116949" t="и"><g v="CONJ"></g></l></v></tfr></token><token text="коммунистов" id="643653"><tfr rev_id="3704533" t="коммунистов"><v><l id="137053" t="коммунист"><g v="NOUN"></g><g v="anim"></g><g v="masc"></g><g v="plur"></g><g v="gent"></g></l></v></tfr></token><token text="." id="643654"><tfr rev_id="1475764" t="."><v><l id="0" t="."><g v="PNCT"></g></l></v></tfr></token></tokens></sentence><sentence id="36011"><source>Что касается думской федеральной кампании, то у ЛДПР как минимум третье место после партии власти и КПРФ.</source><tokens><token text="Что" id="643655"><tfr rev_id="3197213" t="Что"><v><l id="377004" t="что"><g v="CONJ"></g></l></v><v><l id="377005" t="что"><g v="NPRO"></g><g v="neut"></g><g v="sing"></g><g v="nomn"></g></l></v><v><l id="377005" t="что"><g v="NPRO"></g><g v="neut"></g><g v="sing"></g><g v="accs"></g></l></v><v><l id="377006" t="что"><g v="ADVB"></g><g v="Ques"></g></l></v><v><l id="388695" t="что"><g v="PRCL"></g></l></v></tfr></token><token text="касается" id="643656"><tfr rev_id="1475766" t="касается"><v><l id="130961" t="касаюсь"><g v="VERB"></g><g v="impf"></g><g v="intr"></g><g v="sing"></g><g v="3per"></g><g v="pres"></g><g v="indc"></g></l></v></tfr></token><token text="думской" id="643657"><tfr rev_id="3284644" t="думской"><v><l id="93022" t="думский"><g v="ADJF"></g><g v="femn"></g><g v="sing"></g><g v="gent"></g></l></v></tfr></token><token text="федеральной" id="643658"><tfr rev_id="4315190" t="федеральной"><v><l id="364933" t="федеральный"><g v="ADJF"></g><g v="femn"></g><g v="sing"></g><g v="gent"></g></l></v></tfr></token><token text="кампании" id="643659"><tfr rev_id="3495127" t="кампании"><v><l id="129077" t="кампания"><g v="NOUN"></g><g v="inan"></g><g v="femn"></g><g v="sing"></g><g v="gent"></g></l></v><v><l id="129077" t="кампания"><g v="NOUN"></g><g v="inan"></g><g v="femn"></g><g v="sing"></g><g v="datv"></g></l></v><v><l id="129077" t="кампания"><g v="NOUN"></g><g v="inan"></g><g v="femn"></g><g v="sing"></g><g v="loct"></g></l></v><v><l id="129078" t="кампания"><g v="NOUN"></g><g v="inan"></g><g v="femn"></g><g v="Sgtm"></g><g v="Geox"></g><g v="sing"></g><g v="gent"></g></l></v><v><l id="129078" t="кампания"><g v="NOUN"></g><g v="inan"></g><g v="femn"></g><g v="Sgtm"></g><g v="Geox"></g><g v="sing"></g><g v="datv"></g></l></v><v><l id="129078" t="кампания"><g v="NOUN"></g><g v="inan"></g><g v="femn"></g><g v="Sgtm"></g><g v="Geox"></g><g v="sing"></g><g v="loct"></g></l></v></tfr></token><token text="," id="643660"><tfr rev_id="1475770" t=","><v><l id="0" t=","><g v="PNCT"></g></l></v></tfr></token><token text="то" id="643661"><tfr rev_id="4425063" t="то"><v><l id="346835" t="то"><g v="CONJ"></g></l></v></tfr></token><token text="у" id="643662"><tfr rev_id="3328241" t="у"><v><l id="352818" t="у"><g v="PREP"></g></l></v></tfr></token><token text="ЛДПР" id="643663"><tfr rev_id="4138268" t="ЛДПР"><v><l id="147263" t="лдпр"><g v="NOUN"></g><g v="inan"></g><g v="femn"></g><g v="Sgtm"></g><g v="Fixd"></g><g v="Abbr"></g><g v="Orgn"></g><g v="sing"></g><g v="gent"></g></l></v></tfr></token><token text="как" id="643664"><tfr rev_id="1475774" t="как"><v><l id="128190" t="как"><g v="CONJ"></g></l></v><v><l id="128191" t="как"><g v="PRCL"></g></l></v><v><l id="128192" t="как"><g v="ADVB"></g><g v="Ques"></g></l></v></tfr></token><token text="минимум" id="643665"><tfr rev_id="2690788" t="минимум"><v><l id="160582" t="минимум"><g v="NOUN"></g><g v="inan"></g><g v="masc"></g><g v="sing"></g><g v="nomn"></g></l></v><v><l id="160582" t="минимум"><g v="NOUN"></g><g v="inan"></g><g v="masc"></g><g v="sing"></g><g v="accs"></g></l></v><v><l id="388667" t="минимум"><g v="PRCL"></g></l></v></tfr></token><token text="третье" id="643666"><tfr rev_id="4154154" t="третье"><v><l id="349855" t="третий"><g v="ADJF"></g><g v="Anum"></g><g v="neut"></g><g v="sing"></g><g v="nomn"></g></l></v><v><l id="349855" t="третий"><g v="ADJF"></g><g v="Anum"></g><g v="neut"></g><g v="sing"></g><g v="accs"></g></l></v></tfr></token><token text="место" id="643667"><tfr rev_id="3503264" t="место"><v><l id="158822" t="место"><g v="NOUN"></g><g v="inan"></g><g v="neut"></g><g v="sing"></g><g v="nomn"></g></l></v></tfr></token><token text="после" id="643668"><tfr rev_id="4455958" t="после"><v><l id="261542" t="после"><g v="PREP"></g></l></v></tfr></token><token text="партии" id="643669"><tfr rev_id="4280888" t="партии"><v><l id="224431" t="партия"><g v="NOUN"></g><g v="inan"></g><g v="femn"></g><g v="sing"></g><g v="gent"></g></l></v></tfr></token><token text="власти" id="643670"><tfr rev_id="3487435" t="власти"><v><l id="46816" t="власть"><g v="NOUN"></g><g v="inan"></g><g v="femn"></g><g v="sing"></g><g v="gent"></g></l></v><v><l id="46816" t="власть"><g v="NOUN"></g><g v="inan"></g><g v="femn"></g><g v="sing"></g><g v="datv"></g></l></v><v><l id="46816" t="власть"><g v="NOUN"></g><g v="inan"></g><g v="femn"></g><g v="sing"></g><g v="loct"></g></l></v></tfr></token><token text="и" id="643671"><tfr rev_id="1475781" t="и"><v><l id="116949" t="и"><g v="CONJ"></g></l></v><v><l id="116950" t="и"><g v="INTJ"></g></l></v></tfr></token><token text="КПРФ" id="643672"><tfr rev_id="3657331" t="КПРФ"><v><l id="141449" t="кпрф"><g v="NOUN"></g><g v="inan"></g><g v="femn"></g><g v="Sgtm"></g><g v="Fixd"></g><g v="Abbr"></g><g v="Orgn"></g><g v="sing"></g><g v="gent"></g></l></v></tfr></token><token text="." id="643673"><tfr rev_id="1475783" t="."><v><l id="0" t="."><g v="PNCT"></g></l></v></tfr></token></tokens></sentence><sentence id="36012"><source>Если эсеры никакого лидера себе до выборов не найдут и будут в том виде, в котором они сейчас, то даже прохождение в Думу у них под большим знаком вопроса.</source><tokens><token text="Если" id="643674"><tfr rev_id="1475784" t="Если"><v><l id="95365" t="если"><g v="CONJ"></g></l></v></tfr></token><token text="эсеры" id="643675"><tfr rev_id="1475785" t="эсеры"><v><l id="386182" t="эсер"><g v="NOUN"></g><g v="anim"></g><g v="masc"></g><g v="plur"></g><g v="nomn"></g></l></v></tfr></token><token text="никакого" id="643676"><tfr rev_id="4165161" t="никакого"><v><l id="190841" t="никакой"><g v="ADJF"></g><g v="Apro"></g><g v="masc"></g><g v="sing"></g><g v="gent"></g></l></v><v><l id="190841" t="никакой"><g v="ADJF"></g><g v="Apro"></g><g v="anim"></g><g v="masc"></g><g v="sing"></g><g v="accs"></g></l></v></tfr></token><token text="лидера" id="643677"><tfr rev_id="2931321" t="лидера"><v><l id="149007" t="лидер"><g v="NOUN"></g><g v="anim"></g><g v="masc"></g><g v="sing"></g><g v="accs"></g></l></v></tfr></token><token text="себе" id="643678"><tfr rev_id="4399402" t="себе"><v><l id="317456" t="себя"><g v="NPRO"></g><g v="Anph"></g><g v="sing"></g><g v="datv"></g></l></v></tfr></token><token text="до" id="643679"><tfr rev_id="1475789" t="до"><v><l id="85153" t="до"><g v="PREP"></g></l></v></tfr></token><token text="выборов" id="643680"><tfr rev_id="1475790" t="выборов"><v><l id="55719" t="выбор"><g v="NOUN"></g><g v="inan"></g><g v="masc"></g><g v="plur"></g><g v="gent"></g></l></v><v><l id="55749" t="выборы"><g v="NOUN"></g><g v="inan"></g><g v="GNdr"></g><g v="Pltm"></g><g v="plur"></g><g v="gent"></g></l></v></tfr></token><token text="не" id="643681"><tfr rev_id="1475791" t="не"><v><l id="178876" t="не"><g v="PRCL"></g></l></v></tfr></token><token text="найдут" id="643682"><tfr rev_id="1475792" t="найдут"><v><l id="170611" t="нашёл"><g v="VERB"></g><g v="perf"></g><g v="tran"></g><g v="plur"></g><g v="3per"></g><g v="futr"></g><g v="indc"></g></l></v></tfr></token><token text="и" id="643683"><tfr rev_id="1475793" t="и"><v><l id="116949" t="и"><g v="CONJ"></g></l></v><v><l id="116950" t="и"><g v="INTJ"></g></l></v></tfr></token><token text="будут" id="643684"><tfr rev_id="1475794" t="будут"><v><l id="37265" t="есть"><g v="VERB"></g><g v="impf"></g><g v="intr"></g><g v="plur"></g><g v="3per"></g><g v="futr"></g><g v="indc"></g></l></v></tfr></token><token text="в" id="643685"><tfr rev_id="1475795" t="в"><v><l id="37409" t="в"><g v="PREP"></g></l></v></tfr></token><token text="том" id="643686"><tfr rev_id="4376060" t="том"><v><l id="348430" t="тот"><g v="ADJF"></g><g v="Subx"></g><g v="Apro"></g><g v="Anph"></g><g v="masc"></g><g v="sing"></g><g v="loct"></g></l></v></tfr></token><token text="виде" id="643687"><tfr rev_id="1475797" t="виде"><v><l id="44437" t="вид"><g v="NOUN"></g><g v="inan"></g><g v="masc"></g><g v="sing"></g><g v="loc1"></g></l></v></tfr></token><token text="," id="643688"><tfr rev_id="1475798" t=","><v><l id="0" t=","><g v="PNCT"></g></l></v></tfr></token><token text="в" id="643689"><tfr rev_id="1475799" t="в"><v><l id="37409" t="в"><g v="PREP"></g></l></v></tfr></token><token text="котором" id="643690"><tfr rev_id="4373316" t="котором"><v><l id="141203" t="который"><g v="ADJF"></g><g v="Apro"></g><g v="Subx"></g><g v="Anph"></g><g v="masc"></g><g v="sing"></g><g v="loct"></g></l></v></tfr></token><token text="они" id="643691"><tfr rev_id="3599415" t="они"><v><l id="206619" t="они"><g v="NPRO"></g><g v="3per"></g><g v="Anph"></g><g v="plur"></g><g v="nomn"></g></l></v></tfr></token><token text="сейчас" id="643692"><tfr rev_id="1475802" t="сейчас"><v><l id="317975" t="сейчас"><g v="ADVB"></g></l></v></tfr></token><token text="," id="643693"><tfr rev_id="1475803" t=","><v><l id="0" t=","><g v="PNCT"></g></l></v></tfr></token><token text="то" id="643694"><tfr rev_id="3777598" t="то"><v><l id="346835" t="то"><g v="CONJ"></g></l></v><v><l id="346836" t="то"><g v="PRCL"></g></l></v><v><l id="348430" t="тот"><g v="ADJF"></g><g v="Subx"></g><g v="Apro"></g><g v="Anph"></g><g v="neut"></g><g v="sing"></g><g v="nomn"></g></l></v><v><l id="348430" t="тот"><g v="ADJF"></g><g v="Subx"></g><g v="Apro"></g><g v="Anph"></g><g v="neut"></g><g v="sing"></g><g v="accs"></g></l></v></tfr></token><token text="даже" id="643695"><tfr rev_id="4079150" t="даже"><v><l id="77849" t="даже"><g v="PRCL"></g></l></v></tfr></token><token text="прохождение" id="643696"><tfr rev_id="1475806" t="прохождение"><v><l id="287208" t="прохождение"><g v="NOUN"></g><g v="inan"></g><g v="neut"></g><g v="sing"></g><g v="nomn"></g></l></v><v><l id="287208" t="прохождение"><g v="NOUN"></g><g v="inan"></g><g v="neut"></g><g v="sing"></g><g v="accs"></g></l></v></tfr></token><token text="в" id="643697"><tfr rev_id="1475807" t="в"><v><l id="37409" t="в"><g v="PREP"></g></l></v></tfr></token><token text="Думу" id="643698"><tfr rev_id="1475808" t="Думу"><v><l id="92991" t="дума"><g v="NOUN"></g><g v="inan"></g><g v="femn"></g><g v="sing"></g><g v="accs"></g></l></v></tfr></token><token text="у" id="643699"><tfr rev_id="2781402" t="у"><v><l id="352818" t="у"><g v="PREP"></g></l></v></tfr></token><token text="них" id="643700"><tfr rev_id="3711636" t="них"><v><l id="206619" t="они"><g v="NPRO"></g><g v="3per"></g><g v="Anph"></g><g v="plur"></g><g v="gent"></g><g v="Af-p"></g></l></v></tfr></token><token text="под" id="643701"><tfr rev_id="2603656" t="под"><v><l id="243755" t="под"><g v="PREP"></g></l></v></tfr></token><token text="большим" id="643702"><tfr rev_id="4534073" t="большим"><v><l id="32439" t="больший"><g v="ADJF"></g><g v="Qual"></g><g v="masc"></g><g v="sing"></g><g v="ablt"></g></l></v><v><l id="32445" t="большой"><g v="ADJF"></g><g v="Qual"></g><g v="masc"></g><g v="sing"></g><g v="ablt"></g></l></v></tfr></token><token text="знаком" id="643703"><tfr rev_id="3704369" t="знаком"><v><l id="115903" t="знак"><g v="NOUN"></g><g v="inan"></g><g v="masc"></g><g v="sing"></g><g v="ablt"></g></l></v></tfr></token><token text="вопроса" id="643704"><tfr rev_id="1475814" t="вопроса"><v><l id="50830" t="вопрос"><g v="NOUN"></g><g v="inan"></g><g v="masc"></g><g v="sing"></g><g v="gent"></g></l></v></tfr></token><token text="." id="643705"><tfr rev_id="1475815" t="."><v><l id="0" t="."><g v="PNCT"></g></l></v></tfr></token></tokens></sentence><sentence id="36013"><source>Поэтому у нас минимум третье место, а возможно, даже есть шанс, что в части субъектов мы коммунистов опередим»,</source><tokens><token text="Поэтому" id="643706"><tfr rev_id="1475816" t="Поэтому"><v><l id="265490" t="поэтому"><g v="ADVB"></g></l></v></tfr></token><token text="у" id="643707"><tfr rev_id="3328160" t="у"><v><l id="352818" t="у"><g v="PREP"></g></l></v></tfr></token><token text="нас" id="643708"><tfr rev_id="3697804" t="нас"><v><l id="165750" t="мы"><g v="NPRO"></g><g v="1per"></g><g v="plur"></g><g v="gent"></g></l></v></tfr></token><token text="минимум" id="643709"><tfr rev_id="2690789" t="минимум"><v><l id="160582" t="минимум"><g v="NOUN"></g><g v="inan"></g><g v="masc"></g><g v="sing"></g><g v="nomn"></g></l></v><v><l id="160582" t="минимум"><g v="NOUN"></g><g v="inan"></g><g v="masc"></g><g v="sing"></g><g v="accs"></g></l></v><v><l id="388667" t="минимум"><g v="PRCL"></g></l></v></tfr></token><token text="третье" id="643710"><tfr rev_id="4154155" t="третье"><v><l id="349855" t="третий"><g v="ADJF"></g><g v="Anum"></g><g v="neut"></g><g v="sing"></g><g v="nomn"></g></l></v><v><l id="349855" t="третий"><g v="ADJF"></g><g v="Anum"></g><g v="neut"></g><g v="sing"></g><g v="accs"></g></l></v></tfr></token><token text="место" id="643711"><tfr rev_id="4106870" t="место"><v><l id="158822" t="место"><g v="NOUN"></g><g v="inan"></g><g v="neut"></g><g v="sing"></g><g v="nomn"></g></l></v></tfr></token><token text="," id="643712"><tfr rev_id="1475822" t=","><v><l id="0" t=","><g v="PNCT"></g></l></v></tfr></token><token text="а" id="643713"><tfr rev_id="3411372" t="а"><v><l id="51" t="а"><g v="CONJ"></g></l></v></tfr></token><token text="возможно" id="643714"><tfr rev_id="1475824" t="возможно"><v><l id="49408" t="возможно"><g v="ADVB"></g><g v="Prdx"></g></l></v><v><l id="49409" t="возможно"><g v="CONJ"></g><g v="Prnt"></g></l></v><v><l id="49413" t="возможен"><g v="ADJS"></g><g v="Qual"></g><g v="neut"></g><g v="sing"></g></l></v></tfr></token><token text="," id="643715"><tfr rev_id="1475825" t=","><v><l id="0" t=","><g v="PNCT"></g></l></v></tfr></token><token text="даже" id="643716"><tfr rev_id="4079151" t="даже"><v><l id="77849" t="даже"><g v="PRCL"></g></l></v></tfr></token><token text="есть" id="643717"><tfr rev_id="4388025" t="есть"><v><l id="37265" t="есть"><g v="VERB"></g><g v="impf"></g><g v="intr"></g><g v="sing"></g><g v="3per"></g><g v="pres"></g><g v="indc"></g></l></v><v><l id="37265" t="есть"><g v="VERB"></g><g v="impf"></g><g v="intr"></g><g v="plur"></g><g v="3per"></g><g v="pres"></g><g v="indc"></g></l></v></tfr></token><token text="шанс" id="643718"><tfr rev_id="3679138" t="шанс"><v><l id="378026" t="шанс"><g v="NOUN"></g><g v="inan"></g><g v="masc"></g><g v="sing"></g><g v="nomn"></g></l></v></tfr></token><token text="," id="643719"><tfr rev_id="1475829" t=","><v><l id="0" t=","><g v="PNCT"></g></l></v></tfr></token><token text="что" id="643720"><tfr rev_id="3197214" t="что"><v><l id="377004" t="что"><g v="CONJ"></g></l></v><v><l id="377005" t="что"><g v="NPRO"></g><g v="neut"></g><g v="sing"></g><g v="nomn"></g></l></v><v><l id="377005" t="что"><g v="NPRO"></g><g v="neut"></g><g v="sing"></g><g v="accs"></g></l></v><v><l id="377006" t="что"><g v="ADVB"></g><g v="Ques"></g></l></v><v><l id="388695" t="что"><g v="PRCL"></g></l></v></tfr></token><token text="в" id="643721"><tfr rev_id="1475831" t="в"><v><l id="37409" t="в"><g v="PREP"></g></l></v></tfr></token><token text="части" id="643722"><tfr rev_id="3546469" t="части"><v><l id="374820" t="часть"><g v="NOUN"></g><g v="inan"></g><g v="femn"></g><g v="sing"></g><g v="gent"></g></l></v><v><l id="374820" t="часть"><g v="NOUN"></g><g v="inan"></g><g v="femn"></g><g v="sing"></g><g v="datv"></g></l></v><v><l id="374820" t="часть"><g v="NOUN"></g><g v="inan"></g><g v="femn"></g><g v="sing"></g><g v="loct"></g></l></v></tfr></token><token text="субъектов" id="643723"><tfr rev_id="4331064" t="субъектов"><v><l id="338833" t="субъект"><g v="NOUN"></g><g v="inan"></g><g v="masc"></g><g v="plur"></g><g v="gent"></g></l></v></tfr></token><token text="мы" id="643724"><tfr rev_id="1475834" t="мы"><v><l id="165750" t="мы"><g v="NPRO"></g><g v="1per"></g><g v="plur"></g><g v="nomn"></g></l></v></tfr></token><token text="коммунистов" id="643725"><tfr rev_id="3538155" t="коммунистов"><v><l id="137053" t="коммунист"><g v="NOUN"></g><g v="anim"></g><g v="masc"></g><g v="plur"></g><g v="accs"></g></l></v></tfr></token><token text="опередим" id="643726"><tfr rev_id="1475836" t="опередим"><v><l id="206958" t="опередил"><g v="VERB"></g><g v="perf"></g><g v="tran"></g><g v="plur"></g><g v="1per"></g><g v="futr"></g><g v="indc"></g></l></v><v><l id="206958" t="опередил"><g v="VERB"></g><g v="perf"></g><g v="tran"></g><g v="sing"></g><g v="impr"></g><g v="incl"></g></l></v></tfr></token><token text="»" id="643727"><tfr rev_id="2445352" t="»"><v><l id="0" t="»"><g v="PNCT"></g></l></v></tfr></token><token text="," id="643728"><tfr rev_id="1475838" t=","><v><l id="0" t=","><g v="PNCT"></g></l></v></tfr></token></tokens></sentence><sentence id="36014"><source>— отметил руководитель фракции ЛДПР.</source><tokens><token text="—" id="643729"><tfr rev_id="2445353" t="—"><v><l id="0" t="—"><g v="PNCT"></g></l></v></tfr></token><token text="отметил" id="643730"><tfr rev_id="1475840" t="отметил"><v><l id="215584" t="отметил"><g v="VERB"></g><g v="perf"></g><g v="tran"></g><g v="masc"></g><g v="sing"></g><g v="past"></g><g v="indc"></g></l></v></tfr></token><token text="руководитель" id="643731"><tfr rev_id="1475841" t="руководитель"><v><l id="309980" t="руководитель"><g v="NOUN"></g><g v="anim"></g><g v="masc"></g><g v="sing"></g><g v="nomn"></g></l></v></tfr></token><token text="фракции" id="643732"><tfr rev_id="3494385" t="фракции"><v><l id="367943" t="фракция"><g v="NOUN"></g><g v="inan"></g><g v="femn"></g><g v="sing"></g><g v="gent"></g></l></v><v><l id="367943" t="фракция"><g v="NOUN"></g><g v="inan"></g><g v="femn"></g><g v="sing"></g><g v="datv"></g></l></v><v><l id="367943" t="фракция"><g v="NOUN"></g><g v="inan"></g><g v="femn"></g><g v="sing"></g><g v="loct"></g></l></v></tfr></token><token text="ЛДПР" id="643733"><tfr rev_id="3498954" t="ЛДПР"><v><l id="147263" t="лдпр"><g v="NOUN"></g><g v="inan"></g><g v="femn"></g><g v="Sgtm"></g><g v="Fixd"></g><g v="Abbr"></g><g v="Orgn"></g><g v="sing"></g><g v="gent"></g></l></v></tfr></token><token text="." id="643734"><tfr rev_id="1475844" t="."><v><l id="0" t="."><g v="PNCT"></g></l></v></tfr></token></tokens></sentence></paragraph><paragraph id="11412"><sentence id="36015"><source>Стоит отметить, что Владимир Жириновский является рекордсменом по участию в президентских выборах.</source><tokens><token text="Стоит" id="643735"><tfr rev_id="1475845" t="Стоит"><v><l id="336464" t="стою"><g v="VERB"></g><g v="impf"></g><g v="tran"></g><g v="sing"></g><g v="3per"></g><g v="pres"></g><g v="indc"></g></l></v><v><l id="336469" t="стоило"><g v="VERB"></g><g v="impf"></g><g v="intr"></g><g v="Impe"></g><g v="sing"></g><g v="pres"></g><g v="indc"></g></l></v><v><l id="336980" t="стою"><g v="VERB"></g><g v="impf"></g><g v="intr"></g><g v="sing"></g><g v="3per"></g><g v="pres"></g><g v="indc"></g></l></v></tfr></token><token text="отметить" id="643736"><tfr rev_id="1475846" t="отметить"><v><l id="215585" t="отметить"><g v="INFN"></g><g v="perf"></g><g v="tran"></g></l></v></tfr></token><token text="," id="643737"><tfr rev_id="1475847" t=","><v><l id="0" t=","><g v="PNCT"></g></l></v></tfr></token><token text="что" id="643738"><tfr rev_id="3197215" t="что"><v><l id="377004" t="что"><g v="CONJ"></g></l></v><v><l id="377005" t="что"><g v="NPRO"></g><g v="neut"></g><g v="sing"></g><g v="nomn"></g></l></v><v><l id="377005" t="что"><g v="NPRO"></g><g v="neut"></g><g v="sing"></g><g v="accs"></g></l></v><v><l id="377006" t="что"><g v="ADVB"></g><g v="Ques"></g></l></v><v><l id="388695" t="что"><g v="PRCL"></g></l></v></tfr></token><token text="Владимир" id="643739"><tfr rev_id="3492946" t="Владимир"><v><l id="46610" t="владимир"><g v="NOUN"></g><g v="anim"></g><g v="masc"></g><g v="Name"></g><g v="sing"></g><g v="nomn"></g></l></v></tfr></token><token text="Жириновский" id="643740"><tfr rev_id="1475850" t="Жириновский"><v><l id="97445" t="жириновский"><g v="NOUN"></g><g v="anim"></g><g v="masc"></g><g v="Sgtm"></g><g v="Surn"></g><g v="sing"></g><g v="nomn"></g></l></v></tfr></token><token text="является" id="643741"><tfr rev_id="1475851" t="является"><v><l id="387385" t="являюсь"><g v="VERB"></g><g v="impf"></g><g v="intr"></g><g v="sing"></g><g v="3per"></g><g v="pres"></g><g v="indc"></g></l></v></tfr></token><token text="рекордсменом" id="643742"><tfr rev_id="1475852" t="рекордсменом"><v><l id="305807" t="рекордсмен"><g v="NOUN"></g><g v="anim"></g><g v="masc"></g><g v="sing"></g><g v="ablt"></g></l></v></tfr></token><token text="по" id="643743"><tfr rev_id="1475853" t="по"><v><l id="241240" t="по"><g v="PREP"></g></l></v></tfr></token><token text="участию" id="643744"><tfr rev_id="1475854" t="участию"><v><l id="363132" t="участие"><g v="NOUN"></g><g v="inan"></g><g v="neut"></g><g v="sing"></g><g v="datv"></g></l></v></tfr></token><token text="в" id="643745"><tfr rev_id="1475855" t="в"><v><l id="37409" t="в"><g v="PREP"></g></l></v></tfr></token><token text="президентских" id="643746"><tfr rev_id="4356834" t="президентских"><v><l id="267451" t="президентский"><g v="ADJF"></g><g v="plur"></g><g v="loct"></g></l></v></tfr></token><token text="выборах" id="643747"><tfr rev_id="1475857" t="выборах"><v><l id="55719" t="выбор"><g v="NOUN"></g><g v="inan"></g><g v="masc"></g><g v="plur"></g><g v="loct"></g></l></v><v><l id="55749" t="выборы"><g v="NOUN"></g><g v="inan"></g><g v="GNdr"></g><g v="Pltm"></g><g v="plur"></g><g v="loct"></g></l></v></tfr></token><token text="." id="643748"><tfr rev_id="1475858" t="."><v><l id="0" t="."><g v="PNCT"></g></l></v></tfr></token></tokens></sentence><sentence id="36016"><source>Начиная с 1991 года он четыре раза баллотировался на высший пост в стране, но ни разу не набрал больше 10%.</source><tokens><token text="Начиная" id="643749"><tfr rev_id="1475859" t="Начиная"><v><l id="178346" t="начиная"><g v="GRND"></g><g v="impf"></g><g v="tran"></g><g v="pres"></g></l></v></tfr></token><token text="с" id="643750"><tfr rev_id="1475860" t="с"><v><l id="311151" t="с"><g v="PREP"></g></l></v></tfr></token><token text="1991" id="643751"><tfr rev_id="2462157" t="1991"><v><l id="0" t="1991"><g v="NUMB"></g></l></v></tfr></token><token text="года" id="643752"><tfr rev_id="3465168" t="года"><v><l id="72149" t="год"><g v="NOUN"></g><g v="inan"></g><g v="masc"></g><g v="sing"></g><g v="gen1"></g></l></v></tfr></token><token text="он" id="643753"><tfr rev_id="3575697" t="он"><v><l id="206541" t="он"><g v="NPRO"></g><g v="masc"></g><g v="3per"></g><g v="Anph"></g><g v="sing"></g><g v="nomn"></g></l></v></tfr></token><token text="четыре" id="643754"><tfr rev_id="1475864" t="четыре"><v><l id="376181" t="четыре"><g v="NUMR"></g><g v="nomn"></g></l></v><v><l id="376181" t="четыре"><g v="NUMR"></g><g v="inan"></g><g v="accs"></g></l></v></tfr></token><token text="раза" id="643755"><tfr rev_id="3421618" t="раза"><v><l id="291500" t="раз"><g v="NOUN"></g><g v="inan"></g><g v="masc"></g><g v="sing"></g><g v="gen1"></g></l></v></tfr></token><token text="баллотировался" id="643756"><tfr rev_id="1475866" t="баллотировался"><v><l id="23218" t="баллотируюсь"><g v="VERB"></g><g v="impf"></g><g v="intr"></g><g v="masc"></g><g v="sing"></g><g v="past"></g><g v="indc"></g></l></v></tfr></token><token text="на" id="643757"><tfr rev_id="3396284" t="на"><v><l id="166264" t="на"><g v="PREP"></g></l></v></tfr></token><token text="высший" id="643758"><tfr rev_id="1475868" t="высший"><v><l id="62141" t="высший"><g v="ADJF"></g><g v="Supr"></g><g v="Qual"></g><g v="masc"></g><g v="sing"></g><g v="nomn"></g></l></v><v><l id="62141" t="высший"><g v="ADJF"></g><g v="Supr"></g><g v="Qual"></g><g v="inan"></g><g v="masc"></g><g v="sing"></g><g v="accs"></g></l></v></tfr></token><token text="пост" id="643759"><tfr rev_id="4093060" t="пост"><v><l id="262073" t="пост"><g v="NOUN"></g><g v="inan"></g><g v="masc"></g><g v="sing"></g><g v="accs"></g></l></v></tfr></token><token text="в" id="643760"><tfr rev_id="1475870" t="в"><v><l id="37409" t="в"><g v="PREP"></g></l></v></tfr></token><token text="стране" id="643761"><tfr rev_id="3500420" t="стране"><v><l id="337100" t="страна"><g v="NOUN"></g><g v="inan"></g><g v="femn"></g><g v="sing"></g><g v="loct"></g></l></v></tfr></token><token text="," id="643762"><tfr rev_id="1475872" t=","><v><l id="0" t=","><g v="PNCT"></g></l></v></tfr></token><token text="но" id="643763"><tfr rev_id="3411089" t="но"><v><l id="191429" t="но"><g v="CONJ"></g></l></v></tfr></token><token text="ни" id="643764"><tfr rev_id="1475874" t="ни"><v><l id="190307" t="ни"><g v="CONJ"></g></l></v><v><l id="190308" t="ни"><g v="PRCL"></g></l></v></tfr></token><token text="разу" id="643765"><tfr rev_id="4391058" t="разу"><v><l id="291500" t="раз"><g v="NOUN"></g><g v="inan"></g><g v="masc"></g><g v="sing"></g><g v="gen2"></g></l></v></tfr></token><token text="не" id="643766"><tfr rev_id="1475876" t="не"><v><l id="178876" t="не"><g v="PRCL"></g></l></v></tfr></token><token text="набрал" id="643767"><tfr rev_id="1475877" t="набрал"><v><l id="166662" t="набрал"><g v="VERB"></g><g v="perf"></g><g v="tran"></g><g v="masc"></g><g v="sing"></g><g v="past"></g><g v="indc"></g></l></v></tfr></token><token text="больше" id="643768"><tfr rev_id="2558487" t="больше"><v><l id="32325" t="больше"><g v="ADVB"></g></l></v><v><l id="32447" t="больше"><g v="COMP"></g><g v="Qual"></g></l></v></tfr></token><token text="10" id="643769"><tfr rev_id="2462158" t="10"><v><l id="0" t="10"><g v="NUMB"></g></l></v></tfr></token><token text="%" id="643770"><tfr rev_id="2445354" t="%"><v><l id="0" t="%"><g v="PNCT"></g></l></v></tfr></token><token text="." id="643771"><tfr rev_id="1475881" t="."><v><l id="0" t="."><g v="PNCT"></g></l></v></tfr></token></tokens></sentence><sentence id="36017"><source>В 2004 году Жириновский отказался от участия в выборах, как и представители некоторых других оппозиционных партий.</source><tokens><token text="В" id="643772"><tfr rev_id="1475882" t="В"><v><l id="37409" t="в"><g v="PREP"></g></l></v></tfr></token><token text="2004" id="643773"><tfr rev_id="2462159" t="2004"><v><l id="0" t="2004"><g v="NUMB"></g></l></v></tfr></token><token text="году" id="643774"><tfr rev_id="2827620" t="году"><v><l id="72149" t="год"><g v="NOUN"></g><g v="inan"></g><g v="masc"></g><g v="sing"></g><g v="loc2"></g></l></v></tfr></token><token text="Жириновский" id="643775"><tfr rev_id="1475885" t="Жириновский"><v><l id="97445" t="жириновский"><g v="NOUN"></g><g v="anim"></g><g v="masc"></g><g v="Sgtm"></g><g v="Surn"></g><g v="sing"></g><g v="nomn"></g></l></v></tfr></token><token text="отказался" id="643776"><tfr rev_id="1475886" t="отказался"><v><l id="213938" t="отказался"><g v="VERB"></g><g v="perf"></g><g v="intr"></g><g v="masc"></g><g v="sing"></g><g v="past"></g><g v="indc"></g></l></v></tfr></token><token text="от" id="643777"><tfr rev_id="1475887" t="от"><v><l id="211644" t="от"><g v="PREP"></g></l></v></tfr></token><token text="участия" id="643778"><tfr rev_id="3483928" t="участия"><v><l id="363132" t="участие"><g v="NOUN"></g><g v="inan"></g><g v="neut"></g><g v="sing"></g><g v="gent"></g></l></v></tfr></token><token text="в" id="643779"><tfr rev_id="1475889" t="в"><v><l id="37409" t="в"><g v="PREP"></g></l></v></tfr></token><token text="выборах" id="643780"><tfr rev_id="1475890" t="выборах"><v><l id="55719" t="выбор"><g v="NOUN"></g><g v="inan"></g><g v="masc"></g><g v="plur"></g><g v="loct"></g></l></v><v><l id="55749" t="выборы"><g v="NOUN"></g><g v="inan"></g><g v="GNdr"></g><g v="Pltm"></g><g v="plur"></g><g v="loct"></g></l></v></tfr></token><token text="," id="643781"><tfr rev_id="1475891" t=","><v><l id="0" t=","><g v="PNCT"></g></l></v></tfr></token><token text="как" id="643782"><tfr rev_id="1475892" t="как"><v><l id="128190" t="как"><g v="CONJ"></g></l></v><v><l id="128191" t="как"><g v="PRCL"></g></l></v><v><l id="128192" t="как"><g v="ADVB"></g><g v="Ques"></g></l></v></tfr></token><token text="и" id="643783"><tfr rev_id="1475893" t="и"><v><l id="116949" t="и"><g v="CONJ"></g></l></v><v><l id="116950" t="и"><g v="INTJ"></g></l></v></tfr></token><token text="представители" id="643784"><tfr rev_id="1475894" t="представители"><v><l id="267083" t="представитель"><g v="NOUN"></g><g v="anim"></g><g v="masc"></g><g v="plur"></g><g v="nomn"></g></l></v></tfr></token><token text="некоторых" id="643785"><tfr rev_id="3885023" t="некоторых"><v><l id="183542" t="некоторый"><g v="ADJF"></g><g v="Apro"></g><g v="plur"></g><g v="gent"></g></l></v><v><l id="183542" t="некоторый"><g v="ADJF"></g><g v="Apro"></g><g v="anim"></g><g v="plur"></g><g v="accs"></g></l></v><v><l id="183542" t="некоторый"><g v="ADJF"></g><g v="Apro"></g><g v="plur"></g><g v="loct"></g></l></v></tfr></token><token text="других" id="643786"><tfr rev_id="3562124" t="других"><v><l id="92342" t="другой"><g v="ADJF"></g><g v="Apro"></g><g v="Subx"></g><g v="plur"></g><g v="gent"></g></l></v><v><l id="92342" t="другой"><g v="ADJF"></g><g v="Apro"></g><g v="Subx"></g><g v="anim"></g><g v="plur"></g><g v="accs"></g></l></v><v><l id="92342" t="другой"><g v="ADJF"></g><g v="Apro"></g><g v="Subx"></g><g v="plur"></g><g v="loct"></g></l></v></tfr></token><token text="оппозиционных" id="643787"><tfr rev_id="3532471" t="оппозиционных"><v><l id="207892" t="оппозиционный"><g v="ADJF"></g><g v="plur"></g><g v="gent"></g></l></v></tfr></token><token text="партий" id="643788"><tfr rev_id="1475898" t="партий"><v><l id="224431" t="партия"><g v="NOUN"></g><g v="inan"></g><g v="femn"></g><g v="plur"></g><g v="gent"></g></l></v></tfr></token><token text="." id="643789"><tfr rev_id="1475899" t="."><v><l id="0" t="."><g v="PNCT"></g></l></v></tfr></token></tokens></sentence><sentence id="36018"><source>Тогда от ЛДПР в голосовании принимал участие Олег Малышкин, занявший четвёртое место и опередивший лишь Сергея Миронова.</source><tokens><token text="Тогда" id="643790"><tfr rev_id="1475900" t="Тогда"><v><l id="346921" t="тогда"><g v="ADVB"></g><g v="Dmns"></g></l></v></tfr></token><token text="от" id="643791"><tfr rev_id="1475901" t="от"><v><l id="211644" t="от"><g v="PREP"></g></l></v></tfr></token><token text="ЛДПР" id="643792"><tfr rev_id="3496488" t="ЛДПР"><v><l id="147263" t="лдпр"><g v="NOUN"></g><g v="inan"></g><g v="femn"></g><g v="Sgtm"></g><g v="Fixd"></g><g v="Abbr"></g><g v="Orgn"></g><g v="sing"></g><g v="gent"></g></l></v></tfr></token><token text="в" id="643793"><tfr rev_id="1475903" t="в"><v><l id="37409" t="в"><g v="PREP"></g></l></v></tfr></token><token text="голосовании" id="643794"><tfr rev_id="1475904" t="голосовании"><v><l id="72508" t="голосование"><g v="NOUN"></g><g v="inan"></g><g v="neut"></g><g v="sing"></g><g v="loct"></g></l></v></tfr></token><token text="принимал" id="643795"><tfr rev_id="1475905" t="принимал"><v><l id="272582" t="принимаю"><g v="VERB"></g><g v="impf"></g><g v="tran"></g><g v="masc"></g><g v="sing"></g><g v="past"></g><g v="indc"></g></l></v></tfr></token><token text="участие" id="643796"><tfr rev_id="1475906" t="участие"><v><l id="363132" t="участие"><g v="NOUN"></g><g v="inan"></g><g v="neut"></g><g v="sing"></g><g v="nomn"></g></l></v><v><l id="363132" t="участие"><g v="NOUN"></g><g v="inan"></g><g v="neut"></g><g v="sing"></g><g v="accs"></g></l></v></tfr></token><token text="Олег" id="643797"><tfr rev_id="1475907" t="Олег"><v><l id="205971" t="олег"><g v="NOUN"></g><g v="anim"></g><g v="masc"></g><g v="Name"></g><g v="sing"></g><g v="nomn"></g></l></v></tfr></token><token text="Малышкин" id="643798"><tfr rev_id="1475908" t="Малышкин"><v><l id="0" t="малышкин"><g v="UNKN"></g></l></v></tfr></token><token text="," id="643799"><tfr rev_id="1475909" t=","><v><l id="0" t=","><g v="PNCT"></g></l></v></tfr></token><token text="занявший" id="643800"><tfr rev_id="1475910" t="занявший"><v><l id="106585" t="занявший"><g v="PRTF"></g><g v="perf"></g><g v="tran"></g><g v="past"></g><g v="actv"></g><g v="masc"></g><g v="sing"></g><g v="nomn"></g></l></v><v><l id="106585" t="занявший"><g v="PRTF"></g><g v="perf"></g><g v="tran"></g><g v="past"></g><g v="actv"></g><g v="inan"></g><g v="masc"></g><g v="sing"></g><g v="accs"></g></l></v></tfr></token><token text="четвёртое" id="643801"><tfr rev_id="1475911" t="четвёртое"><v><l id="376074" t="четвёртый"><g v="ADJF"></g><g v="Anum"></g><g v="neut"></g><g v="sing"></g><g v="nomn"></g></l></v><v><l id="376074" t="четвёртый"><g v="ADJF"></g><g v="Anum"></g><g v="neut"></g><g v="sing"></g><g v="accs"></g></l></v></tfr></token><token text="место" id="643802"><tfr rev_id="1475912" t="место"><v><l id="158822" t="место"><g v="NOUN"></g><g v="inan"></g><g v="neut"></g><g v="sing"></g><g v="nomn"></g></l></v><v><l id="158822" t="место"><g v="NOUN"></g><g v="inan"></g><g v="neut"></g><g v="sing"></g><g v="accs"></g></l></v></tfr></token><token text="и" id="643803"><tfr rev_id="3486516" t="и"><v><l id="116949" t="и"><g v="CONJ"></g></l></v></tfr></token><token text="опередивший" id="643804"><tfr rev_id="1475914" t="опередивший"><v><l id="206960" t="опередивший"><g v="PRTF"></g><g v="perf"></g><g v="tran"></g><g v="past"></g><g v="actv"></g><g v="masc"></g><g v="sing"></g><g v="nomn"></g></l></v><v><l id="206960" t="опередивший"><g v="PRTF"></g><g v="perf"></g><g v="tran"></g><g v="past"></g><g v="actv"></g><g v="inan"></g><g v="masc"></g><g v="sing"></g><g v="accs"></g></l></v></tfr></token><token text="лишь" id="643805"><tfr rev_id="1475915" t="лишь"><v><l id="150259" t="лишь"><g v="CONJ"></g></l></v><v><l id="150260" t="лишь"><g v="PRCL"></g></l></v></tfr></token><token text="Сергея" id="643806"><tfr rev_id="4397336" t="Сергея"><v><l id="319056" t="сергей"><g v="NOUN"></g><g v="anim"></g><g v="masc"></g><g v="Name"></g><g v="sing"></g><g v="accs"></g></l></v></tfr></token><token text="Миронова" id="643807"><tfr rev_id="4356517" t="Миронова"><v><l id="160926" t="миронов"><g v="NOUN"></g><g v="anim"></g><g v="masc"></g><g v="Sgtm"></g><g v="Surn"></g><g v="sing"></g><g v="accs"></g></l></v></tfr></token><token text="." id="643808"><tfr rev_id="1475918" t="."><v><l id="0" t="."><g v="PNCT"></g></l></v></tfr></token></tokens></sentence></paragraph><paragraph id="11413"><sentence id="36019"><source>О взаимодействии власти и оппозиции читайте в статье Частного корреспондента «Похорон демократии не случилось»</source><tokens><token text="О" id="643809"><tfr rev_id="3327266" t="О"><v><l id="192977" t="о"><g v="PREP"></g></l></v></tfr></token><token text="взаимодействии" id="643810"><tfr rev_id="1475920" t="взаимодействии"><v><l id="42617" t="взаимодействие"><g v="NOUN"></g><g v="inan"></g><g v="neut"></g><g v="sing"></g><g v="loct"></g></l></v></tfr></token><token text="власти" id="643811"><tfr rev_id="3505234" t="власти"><v><l id="46816" t="власть"><g v="NOUN"></g><g v="inan"></g><g v="femn"></g><g v="sing"></g><g v="gent"></g></l></v><v><l id="46816" t="власть"><g v="NOUN"></g><g v="inan"></g><g v="femn"></g><g v="sing"></g><g v="datv"></g></l></v><v><l id="46816" t="власть"><g v="NOUN"></g><g v="inan"></g><g v="femn"></g><g v="sing"></g><g v="loct"></g></l></v></tfr></token><token text="и" id="643812"><tfr rev_id="1475922" t="и"><v><l id="116949" t="и"><g v="CONJ"></g></l></v><v><l id="116950" t="и"><g v="INTJ"></g></l></v></tfr></token><token text="оппозиции" id="643813"><tfr rev_id="3556614" t="оппозиции"><v><l id="207895" t="оппозиция"><g v="NOUN"></g><g v="inan"></g><g v="femn"></g><g v="sing"></g><g v="gent"></g></l></v></tfr></token><token text="читайте" id="643814"><tfr rev_id="1475924" t="читайте"><v><l id="376719" t="читаю"><g v="VERB"></g><g v="impf"></g><g v="tran"></g><g v="plur"></g><g v="impr"></g><g v="excl"></g></l></v></tfr></token><token text="в" id="643815"><tfr rev_id="1475925" t="в"><v><l id="37409" t="в"><g v="PREP"></g></l></v></tfr></token><token text="статье" id="643816"><tfr rev_id="3557845" t="статье"><v><l id="335173" t="статья"><g v="NOUN"></g><g v="inan"></g><g v="femn"></g><g v="sing"></g><g v="loct"></g></l></v></tfr></token><token text="Частного" id="643817"><tfr rev_id="4308312" t="Частного"><v><l id="374795" t="частный"><g v="ADJF"></g><g v="Qual"></g><g v="masc"></g><g v="sing"></g><g v="gent"></g></l></v><v><l id="374795" t="частный"><g v="ADJF"></g><g v="Qual"></g><g v="anim"></g><g v="masc"></g><g v="sing"></g><g v="accs"></g></l></v></tfr></token><token text="корреспондента" id="643818"><tfr rev_id="3721616" t="корреспондента"><v><l id="140239" t="корреспондент"><g v="NOUN"></g><g v="anim"></g><g v="masc"></g><g v="sing"></g><g v="gent"></g></l></v></tfr></token><token text="«" id="643819"><tfr rev_id="2445355" t="«"><v><l id="0" t="«"><g v="PNCT"></g></l></v></tfr></token><token text="Похорон" id="643820"><tfr rev_id="1475930" t="Похорон"><v><l id="264435" t="похороны"><g v="NOUN"></g><g v="inan"></g><g v="GNdr"></g><g v="Pltm"></g><g v="plur"></g><g v="gent"></g></l></v></tfr></token><token text="демократии" id="643821"><tfr rev_id="4269830" t="демократии"><v><l id="80998" t="демократия"><g v="NOUN"></g><g v="inan"></g><g v="femn"></g><g v="sing"></g><g v="gent"></g></l></v></tfr></token><token text="не" id="643822"><tfr rev_id="1475932" t="не"><v><l id="178876" t="не"><g v="PRCL"></g></l></v></tfr></token><token text="случилось" id="643823"><tfr rev_id="1475933" t="случилось"><v><l id="325498" t="случился"><g v="VERB"></g><g v="perf"></g><g v="intr"></g><g v="neut"></g><g v="sing"></g><g v="past"></g><g v="indc"></g></l></v></tfr></token><token text="»" id="643824"><tfr rev_id="2445356" t="»"><v><l id="0" t="»"><g v="PNCT"></g></l></v></tfr></token></tokens></sentence></paragraph></paragraphs></text>