<?xml version="1.0" encoding="utf-8"?><text parent="603" id="1271" name="0010333 Что на уме, то и на лице"><tags><tag>url:http://happy-mystx.livejournal.com/10333.html</tag><tag>Год:2009</tag><tag>Дата:27/09</tag><tag>Время:17:10</tag><tag>ЖЖ:Настроение:amused</tag></tags><paragraphs><paragraph id="11726"><sentence id="36751"><source>Что на уме, то и на лице</source><tokens><token text="Что" id="657572"><tfr rev_id="3197365" t="Что"><v><l id="377004" t="что"><g v="CONJ"></g></l></v><v><l id="377005" t="что"><g v="NPRO"></g><g v="neut"></g><g v="sing"></g><g v="nomn"></g></l></v><v><l id="377005" t="что"><g v="NPRO"></g><g v="neut"></g><g v="sing"></g><g v="accs"></g></l></v><v><l id="377006" t="что"><g v="ADVB"></g><g v="Ques"></g></l></v><v><l id="388695" t="что"><g v="PRCL"></g></l></v></tfr></token><token text="на" id="657573"><tfr rev_id="3340495" t="на"><v><l id="166264" t="на"><g v="PREP"></g></l></v></tfr></token><token text="уме" id="657574"><tfr rev_id="1489682" t="уме"><v><l id="357206" t="ум"><g v="NOUN"></g><g v="inan"></g><g v="masc"></g><g v="sing"></g><g v="loct"></g></l></v></tfr></token><token text="," id="657575"><tfr rev_id="1489683" t=","><v><l id="0" t=","><g v="PNCT"></g></l></v></tfr></token><token text="то" id="657576"><tfr rev_id="3777631" t="то"><v><l id="346835" t="то"><g v="CONJ"></g></l></v><v><l id="346836" t="то"><g v="PRCL"></g></l></v><v><l id="348430" t="тот"><g v="ADJF"></g><g v="Subx"></g><g v="Apro"></g><g v="Anph"></g><g v="neut"></g><g v="sing"></g><g v="nomn"></g></l></v><v><l id="348430" t="тот"><g v="ADJF"></g><g v="Subx"></g><g v="Apro"></g><g v="Anph"></g><g v="neut"></g><g v="sing"></g><g v="accs"></g></l></v></tfr></token><token text="и" id="657577"><tfr rev_id="1489685" t="и"><v><l id="116949" t="и"><g v="CONJ"></g></l></v><v><l id="116950" t="и"><g v="INTJ"></g></l></v></tfr></token><token text="на" id="657578"><tfr rev_id="3397767" t="на"><v><l id="166264" t="на"><g v="PREP"></g></l></v></tfr></token><token text="лице" id="657579"><tfr rev_id="4215660" t="лице"><v><l id="150190" t="лицо"><g v="NOUN"></g><g v="inan"></g><g v="neut"></g><g v="sing"></g><g v="loct"></g></l></v></tfr></token></tokens></sentence></paragraph><paragraph id="11727"><sentence id="36752"><source>На последнем RuSSIR'е коллега из Таганрога показывал совершенно сумасшедшую вещь.</source><tokens><token text="На" id="657580"><tfr rev_id="3341616" t="На"><v><l id="166264" t="на"><g v="PREP"></g></l></v></tfr></token><token text="последнем" id="657581"><tfr rev_id="3284962" t="последнем"><v><l id="261565" t="последний"><g v="ADJF"></g><g v="masc"></g><g v="sing"></g><g v="loct"></g></l></v></tfr></token><token text="RuSSIR'е" id="657582"><tfr rev_id="1489690" t="RuSSIR'е"><v><l id="0" t="RuSSIR'е"><g v="UNKN"></g></l></v></tfr></token><token text="коллега" id="657583"><tfr rev_id="4527234" t="коллега"><v><l id="136008" t="коллега"><g v="NOUN"></g><g v="anim"></g><g v="ms-f"></g><g v="sing"></g><g v="nomn"></g></l></v></tfr></token><token text="из" id="657584"><tfr rev_id="2503295" t="из"><v><l id="117677" t="из"><g v="PREP"></g></l></v></tfr></token><token text="Таганрога" id="657585"><tfr rev_id="1489693" t="Таганрога"><v><l id="342262" t="таганрог"><g v="NOUN"></g><g v="inan"></g><g v="masc"></g><g v="Geox"></g><g v="sing"></g><g v="gent"></g></l></v></tfr></token><token text="показывал" id="657586"><tfr rev_id="1489694" t="показывал"><v><l id="253999" t="показываю"><g v="VERB"></g><g v="impf"></g><g v="tran"></g><g v="masc"></g><g v="sing"></g><g v="past"></g><g v="indc"></g></l></v></tfr></token><token text="совершенно" id="657587"><tfr rev_id="1489695" t="совершенно"><v><l id="327897" t="совершенно"><g v="ADVB"></g></l></v><v><l id="327905" t="совершенен"><g v="ADJS"></g><g v="Qual"></g><g v="neut"></g><g v="sing"></g></l></v></tfr></token><token text="сумасшедшую" id="657588"><tfr rev_id="1489696" t="сумасшедшую"><v><l id="339457" t="сумасшедший"><g v="ADJF"></g><g v="femn"></g><g v="sing"></g><g v="accs"></g></l></v></tfr></token><token text="вещь" id="657589"><tfr rev_id="1489697" t="вещь"><v><l id="42514" t="вещь"><g v="NOUN"></g><g v="inan"></g><g v="femn"></g><g v="sing"></g><g v="nomn"></g></l></v><v><l id="42514" t="вещь"><g v="NOUN"></g><g v="inan"></g><g v="femn"></g><g v="sing"></g><g v="accs"></g></l></v></tfr></token><token text="." id="657590"><tfr rev_id="1489698" t="."><v><l id="0" t="."><g v="PNCT"></g></l></v></tfr></token></tokens></sentence><sentence id="36753"><source>Эта штука по лицу выдает психологическую характеристику человека.</source><tokens><token text="Эта" id="657591"><tfr rev_id="4437218" t="Эта"><v><l id="386581" t="этот"><g v="ADJF"></g><g v="Subx"></g><g v="Apro"></g><g v="Anph"></g><g v="femn"></g><g v="sing"></g><g v="nomn"></g></l></v></tfr></token><token text="штука" id="657592"><tfr rev_id="1489700" t="штука"><v><l id="381579" t="штука"><g v="NOUN"></g><g v="inan"></g><g v="femn"></g><g v="sing"></g><g v="nomn"></g></l></v></tfr></token><token text="по" id="657593"><tfr rev_id="1489701" t="по"><v><l id="241240" t="по"><g v="PREP"></g></l></v></tfr></token><token text="лицу" id="657594"><tfr rev_id="3680045" t="лицу"><v><l id="150190" t="лицо"><g v="NOUN"></g><g v="inan"></g><g v="neut"></g><g v="sing"></g><g v="datv"></g></l></v></tfr></token><token text="выдает" id="657595"><tfr rev_id="1489703" t="выдает"><v><l id="56895" t="выдаю"><g v="VERB"></g><g v="impf"></g><g v="tran"></g><g v="sing"></g><g v="3per"></g><g v="pres"></g><g v="indc"></g></l></v></tfr></token><token text="психологическую" id="657596"><tfr rev_id="1489704" t="психологическую"><v><l id="288629" t="психологический"><g v="ADJF"></g><g v="femn"></g><g v="sing"></g><g v="accs"></g></l></v></tfr></token><token text="характеристику" id="657597"><tfr rev_id="1489705" t="характеристику"><v><l id="369431" t="характеристика"><g v="NOUN"></g><g v="inan"></g><g v="femn"></g><g v="sing"></g><g v="accs"></g></l></v></tfr></token><token text="человека" id="657598"><tfr rev_id="4363786" t="человека"><v><l id="375073" t="человек"><g v="NOUN"></g><g v="anim"></g><g v="masc"></g><g v="sing"></g><g v="gent"></g></l></v></tfr></token><token text="." id="657599"><tfr rev_id="1489707" t="."><v><l id="0" t="."><g v="PNCT"></g></l></v></tfr></token></tokens></sentence><sentence id="36754"><source>Да и технически сделана выше всяких похвал.</source><tokens><token text="Да" id="657600"><tfr rev_id="3962268" t="Да"><v><l id="77569" t="да"><g v="CONJ"></g></l></v></tfr></token><token text="и" id="657601"><tfr rev_id="1489709" t="и"><v><l id="116949" t="и"><g v="CONJ"></g></l></v><v><l id="116950" t="и"><g v="INTJ"></g></l></v></tfr></token><token text="технически" id="657602"><tfr rev_id="1489710" t="технически"><v><l id="345945" t="технически"><g v="ADVB"></g></l></v></tfr></token><token text="сделана" id="657603"><tfr rev_id="1489711" t="сделана"><v><l id="317250" t="сделан"><g v="PRTS"></g><g v="perf"></g><g v="past"></g><g v="pssv"></g><g v="femn"></g><g v="sing"></g></l></v></tfr></token><token text="выше" id="657604"><tfr rev_id="1489712" t="выше"><v><l id="62139" t="выше"><g v="COMP"></g><g v="Qual"></g></l></v><v><l id="64413" t="выша"><g v="NOUN"></g><g v="inan"></g><g v="femn"></g><g v="Sgtm"></g><g v="Geox"></g><g v="sing"></g><g v="datv"></g></l></v><v><l id="64413" t="выша"><g v="NOUN"></g><g v="inan"></g><g v="femn"></g><g v="Sgtm"></g><g v="Geox"></g><g v="sing"></g><g v="loct"></g></l></v><v><l id="64505" t="выше"><g v="PREP"></g></l></v><v><l id="64506" t="выше"><g v="ADVB"></g></l></v></tfr></token><token text="всяких" id="657605"><tfr rev_id="3556422" t="всяких"><v><l id="54721" t="всякий"><g v="ADJF"></g><g v="Apro"></g><g v="plur"></g><g v="gent"></g></l></v></tfr></token><token text="похвал" id="657606"><tfr rev_id="1489714" t="похвал"><v><l id="264167" t="похвала"><g v="NOUN"></g><g v="inan"></g><g v="femn"></g><g v="plur"></g><g v="gent"></g></l></v></tfr></token><token text="." id="657607"><tfr rev_id="1489715" t="."><v><l id="0" t="."><g v="PNCT"></g></l></v></tfr></token></tokens></sentence><sentence id="36755"><source>Кто не боится английского обязательно должен попробовать.</source><tokens><token text="Кто" id="657608"><tfr rev_id="1489716" t="Кто"><v><l id="144216" t="кто"><g v="NPRO"></g><g v="masc"></g><g v="sing"></g><g v="nomn"></g></l></v></tfr></token><token text="не" id="657609"><tfr rev_id="1489717" t="не"><v><l id="178876" t="не"><g v="PRCL"></g></l></v></tfr></token><token text="боится" id="657610"><tfr rev_id="1489718" t="боится"><v><l id="33346" t="боюсь"><g v="VERB"></g><g v="impf"></g><g v="intr"></g><g v="sing"></g><g v="3per"></g><g v="pres"></g><g v="indc"></g></l></v></tfr></token><token text="английского" id="657611"><tfr rev_id="4166421" t="английского"><v><l id="12733" t="английский"><g v="ADJF"></g><g v="masc"></g><g v="sing"></g><g v="gent"></g></l></v><v><l id="12733" t="английский"><g v="ADJF"></g><g v="anim"></g><g v="masc"></g><g v="sing"></g><g v="accs"></g></l></v></tfr></token><token text="обязательно" id="657612"><tfr rev_id="1489720" t="обязательно"><v><l id="202085" t="обязательно"><g v="ADVB"></g><g v="Prdx"></g></l></v><v><l id="202089" t="обязателен"><g v="ADJS"></g><g v="neut"></g><g v="sing"></g></l></v></tfr></token><token text="должен" id="657613"><tfr rev_id="2558795" t="должен"><v><l id="87975" t="должен"><g v="ADJS"></g><g v="masc"></g><g v="sing"></g></l></v></tfr></token><token text="попробовать" id="657614"><tfr rev_id="1489722" t="попробовать"><v><l id="259608" t="попробовать"><g v="INFN"></g><g v="perf"></g><g v="tran"></g></l></v></tfr></token><token text="." id="657615"><tfr rev_id="1489723" t="."><v><l id="0" t="."><g v="PNCT"></g></l></v></tfr></token></tokens></sentence></paragraph><paragraph id="11728"><sentence id="36756"><source>Впечатления остались очень яркие, так как в это же самое время я читал"Портрет Дориана Грея"Оскара Уайльда. :)))</source><tokens><token text="Впечатления" id="657616"><tfr rev_id="3741693" t="Впечатления"><v><l id="52404" t="впечатление"><g v="NOUN"></g><g v="inan"></g><g v="neut"></g><g v="plur"></g><g v="nomn"></g></l></v></tfr></token><token text="остались" id="657617"><tfr rev_id="1489725" t="остались"><v><l id="210896" t="остался"><g v="VERB"></g><g v="perf"></g><g v="intr"></g><g v="plur"></g><g v="past"></g><g v="indc"></g></l></v></tfr></token><token text="очень" id="657618"><tfr rev_id="1489726" t="очень"><v><l id="221681" t="очень"><g v="ADVB"></g></l></v></tfr></token><token text="яркие" id="657619"><tfr rev_id="4083136" t="яркие"><v><l id="388042" t="яркий"><g v="ADJF"></g><g v="Qual"></g><g v="plur"></g><g v="nomn"></g></l></v></tfr></token><token text="," id="657620"><tfr rev_id="1489728" t=","><v><l id="0" t=","><g v="PNCT"></g></l></v></tfr></token><token text="так" id="657621"><tfr rev_id="1489729" t="так"><v><l id="342451" t="так"><g v="CONJ"></g></l></v><v><l id="342452" t="так"><g v="PRCL"></g></l></v><v><l id="342453" t="так"><g v="ADVB"></g><g v="Dmns"></g></l></v></tfr></token><token text="как" id="657622"><tfr rev_id="1489730" t="как"><v><l id="128190" t="как"><g v="CONJ"></g></l></v><v><l id="128191" t="как"><g v="PRCL"></g></l></v><v><l id="128192" t="как"><g v="ADVB"></g><g v="Ques"></g></l></v></tfr></token><token text="в" id="657623"><tfr rev_id="1489731" t="в"><v><l id="37409" t="в"><g v="PREP"></g></l></v></tfr></token><token text="это" id="657624"><tfr rev_id="4441729" t="это"><v><l id="386574" t="это"><g v="PRCL"></g></l></v><v><l id="386575" t="это"><g v="NPRO"></g><g v="neut"></g><g v="sing"></g><g v="nomn"></g></l></v><v><l id="386575" t="это"><g v="NPRO"></g><g v="neut"></g><g v="sing"></g><g v="accs"></g></l></v><v><l id="386581" t="этот"><g v="ADJF"></g><g v="Subx"></g><g v="Apro"></g><g v="Anph"></g><g v="neut"></g><g v="sing"></g><g v="nomn"></g></l></v><v><l id="386581" t="этот"><g v="ADJF"></g><g v="Subx"></g><g v="Apro"></g><g v="Anph"></g><g v="neut"></g><g v="sing"></g><g v="accs"></g></l></v></tfr></token><token text="же" id="657625"><tfr rev_id="1489733" t="же"><v><l id="96208" t="же"><g v="CONJ"></g></l></v><v><l id="96209" t="же"><g v="PRCL"></g></l></v></tfr></token><token text="самое" id="657626"><tfr rev_id="1489734" t="самое"><v><l id="312034" t="сам"><g v="ADJF"></g><g v="Apro"></g><g v="femn"></g><g v="sing"></g><g v="accs"></g><g v="Arch"></g></l></v><v><l id="313174" t="самый"><g v="ADJF"></g><g v="Apro"></g><g v="neut"></g><g v="sing"></g><g v="nomn"></g></l></v><v><l id="313174" t="самый"><g v="ADJF"></g><g v="Apro"></g><g v="neut"></g><g v="sing"></g><g v="accs"></g></l></v></tfr></token><token text="время" id="657627"><tfr rev_id="4348549" t="время"><v><l id="53149" t="время"><g v="NOUN"></g><g v="inan"></g><g v="neut"></g><g v="sing"></g><g v="accs"></g></l></v></tfr></token><token text="я" id="657628"><tfr rev_id="1489736" t="я"><v><l id="387317" t="я"><g v="NPRO"></g><g v="1per"></g><g v="sing"></g><g v="nomn"></g></l></v></tfr></token><token text="читал" id="657629"><tfr rev_id="1489737" t="читал"><v><l id="376719" t="читаю"><g v="VERB"></g><g v="impf"></g><g v="tran"></g><g v="masc"></g><g v="sing"></g><g v="past"></g><g v="indc"></g></l></v></tfr></token><token text="&quot;" id="657630"><tfr rev_id="1489738" t="&quot;"><v><l id="0" t="&quot;"><g v="PNCT"></g></l></v></tfr></token><token text="Портрет" id="657631"><tfr rev_id="3677007" t="Портрет"><v><l id="260631" t="портрет"><g v="NOUN"></g><g v="inan"></g><g v="masc"></g><g v="sing"></g><g v="accs"></g></l></v></tfr></token><token text="Дориана" id="657632"><tfr rev_id="4257362" t="Дориана"><v><l id="89640" t="дориан"><g v="NOUN"></g><g v="anim"></g><g v="masc"></g><g v="Name"></g><g v="sing"></g><g v="gent"></g></l></v><v><l id="89640" t="дориан"><g v="NOUN"></g><g v="anim"></g><g v="masc"></g><g v="Name"></g><g v="sing"></g><g v="accs"></g></l></v></tfr></token><token text="Грея" id="657633"><tfr rev_id="4466538" t="Грея"><v><l id="390508" t="грей"><g v="NOUN"></g><g v="anim"></g><g v="masc"></g><g v="Sgtm"></g><g v="Surn"></g><g v="sing"></g><g v="accs"></g></l></v><v><l id="390508" t="грей"><g v="NOUN"></g><g v="anim"></g><g v="masc"></g><g v="Sgtm"></g><g v="Surn"></g><g v="sing"></g><g v="gent"></g></l></v></tfr></token><token text="&quot;" id="657634"><tfr rev_id="1489742" t="&quot;"><v><l id="0" t="&quot;"><g v="PNCT"></g></l></v></tfr></token><token text="Оскара" id="657635"><tfr rev_id="4329536" t="Оскара"><v><l id="210050" t="оскар"><g v="NOUN"></g><g v="anim"></g><g v="masc"></g><g v="Name"></g><g v="sing"></g><g v="gent"></g></l></v></tfr></token><token text="Уайльда" id="657636"><tfr rev_id="1489744" t="Уайльда"><v><l id="0" t="уайльда"><g v="UNKN"></g></l></v></tfr></token><token text="." id="657637"><tfr rev_id="1489745" t="."><v><l id="0" t="."><g v="PNCT"></g></l></v></tfr></token><token text=":)))" id="657638"><tfr rev_id="1489746" t=":)))"><v><l id="0" t=":)))"><g v="PNCT"></g></l></v></tfr></token></tokens></sentence></paragraph></paragraphs></text>