<?xml version="1.0" encoding="utf-8"?><text parent="602" id="1286" name="0120411 утро овощей"><tags><tag>url:http://l-i-d-y-a.livejournal.com/120411.html</tag><tag>Год:2010</tag><tag>Дата:02/03</tag><tag>Время:14:29</tag><tag>ЖЖ:Метка:внутр и внеш</tag></tags><paragraphs><paragraph id="11807"><sentence id="36926"><source>утро овощей</source><tokens><token text="утро" id="660520"><tfr rev_id="1492618" t="утро"><v><l id="362468" t="утро"><g v="NOUN"></g><g v="inan"></g><g v="neut"></g><g v="sing"></g><g v="nomn"></g></l></v><v><l id="362468" t="утро"><g v="NOUN"></g><g v="inan"></g><g v="neut"></g><g v="sing"></g><g v="accs"></g></l></v></tfr></token><token text="овощей" id="660521"><tfr rev_id="1492619" t="овощей"><v><l id="202267" t="овощ"><g v="NOUN"></g><g v="inan"></g><g v="masc"></g><g v="plur"></g><g v="gent"></g></l></v></tfr></token></tokens></sentence></paragraph><paragraph id="11820"><sentence id="36927"><source>От сырости кепка сама собой прижимается к плечам, шея упраздняется, я ничего не вижу, кроме снега, воды и мокрого снега.</source><tokens><token text="От" id="660522"><tfr rev_id="1492620" t="От"><v><l id="211644" t="от"><g v="PREP"></g></l></v></tfr></token><token text="сырости" id="660523"><tfr rev_id="4025795" t="сырости"><v><l id="341756" t="сырость"><g v="NOUN"></g><g v="inan"></g><g v="femn"></g><g v="sing"></g><g v="gent"></g></l></v></tfr></token><token text="кепка" id="660524"><tfr rev_id="1492622" t="кепка"><v><l id="132463" t="кепка"><g v="NOUN"></g><g v="inan"></g><g v="femn"></g><g v="sing"></g><g v="nomn"></g></l></v></tfr></token><token text="сама" id="660525"><tfr rev_id="1492623" t="сама"><v><l id="312034" t="сам"><g v="ADJF"></g><g v="Apro"></g><g v="femn"></g><g v="sing"></g><g v="nomn"></g></l></v></tfr></token><token text="собой" id="660526"><tfr rev_id="3636396" t="собой"><v><l id="317456" t="себя"><g v="NPRO"></g><g v="Anph"></g><g v="sing"></g><g v="ablt"></g></l></v></tfr></token><token text="прижимается" id="660527"><tfr rev_id="1492625" t="прижимается"><v><l id="270482" t="прижимаюсь"><g v="VERB"></g><g v="impf"></g><g v="intr"></g><g v="sing"></g><g v="3per"></g><g v="pres"></g><g v="indc"></g></l></v></tfr></token><token text="к" id="660528"><tfr rev_id="1492626" t="к"><v><l id="127460" t="к"><g v="PREP"></g></l></v></tfr></token><token text="плечам" id="660529"><tfr rev_id="4473534" t="плечам"><v><l id="240427" t="плечо"><g v="NOUN"></g><g v="inan"></g><g v="neut"></g><g v="plur"></g><g v="datv"></g></l></v></tfr></token><token text="," id="660530"><tfr rev_id="1492628" t=","><v><l id="0" t=","><g v="PNCT"></g></l></v></tfr></token><token text="шея" id="660531"><tfr rev_id="1492629" t="шея"><v><l id="379441" t="шея"><g v="NOUN"></g><g v="inan"></g><g v="femn"></g><g v="sing"></g><g v="nomn"></g></l></v></tfr></token><token text="упраздняется" id="660532"><tfr rev_id="1492630" t="упраздняется"><v><l id="359267" t="упраздняюсь"><g v="VERB"></g><g v="impf"></g><g v="intr"></g><g v="sing"></g><g v="3per"></g><g v="pres"></g><g v="indc"></g></l></v></tfr></token><token text="," id="660533"><tfr rev_id="1492631" t=","><v><l id="0" t=","><g v="PNCT"></g></l></v></tfr></token><token text="я" id="660534"><tfr rev_id="1492632" t="я"><v><l id="387317" t="я"><g v="NPRO"></g><g v="1per"></g><g v="sing"></g><g v="nomn"></g></l></v></tfr></token><token text="ничего" id="660535"><tfr rev_id="4465665" t="ничего"><v><l id="191376" t="ничего"><g v="ADVB"></g></l></v><v><l id="191377" t="ничего"><g v="PRCL"></g></l></v><v><l id="191386" t="ничто"><g v="NPRO"></g><g v="neut"></g><g v="sing"></g><g v="gent"></g></l></v><v><l id="390659" t="ничего"><g v="NPRO"></g><g v="neut"></g><g v="sing"></g><g v="nomn"></g></l></v></tfr></token><token text="не" id="660536"><tfr rev_id="1492634" t="не"><v><l id="178876" t="не"><g v="PRCL"></g></l></v></tfr></token><token text="вижу" id="660537"><tfr rev_id="1492635" t="вижу"><v><l id="44564" t="вижу"><g v="VERB"></g><g v="impf"></g><g v="tran"></g><g v="sing"></g><g v="1per"></g><g v="pres"></g><g v="indc"></g></l></v></tfr></token><token text="," id="660538"><tfr rev_id="1492636" t=","><v><l id="0" t=","><g v="PNCT"></g></l></v></tfr></token><token text="кроме" id="660539"><tfr rev_id="1492637" t="кроме"><v><l id="143259" t="кроме"><g v="PREP"></g></l></v></tfr></token><token text="снега" id="660540"><tfr rev_id="3482714" t="снега"><v><l id="327215" t="снег"><g v="NOUN"></g><g v="inan"></g><g v="masc"></g><g v="sing"></g><g v="gen1"></g></l></v></tfr></token><token text="," id="660541"><tfr rev_id="1492639" t=","><v><l id="0" t=","><g v="PNCT"></g></l></v></tfr></token><token text="воды" id="660542"><tfr rev_id="3495972" t="воды"><v><l id="48014" t="вода"><g v="NOUN"></g><g v="inan"></g><g v="femn"></g><g v="sing"></g><g v="gent"></g></l></v></tfr></token><token text="и" id="660543"><tfr rev_id="3409128" t="и"><v><l id="116949" t="и"><g v="CONJ"></g></l></v></tfr></token><token text="мокрого" id="660544"><tfr rev_id="4205974" t="мокрого"><v><l id="162641" t="мокрый"><g v="ADJF"></g><g v="Qual"></g><g v="masc"></g><g v="sing"></g><g v="gent"></g></l></v><v><l id="162641" t="мокрый"><g v="ADJF"></g><g v="Qual"></g><g v="anim"></g><g v="masc"></g><g v="sing"></g><g v="accs"></g></l></v></tfr></token><token text="снега" id="660545"><tfr rev_id="3436952" t="снега"><v><l id="327215" t="снег"><g v="NOUN"></g><g v="inan"></g><g v="masc"></g><g v="sing"></g><g v="gen1"></g></l></v></tfr></token><token text="." id="660546"><tfr rev_id="1492644" t="."><v><l id="0" t="."><g v="PNCT"></g></l></v></tfr></token></tokens></sentence><sentence id="36928"><source>К тому же я не выспалась и на заседание кафедры плетусь с тем же энтузиазмом, который у меня обычно вызывает поход к зубному врачу.</source><tokens><token text="К" id="660547"><tfr rev_id="1492645" t="К"><v><l id="127460" t="к"><g v="PREP"></g></l></v></tfr></token><token text="тому" id="660548"><tfr rev_id="4385043" t="тому"><v><l id="348430" t="тот"><g v="ADJF"></g><g v="Subx"></g><g v="Apro"></g><g v="Anph"></g><g v="neut"></g><g v="sing"></g><g v="datv"></g></l></v></tfr></token><token text="же" id="660549"><tfr rev_id="1492647" t="же"><v><l id="96208" t="же"><g v="CONJ"></g></l></v><v><l id="96209" t="же"><g v="PRCL"></g></l></v></tfr></token><token text="я" id="660550"><tfr rev_id="1492648" t="я"><v><l id="387317" t="я"><g v="NPRO"></g><g v="1per"></g><g v="sing"></g><g v="nomn"></g></l></v></tfr></token><token text="не" id="660551"><tfr rev_id="1492649" t="не"><v><l id="178876" t="не"><g v="PRCL"></g></l></v></tfr></token><token text="выспалась" id="660552"><tfr rev_id="1492650" t="выспалась"><v><l id="62543" t="выспался"><g v="VERB"></g><g v="perf"></g><g v="intr"></g><g v="femn"></g><g v="sing"></g><g v="past"></g><g v="indc"></g></l></v></tfr></token><token text="и" id="660553"><tfr rev_id="1492651" t="и"><v><l id="116949" t="и"><g v="CONJ"></g></l></v><v><l id="116950" t="и"><g v="INTJ"></g></l></v></tfr></token><token text="на" id="660554"><tfr rev_id="3340359" t="на"><v><l id="166264" t="на"><g v="PREP"></g></l></v></tfr></token><token text="заседание" id="660555"><tfr rev_id="4348380" t="заседание"><v><l id="109402" t="заседание"><g v="NOUN"></g><g v="inan"></g><g v="neut"></g><g v="sing"></g><g v="accs"></g></l></v></tfr></token><token text="кафедры" id="660556"><tfr rev_id="2695621" t="кафедры"><v><l id="131537" t="кафедра"><g v="NOUN"></g><g v="inan"></g><g v="femn"></g><g v="sing"></g><g v="gent"></g></l></v></tfr></token><token text="плетусь" id="660557"><tfr rev_id="1492655" t="плетусь"><v><l id="240374" t="плетусь"><g v="VERB"></g><g v="impf"></g><g v="intr"></g><g v="sing"></g><g v="1per"></g><g v="pres"></g><g v="indc"></g></l></v></tfr></token><token text="с" id="660558"><tfr rev_id="1492656" t="с"><v><l id="311151" t="с"><g v="PREP"></g></l></v></tfr></token><token text="тем" id="660559"><tfr rev_id="4538747" t="тем"><v><l id="348430" t="тот"><g v="ADJF"></g><g v="Subx"></g><g v="Apro"></g><g v="Anph"></g><g v="masc"></g><g v="sing"></g><g v="ablt"></g></l></v><v><l id="348430" t="тот"><g v="ADJF"></g><g v="Subx"></g><g v="Apro"></g><g v="Anph"></g><g v="neut"></g><g v="sing"></g><g v="ablt"></g></l></v></tfr></token><token text="же" id="660560"><tfr rev_id="1492658" t="же"><v><l id="96208" t="же"><g v="CONJ"></g></l></v><v><l id="96209" t="же"><g v="PRCL"></g></l></v></tfr></token><token text="энтузиазмом" id="660561"><tfr rev_id="1492659" t="энтузиазмом"><v><l id="385700" t="энтузиазм"><g v="NOUN"></g><g v="inan"></g><g v="masc"></g><g v="sing"></g><g v="ablt"></g></l></v></tfr></token><token text="," id="660562"><tfr rev_id="1492660" t=","><v><l id="0" t=","><g v="PNCT"></g></l></v></tfr></token><token text="который" id="660563"><tfr rev_id="3637460" t="который"><v><l id="141203" t="который"><g v="ADJF"></g><g v="Apro"></g><g v="Subx"></g><g v="Anph"></g><g v="masc"></g><g v="sing"></g><g v="nomn"></g></l></v><v><l id="141203" t="который"><g v="ADJF"></g><g v="Apro"></g><g v="Subx"></g><g v="Anph"></g><g v="inan"></g><g v="masc"></g><g v="sing"></g><g v="accs"></g></l></v></tfr></token><token text="у" id="660564"><tfr rev_id="3332615" t="у"><v><l id="352818" t="у"><g v="PREP"></g></l></v></tfr></token><token text="меня" id="660565"><tfr rev_id="3460684" t="меня"><v><l id="387317" t="я"><g v="NPRO"></g><g v="1per"></g><g v="sing"></g><g v="gent"></g></l></v></tfr></token><token text="обычно" id="660566"><tfr rev_id="1492664" t="обычно"><v><l id="202047" t="обычно"><g v="ADVB"></g></l></v><v><l id="202051" t="обычен"><g v="ADJS"></g><g v="Qual"></g><g v="neut"></g><g v="sing"></g></l></v></tfr></token><token text="вызывает" id="660567"><tfr rev_id="1492665" t="вызывает"><v><l id="57671" t="вызываю"><g v="VERB"></g><g v="impf"></g><g v="tran"></g><g v="sing"></g><g v="3per"></g><g v="pres"></g><g v="indc"></g></l></v></tfr></token><token text="поход" id="660568"><tfr rev_id="4093274" t="поход"><v><l id="264370" t="поход"><g v="NOUN"></g><g v="inan"></g><g v="masc"></g><g v="sing"></g><g v="nomn"></g></l></v></tfr></token><token text="к" id="660569"><tfr rev_id="1492667" t="к"><v><l id="127460" t="к"><g v="PREP"></g></l></v></tfr></token><token text="зубному" id="660570"><tfr rev_id="4306858" t="зубному"><v><l id="116632" t="зубной"><g v="ADJF"></g><g v="masc"></g><g v="sing"></g><g v="datv"></g></l></v></tfr></token><token text="врачу" id="660571"><tfr rev_id="1492669" t="врачу"><v><l id="53020" t="врач"><g v="NOUN"></g><g v="anim"></g><g v="masc"></g><g v="sing"></g><g v="datv"></g></l></v></tfr></token><token text="." id="660572"><tfr rev_id="1492670" t="."><v><l id="0" t="."><g v="PNCT"></g></l></v></tfr></token></tokens></sentence><sentence id="36929"><source>По давней привычке, которая всегда вызывала ужас у моей мамы, разговариваю сама с собой.</source><tokens><token text="По" id="660573"><tfr rev_id="1492671" t="По"><v><l id="241240" t="по"><g v="PREP"></g></l></v></tfr></token><token text="давней" id="660574"><tfr rev_id="1492672" t="давней"><v><l id="77701" t="давний"><g v="ADJF"></g><g v="Qual"></g><g v="femn"></g><g v="sing"></g><g v="gent"></g></l></v><v><l id="77701" t="давний"><g v="ADJF"></g><g v="Qual"></g><g v="femn"></g><g v="sing"></g><g v="datv"></g></l></v><v><l id="77701" t="давний"><g v="ADJF"></g><g v="Qual"></g><g v="femn"></g><g v="sing"></g><g v="ablt"></g></l></v><v><l id="77701" t="давний"><g v="ADJF"></g><g v="Qual"></g><g v="femn"></g><g v="sing"></g><g v="loct"></g></l></v><v><l id="77704" t="давнее"><g v="COMP"></g><g v="Qual"></g><g v="V-ej"></g></l></v></tfr></token><token text="привычке" id="660575"><tfr rev_id="3472007" t="привычке"><v><l id="269597" t="привычка"><g v="NOUN"></g><g v="inan"></g><g v="femn"></g><g v="sing"></g><g v="datv"></g></l></v></tfr></token><token text="," id="660576"><tfr rev_id="1492674" t=","><v><l id="0" t=","><g v="PNCT"></g></l></v></tfr></token><token text="которая" id="660577"><tfr rev_id="3639838" t="которая"><v><l id="141203" t="который"><g v="ADJF"></g><g v="Apro"></g><g v="Subx"></g><g v="Anph"></g><g v="femn"></g><g v="sing"></g><g v="nomn"></g></l></v></tfr></token><token text="всегда" id="660578"><tfr rev_id="1492676" t="всегда"><v><l id="53369" t="всегда"><g v="ADVB"></g></l></v></tfr></token><token text="вызывала" id="660579"><tfr rev_id="1492677" t="вызывала"><v><l id="57671" t="вызываю"><g v="VERB"></g><g v="impf"></g><g v="tran"></g><g v="femn"></g><g v="sing"></g><g v="past"></g><g v="indc"></g></l></v></tfr></token><token text="ужас" id="660580"><tfr rev_id="3679069" t="ужас"><v><l id="355455" t="ужас"><g v="NOUN"></g><g v="inan"></g><g v="masc"></g><g v="sing"></g><g v="accs"></g></l></v></tfr></token><token text="у" id="660581"><tfr rev_id="3332804" t="у"><v><l id="352818" t="у"><g v="PREP"></g></l></v></tfr></token><token text="моей" id="660582"><tfr rev_id="4170186" t="моей"><v><l id="162570" t="мой"><g v="ADJF"></g><g v="Apro"></g><g v="femn"></g><g v="sing"></g><g v="gent"></g></l></v></tfr></token><token text="мамы" id="660583"><tfr rev_id="3495143" t="мамы"><v><l id="154483" t="мама"><g v="NOUN"></g><g v="anim"></g><g v="femn"></g><g v="sing"></g><g v="gent"></g></l></v></tfr></token><token text="," id="660584"><tfr rev_id="1492682" t=","><v><l id="0" t=","><g v="PNCT"></g></l></v></tfr></token><token text="разговариваю" id="660585"><tfr rev_id="1492683" t="разговариваю"><v><l id="293002" t="разговариваю"><g v="VERB"></g><g v="impf"></g><g v="intr"></g><g v="sing"></g><g v="1per"></g><g v="pres"></g><g v="indc"></g></l></v></tfr></token><token text="сама" id="660586"><tfr rev_id="1492684" t="сама"><v><l id="312034" t="сам"><g v="ADJF"></g><g v="Apro"></g><g v="femn"></g><g v="sing"></g><g v="nomn"></g></l></v></tfr></token><token text="с" id="660587"><tfr rev_id="1492685" t="с"><v><l id="311151" t="с"><g v="PREP"></g></l></v></tfr></token><token text="собой" id="660588"><tfr rev_id="3636397" t="собой"><v><l id="317456" t="себя"><g v="NPRO"></g><g v="Anph"></g><g v="sing"></g><g v="ablt"></g></l></v></tfr></token><token text="." id="660589"><tfr rev_id="1492687" t="."><v><l id="0" t="."><g v="PNCT"></g></l></v></tfr></token></tokens></sentence><sentence id="36930"><source>Вдруг у меня над ухом раздается знакомый голос - меня обгоняет старший товарищ, милейший коллега, известный среди студентов под прозвищем"Пастернак".</source><tokens><token text="Вдруг" id="660590"><tfr rev_id="1492688" t="Вдруг"><v><l id="40194" t="вдруг"><g v="ADVB"></g></l></v></tfr></token><token text="у" id="660591"><tfr rev_id="1492689" t="у"><v><l id="352818" t="у"><g v="PREP"></g></l></v><v><l id="352819" t="у"><g v="INTJ"></g></l></v></tfr></token><token text="меня" id="660592"><tfr rev_id="2928120" t="меня"><v><l id="387317" t="я"><g v="NPRO"></g><g v="1per"></g><g v="sing"></g><g v="gent"></g></l></v></tfr></token><token text="над" id="660593"><tfr rev_id="1492691" t="над"><v><l id="168356" t="над"><g v="PREP"></g></l></v></tfr></token><token text="ухом" id="660594"><tfr rev_id="1492692" t="ухом"><v><l id="362933" t="ухо"><g v="NOUN"></g><g v="inan"></g><g v="neut"></g><g v="sing"></g><g v="ablt"></g></l></v></tfr></token><token text="раздается" id="660595"><tfr rev_id="1492693" t="раздается"><v><l id="293392" t="раздаюсь"><g v="VERB"></g><g v="impf"></g><g v="intr"></g><g v="sing"></g><g v="3per"></g><g v="pres"></g><g v="indc"></g></l></v></tfr></token><token text="знакомый" id="660596"><tfr rev_id="1492694" t="знакомый"><v><l id="115927" t="знакомый"><g v="ADJF"></g><g v="Subx"></g><g v="Qual"></g><g v="masc"></g><g v="sing"></g><g v="nomn"></g></l></v><v><l id="115927" t="знакомый"><g v="ADJF"></g><g v="Subx"></g><g v="Qual"></g><g v="inan"></g><g v="masc"></g><g v="sing"></g><g v="accs"></g></l></v></tfr></token><token text="голос" id="660597"><tfr rev_id="4096062" t="голос"><v><l id="72469" t="голос"><g v="NOUN"></g><g v="inan"></g><g v="masc"></g><g v="sing"></g><g v="nomn"></g></l></v></tfr></token><token text="-" id="660598"><tfr rev_id="1492696" t="-"><v><l id="0" t="-"><g v="PNCT"></g></l></v></tfr></token><token text="меня" id="660599"><tfr rev_id="2850100" t="меня"><v><l id="387317" t="я"><g v="NPRO"></g><g v="1per"></g><g v="sing"></g><g v="accs"></g></l></v></tfr></token><token text="обгоняет" id="660600"><tfr rev_id="1492698" t="обгоняет"><v><l id="193766" t="обгоняю"><g v="VERB"></g><g v="impf"></g><g v="tran"></g><g v="sing"></g><g v="3per"></g><g v="pres"></g><g v="indc"></g></l></v></tfr></token><token text="старший" id="660601"><tfr rev_id="4234741" t="старший"><v><l id="335024" t="старший"><g v="ADJF"></g><g v="masc"></g><g v="sing"></g><g v="nomn"></g></l></v><v><l id="335024" t="старший"><g v="ADJF"></g><g v="inan"></g><g v="masc"></g><g v="sing"></g><g v="accs"></g></l></v></tfr></token><token text="товарищ" id="660602"><tfr rev_id="1492700" t="товарищ"><v><l id="346864" t="товарищ"><g v="NOUN"></g><g v="anim"></g><g v="masc"></g><g v="sing"></g><g v="nomn"></g></l></v></tfr></token><token text="," id="660603"><tfr rev_id="1492701" t=","><v><l id="0" t=","><g v="PNCT"></g></l></v></tfr></token><token text="милейший" id="660604"><tfr rev_id="2782866" t="милейший"><v><l id="160357" t="милейший"><g v="ADJF"></g><g v="Supr"></g><g v="Qual"></g><g v="masc"></g><g v="sing"></g><g v="nomn"></g></l></v></tfr></token><token text="коллега" id="660605"><tfr rev_id="4527235" t="коллега"><v><l id="136008" t="коллега"><g v="NOUN"></g><g v="anim"></g><g v="ms-f"></g><g v="sing"></g><g v="nomn"></g></l></v></tfr></token><token text="," id="660606"><tfr rev_id="1492704" t=","><v><l id="0" t=","><g v="PNCT"></g></l></v></tfr></token><token text="известный" id="660607"><tfr rev_id="1492705" t="известный"><v><l id="118144" t="известный"><g v="ADJF"></g><g v="Qual"></g><g v="masc"></g><g v="sing"></g><g v="nomn"></g></l></v><v><l id="118144" t="известный"><g v="ADJF"></g><g v="Qual"></g><g v="inan"></g><g v="masc"></g><g v="sing"></g><g v="accs"></g></l></v></tfr></token><token text="среди" id="660608"><tfr rev_id="1492706" t="среди"><v><l id="333473" t="среди"><g v="PREP"></g></l></v></tfr></token><token text="студентов" id="660609"><tfr rev_id="3502426" t="студентов"><v><l id="338210" t="студент"><g v="NOUN"></g><g v="anim"></g><g v="masc"></g><g v="plur"></g><g v="gent"></g></l></v></tfr></token><token text="под" id="660610"><tfr rev_id="2503304" t="под"><v><l id="243755" t="под"><g v="PREP"></g></l></v></tfr></token><token text="прозвищем" id="660611"><tfr rev_id="1492709" t="прозвищем"><v><l id="279902" t="прозвище"><g v="NOUN"></g><g v="inan"></g><g v="neut"></g><g v="sing"></g><g v="ablt"></g></l></v></tfr></token><token text="&quot;" id="660612"><tfr rev_id="1492710" t="&quot;"><v><l id="0" t="&quot;"><g v="PNCT"></g></l></v></tfr></token><token text="Пастернак" id="660613"><tfr rev_id="4453004" t="Пастернак"><v><l id="224854" t="пастернак"><g v="NOUN"></g><g v="inan"></g><g v="masc"></g><g v="sing"></g><g v="nomn"></g></l></v><v><l id="224854" t="пастернак"><g v="NOUN"></g><g v="inan"></g><g v="masc"></g><g v="sing"></g><g v="accs"></g></l></v><v><l id="390655" t="пастернак"><g v="NOUN"></g><g v="anim"></g><g v="masc"></g><g v="Sgtm"></g><g v="Surn"></g><g v="sing"></g><g v="nomn"></g></l></v></tfr></token><token text="&quot;" id="660614"><tfr rev_id="1492712" t="&quot;"><v><l id="0" t="&quot;"><g v="PNCT"></g></l></v></tfr></token><token text="." id="660615"><tfr rev_id="1492713" t="."><v><l id="0" t="."><g v="PNCT"></g></l></v></tfr></token></tokens></sentence></paragraph><paragraph id="11808"><sentence id="36931"><source>Он меня не видит - смотрит широко открытыми глазами прямо перед собой, говорит довольно громко и неразборчиво.</source><tokens><token text="Он" id="660616"><tfr rev_id="3575750" t="Он"><v><l id="206541" t="он"><g v="NPRO"></g><g v="masc"></g><g v="3per"></g><g v="Anph"></g><g v="sing"></g><g v="nomn"></g></l></v></tfr></token><token text="меня" id="660617"><tfr rev_id="3460701" t="меня"><v><l id="387317" t="я"><g v="NPRO"></g><g v="1per"></g><g v="sing"></g><g v="accs"></g></l></v></tfr></token><token text="не" id="660618"><tfr rev_id="1492716" t="не"><v><l id="178876" t="не"><g v="PRCL"></g></l></v></tfr></token><token text="видит" id="660619"><tfr rev_id="1492717" t="видит"><v><l id="44564" t="вижу"><g v="VERB"></g><g v="impf"></g><g v="tran"></g><g v="sing"></g><g v="3per"></g><g v="pres"></g><g v="indc"></g></l></v></tfr></token><token text="-" id="660620"><tfr rev_id="1492718" t="-"><v><l id="0" t="-"><g v="PNCT"></g></l></v></tfr></token><token text="смотрит" id="660621"><tfr rev_id="1492719" t="смотрит"><v><l id="326798" t="смотрю"><g v="VERB"></g><g v="impf"></g><g v="tran"></g><g v="sing"></g><g v="3per"></g><g v="pres"></g><g v="indc"></g></l></v></tfr></token><token text="широко" id="660622"><tfr rev_id="4092272" t="широко"><v><l id="379823" t="широко"><g v="ADVB"></g></l></v></tfr></token><token text="открытыми" id="660623"><tfr rev_id="1492721" t="открытыми"><v><l id="214751" t="открытый"><g v="ADJF"></g><g v="Qual"></g><g v="plur"></g><g v="ablt"></g></l></v><v><l id="214757" t="открытый"><g v="PRTF"></g><g v="perf"></g><g v="tran"></g><g v="past"></g><g v="pssv"></g><g v="plur"></g><g v="ablt"></g></l></v></tfr></token><token text="глазами" id="660624"><tfr rev_id="1492722" t="глазами"><v><l id="70992" t="глаз"><g v="NOUN"></g><g v="inan"></g><g v="masc"></g><g v="plur"></g><g v="ablt"></g></l></v></tfr></token><token text="прямо" id="660625"><tfr rev_id="1492723" t="прямо"><v><l id="288257" t="прямо"><g v="ADVB"></g></l></v><v><l id="288258" t="прямо"><g v="PRCL"></g></l></v><v><l id="288272" t="прям"><g v="ADJS"></g><g v="Qual"></g><g v="neut"></g><g v="sing"></g></l></v></tfr></token><token text="перед" id="660626"><tfr rev_id="2602842" t="перед"><v><l id="228071" t="перед"><g v="PREP"></g></l></v></tfr></token><token text="собой" id="660627"><tfr rev_id="3636398" t="собой"><v><l id="317456" t="себя"><g v="NPRO"></g><g v="Anph"></g><g v="sing"></g><g v="ablt"></g></l></v></tfr></token><token text="," id="660628"><tfr rev_id="1492726" t=","><v><l id="0" t=","><g v="PNCT"></g></l></v></tfr></token><token text="говорит" id="660629"><tfr rev_id="1492727" t="говорит"><v><l id="72053" t="говорю"><g v="VERB"></g><g v="impf"></g><g v="tran"></g><g v="sing"></g><g v="3per"></g><g v="pres"></g><g v="indc"></g></l></v></tfr></token><token text="довольно" id="660630"><tfr rev_id="1492728" t="довольно"><v><l id="86034" t="довольно"><g v="ADVB"></g><g v="Prdx"></g></l></v><v><l id="86038" t="доволен"><g v="ADJS"></g><g v="Qual"></g><g v="neut"></g><g v="sing"></g></l></v></tfr></token><token text="громко" id="660631"><tfr rev_id="1492729" t="громко"><v><l id="75664" t="громок"><g v="ADJS"></g><g v="Qual"></g><g v="neut"></g><g v="sing"></g></l></v><v><l id="75666" t="громко"><g v="ADVB"></g></l></v></tfr></token><token text="и" id="660632"><tfr rev_id="1492730" t="и"><v><l id="116949" t="и"><g v="CONJ"></g></l></v><v><l id="116950" t="и"><g v="INTJ"></g></l></v></tfr></token><token text="неразборчиво" id="660633"><tfr rev_id="1492731" t="неразборчиво"><v><l id="187180" t="неразборчив"><g v="ADJS"></g><g v="Qual"></g><g v="neut"></g><g v="sing"></g></l></v></tfr></token><token text="." id="660634"><tfr rev_id="1492732" t="."><v><l id="0" t="."><g v="PNCT"></g></l></v></tfr></token></tokens></sentence><sentence id="36932"><source>Блютуза я не заметила.</source><tokens><token text="Блютуза" id="660635"><tfr rev_id="1492733" t="Блютуза"><v><l id="0" t="блютуза"><g v="UNKN"></g></l></v></tfr></token><token text="я" id="660636"><tfr rev_id="1492734" t="я"><v><l id="387317" t="я"><g v="NPRO"></g><g v="1per"></g><g v="sing"></g><g v="nomn"></g></l></v></tfr></token><token text="не" id="660637"><tfr rev_id="1492735" t="не"><v><l id="178876" t="не"><g v="PRCL"></g></l></v></tfr></token><token text="заметила" id="660638"><tfr rev_id="1492736" t="заметила"><v><l id="105525" t="заметил"><g v="VERB"></g><g v="perf"></g><g v="tran"></g><g v="femn"></g><g v="sing"></g><g v="past"></g><g v="indc"></g></l></v></tfr></token><token text="." id="660639"><tfr rev_id="1492737" t="."><v><l id="0" t="."><g v="PNCT"></g></l></v></tfr></token></tokens></sentence></paragraph><paragraph id="11809"><sentence id="36933"><source>В голове бродят какие-то научно-фантастические ассоциации - сырость, загадочная кафедра, преподаватели-зомби...</source><tokens><token text="В" id="660640"><tfr rev_id="1492738" t="В"><v><l id="37409" t="в"><g v="PREP"></g></l></v></tfr></token><token text="голове" id="660641"><tfr rev_id="4322980" t="голове"><v><l id="72304" t="голова"><g v="NOUN"></g><g v="inan"></g><g v="femn"></g><g v="sing"></g><g v="loct"></g></l></v></tfr></token><token text="бродят" id="660642"><tfr rev_id="1492740" t="бродят"><v><l id="34102" t="брожу"><g v="VERB"></g><g v="impf"></g><g v="intr"></g><g v="plur"></g><g v="3per"></g><g v="pres"></g><g v="indc"></g></l></v></tfr></token><token text="какие-то" id="660643"><tfr rev_id="4084298" t="какие-то"><v><l id="128227" t="какой-то"><g v="ADJF"></g><g v="Apro"></g><g v="plur"></g><g v="nomn"></g></l></v></tfr></token><token text="научно-фантастические" id="660644"><tfr rev_id="3764142" t="научно-фантастические"><v><l id="177542" t="научно-фантастический"><g v="ADJF"></g><g v="plur"></g><g v="nomn"></g></l></v></tfr></token><token text="ассоциации" id="660645"><tfr rev_id="3796729" t="ассоциации"><v><l id="18836" t="ассоциация"><g v="NOUN"></g><g v="inan"></g><g v="femn"></g><g v="plur"></g><g v="nomn"></g></l></v></tfr></token><token text="-" id="660646"><tfr rev_id="1492744" t="-"><v><l id="0" t="-"><g v="PNCT"></g></l></v></tfr></token><token text="сырость" id="660647"><tfr rev_id="2782322" t="сырость"><v><l id="341756" t="сырость"><g v="NOUN"></g><g v="inan"></g><g v="femn"></g><g v="sing"></g><g v="nomn"></g></l></v></tfr></token><token text="," id="660648"><tfr rev_id="1492746" t=","><v><l id="0" t=","><g v="PNCT"></g></l></v></tfr></token><token text="загадочная" id="660649"><tfr rev_id="1492747" t="загадочная"><v><l id="100240" t="загадочный"><g v="ADJF"></g><g v="Qual"></g><g v="femn"></g><g v="sing"></g><g v="nomn"></g></l></v></tfr></token><token text="кафедра" id="660650"><tfr rev_id="1492748" t="кафедра"><v><l id="131537" t="кафедра"><g v="NOUN"></g><g v="inan"></g><g v="femn"></g><g v="sing"></g><g v="nomn"></g></l></v></tfr></token><token text="," id="660651"><tfr rev_id="1492749" t=","><v><l id="0" t=","><g v="PNCT"></g></l></v></tfr></token><token text="преподаватели" id="660652"><tfr rev_id="1492750" t="преподаватели"><v><l id="267948" t="преподаватель"><g v="NOUN"></g><g v="anim"></g><g v="masc"></g><g v="plur"></g><g v="nomn"></g></l></v></tfr></token><token text="-" id="660653"><tfr rev_id="1492751" t="-"><v><l id="0" t="-"><g v="PNCT"></g></l></v></tfr></token><token text="зомби" id="660654"><tfr rev_id="4571983" t="зомби"><v><l id="116337" t="зомби"><g v="NOUN"></g><g v="anim"></g><g v="masc"></g><g v="Fixd"></g><g v="plur"></g><g v="nomn"></g></l></v></tfr></token><token text="..." id="660655"><tfr rev_id="1492753" t="..."><v><l id="0" t="..."><g v="PNCT"></g></l></v></tfr></token></tokens></sentence><sentence id="36934"><source>здороваемся мы уже на вахте, где берут ключи и где над моим откровенным 11-20 красуется целомудренное 11-00 Пастернака.</source><tokens><token text="здороваемся" id="660656"><tfr rev_id="1492754" t="здороваемся"><v><l id="114722" t="здороваюсь"><g v="VERB"></g><g v="impf"></g><g v="intr"></g><g v="plur"></g><g v="1per"></g><g v="pres"></g><g v="indc"></g></l></v></tfr></token><token text="мы" id="660657"><tfr rev_id="1492755" t="мы"><v><l id="165750" t="мы"><g v="NPRO"></g><g v="1per"></g><g v="plur"></g><g v="nomn"></g></l></v></tfr></token><token text="уже" id="660658"><tfr rev_id="2692840" t="уже"><v><l id="355422" t="уж"><g v="NOUN"></g><g v="anim"></g><g v="masc"></g><g v="sing"></g><g v="loct"></g></l></v><v><l id="355498" t="уже"><g v="ADVB"></g></l></v><v><l id="355674" t="уже"><g v="COMP"></g><g v="Qual"></g></l></v><v><l id="388673" t="уже"><g v="PRCL"></g></l></v></tfr></token><token text="на" id="660659"><tfr rev_id="3394452" t="на"><v><l id="166264" t="на"><g v="PREP"></g></l></v></tfr></token><token text="вахте" id="660660"><tfr rev_id="2737537" t="вахте"><v><l id="39354" t="вахта"><g v="NOUN"></g><g v="inan"></g><g v="femn"></g><g v="sing"></g><g v="loct"></g></l></v></tfr></token><token text="," id="660661"><tfr rev_id="1492759" t=","><v><l id="0" t=","><g v="PNCT"></g></l></v></tfr></token><token text="где" id="660662"><tfr rev_id="2636498" t="где"><v><l id="67984" t="где"><g v="ADVB"></g><g v="Ques"></g></l></v><v><l id="388669" t="где"><g v="CONJ"></g></l></v></tfr></token><token text="берут" id="660663"><tfr rev_id="1492761" t="берут"><v><l id="33652" t="беру"><g v="VERB"></g><g v="impf"></g><g v="tran"></g><g v="plur"></g><g v="3per"></g><g v="pres"></g><g v="indc"></g></l></v></tfr></token><token text="ключи" id="660664"><tfr rev_id="2757291" t="ключи"><v><l id="134733" t="ключ"><g v="NOUN"></g><g v="inan"></g><g v="masc"></g><g v="plur"></g><g v="accs"></g></l></v></tfr></token><token text="и" id="660665"><tfr rev_id="3462668" t="и"><v><l id="116949" t="и"><g v="CONJ"></g></l></v></tfr></token><token text="где" id="660666"><tfr rev_id="2636499" t="где"><v><l id="67984" t="где"><g v="ADVB"></g><g v="Ques"></g></l></v><v><l id="388669" t="где"><g v="CONJ"></g></l></v></tfr></token><token text="над" id="660667"><tfr rev_id="1492765" t="над"><v><l id="168356" t="над"><g v="PREP"></g></l></v></tfr></token><token text="моим" id="660668"><tfr rev_id="4414615" t="моим"><v><l id="162570" t="мой"><g v="ADJF"></g><g v="Apro"></g><g v="neut"></g><g v="sing"></g><g v="ablt"></g></l></v></tfr></token><token text="откровенным" id="660669"><tfr rev_id="4171809" t="откровенным"><v><l id="214690" t="откровенный"><g v="ADJF"></g><g v="Qual"></g><g v="neut"></g><g v="sing"></g><g v="ablt"></g></l></v></tfr></token><token text="11-20" id="660670"><tfr rev_id="4146831" t="11-20"><v><l id="0" t="11-20"><g v="UNKN"></g></l></v></tfr></token><token text="красуется" id="660671"><tfr rev_id="1492769" t="красуется"><v><l id="142022" t="красуюсь"><g v="VERB"></g><g v="impf"></g><g v="intr"></g><g v="sing"></g><g v="3per"></g><g v="pres"></g><g v="indc"></g></l></v></tfr></token><token text="целомудренное" id="660672"><tfr rev_id="3756383" t="целомудренное"><v><l id="373200" t="целомудренный"><g v="ADJF"></g><g v="Qual"></g><g v="neut"></g><g v="sing"></g><g v="nomn"></g></l></v></tfr></token><token text="11-00" id="660673"><tfr rev_id="4146832" t="11-00"><v><l id="0" t="11-00"><g v="UNKN"></g></l></v></tfr></token><token text="Пастернака" id="660674"><tfr rev_id="4456606" t="Пастернака"><v><l id="390655" t="пастернак"><g v="NOUN"></g><g v="anim"></g><g v="masc"></g><g v="Sgtm"></g><g v="Surn"></g><g v="sing"></g><g v="accs"></g></l></v><v><l id="390655" t="пастернак"><g v="NOUN"></g><g v="anim"></g><g v="masc"></g><g v="Sgtm"></g><g v="Surn"></g><g v="sing"></g><g v="gent"></g></l></v></tfr></token><token text="." id="660675"><tfr rev_id="1492773" t="."><v><l id="0" t="."><g v="PNCT"></g></l></v></tfr></token></tokens></sentence></paragraph></paragraphs></text>