<?xml version="1.0" encoding="utf-8"?><text parent="56" id="1310" name="О президенте УЕФА"><tags><tag>Автор:http://ru.wikinews.org/wiki/Участник:Ygrek</tag><tag>url:http://ru.wikinews.org/w/index.php?title=О_президенте_УЕФА&amp;oldid=4989</tag><tag>Дата:27/04</tag><tag>Год:2006</tag><tag>Тема:ВикиКатегория:Футбол</tag></tags><paragraphs><paragraph id="11973"><sentence id="37277"><source>Семидесятишестилетний президент Европейского футбольного союза (УЕФА) Леннарт Юханссон (Lennart Johansson) передумал уходить на пенсию, и намерен продолжить своё президентство ещё на четыре года.</source><tokens><token text="Семидесятишестилетний" id="666222"><tfr rev_id="1498317" t="Семидесятишестилетний"><v><l id="0" t="семидесятишестилетний"><g v="UNKN"></g></l></v></tfr></token><token text="президент" id="666223"><tfr rev_id="1498318" t="президент"><v><l id="267449" t="президент"><g v="NOUN"></g><g v="anim"></g><g v="masc"></g><g v="sing"></g><g v="nomn"></g></l></v></tfr></token><token text="Европейского" id="666224"><tfr rev_id="4097008" t="Европейского"><v><l id="94034" t="европейский"><g v="ADJF"></g><g v="masc"></g><g v="sing"></g><g v="gent"></g></l></v><v><l id="94034" t="европейский"><g v="ADJF"></g><g v="anim"></g><g v="masc"></g><g v="sing"></g><g v="accs"></g></l></v></tfr></token><token text="футбольного" id="666225"><tfr rev_id="4578310" t="футбольного"><v><l id="368776" t="футбольный"><g v="ADJF"></g><g v="masc"></g><g v="sing"></g><g v="gent"></g></l></v></tfr></token><token text="союза" id="666226"><tfr rev_id="1498321" t="союза"><v><l id="331314" t="союз"><g v="NOUN"></g><g v="inan"></g><g v="masc"></g><g v="sing"></g><g v="gent"></g></l></v></tfr></token><token text="(" id="666227"><tfr rev_id="1498322" t="("><v><l id="0" t="("><g v="PNCT"></g></l></v></tfr></token><token text="УЕФА" id="666228"><tfr rev_id="4151700" t="УЕФА"><v><l id="355415" t="уефа"><g v="NOUN"></g><g v="inan"></g><g v="masc"></g><g v="Sgtm"></g><g v="Fixd"></g><g v="Abbr"></g><g v="Orgn"></g><g v="sing"></g><g v="gent"></g></l></v></tfr></token><token text=")" id="666229"><tfr rev_id="1498324" t=")"><v><l id="0" t=")"><g v="PNCT"></g></l></v></tfr></token><token text="Леннарт" id="666230"><tfr rev_id="1498325" t="Леннарт"><v><l id="148091" t="леннарт"><g v="NOUN"></g><g v="anim"></g><g v="masc"></g><g v="Name"></g><g v="sing"></g><g v="nomn"></g></l></v></tfr></token><token text="Юханссон" id="666231"><tfr rev_id="1498326" t="Юханссон"><v><l id="0" t="юханссон"><g v="UNKN"></g></l></v></tfr></token><token text="(" id="666232"><tfr rev_id="1498327" t="("><v><l id="0" t="("><g v="PNCT"></g></l></v></tfr></token><token text="Lennart" id="666233"><tfr rev_id="2475150" t="Lennart"><v><l id="0" t="Lennart"><g v="LATN"></g></l></v></tfr></token><token text="Johansson" id="666234"><tfr rev_id="2475151" t="Johansson"><v><l id="0" t="Johansson"><g v="LATN"></g></l></v></tfr></token><token text=")" id="666235"><tfr rev_id="1498330" t=")"><v><l id="0" t=")"><g v="PNCT"></g></l></v></tfr></token><token text="передумал" id="666236"><tfr rev_id="1498331" t="передумал"><v><l id="228513" t="передумал"><g v="VERB"></g><g v="perf"></g><g v="tran"></g><g v="masc"></g><g v="sing"></g><g v="past"></g><g v="indc"></g></l></v></tfr></token><token text="уходить" id="666237"><tfr rev_id="1498332" t="уходить"><v><l id="362938" t="уходить"><g v="INFN"></g><g v="impf"></g><g v="intr"></g></l></v><v><l id="362943" t="уходить"><g v="INFN"></g><g v="perf"></g><g v="tran"></g></l></v></tfr></token><token text="на" id="666238"><tfr rev_id="3337100" t="на"><v><l id="166264" t="на"><g v="PREP"></g></l></v></tfr></token><token text="пенсию" id="666239"><tfr rev_id="1498334" t="пенсию"><v><l id="226080" t="пенсия"><g v="NOUN"></g><g v="inan"></g><g v="femn"></g><g v="sing"></g><g v="accs"></g></l></v></tfr></token><token text="," id="666240"><tfr rev_id="1498335" t=","><v><l id="0" t=","><g v="PNCT"></g></l></v></tfr></token><token text="и" id="666241"><tfr rev_id="1498336" t="и"><v><l id="116949" t="и"><g v="CONJ"></g></l></v><v><l id="116950" t="и"><g v="INTJ"></g></l></v></tfr></token><token text="намерен" id="666242"><tfr rev_id="1498337" t="намерен"><v><l id="172445" t="намерен"><g v="ADJS"></g><g v="masc"></g><g v="sing"></g></l></v><v><l id="172450" t="намерен"><g v="ADJS"></g><g v="Qual"></g><g v="masc"></g><g v="sing"></g></l></v><v><l id="172473" t="намерен"><g v="PRTS"></g><g v="perf"></g><g v="past"></g><g v="pssv"></g><g v="masc"></g><g v="sing"></g></l></v></tfr></token><token text="продолжить" id="666243"><tfr rev_id="1498338" t="продолжить"><v><l id="279234" t="продолжить"><g v="INFN"></g><g v="perf"></g><g v="tran"></g></l></v></tfr></token><token text="своё" id="666244"><tfr rev_id="3632823" t="своё"><v><l id="316379" t="свой"><g v="ADJF"></g><g v="Apro"></g><g v="Anph"></g><g v="neut"></g><g v="sing"></g><g v="nomn"></g></l></v><v><l id="316379" t="свой"><g v="ADJF"></g><g v="Apro"></g><g v="Anph"></g><g v="neut"></g><g v="sing"></g><g v="accs"></g></l></v></tfr></token><token text="президентство" id="666245"><tfr rev_id="4240508" t="президентство"><v><l id="267452" t="президентство"><g v="NOUN"></g><g v="inan"></g><g v="neut"></g><g v="sing"></g><g v="accs"></g></l></v></tfr></token><token text="ещё" id="666246"><tfr rev_id="1498341" t="ещё"><v><l id="95551" t="ещё"><g v="PRCL"></g></l></v><v><l id="95552" t="ещё"><g v="ADVB"></g></l></v></tfr></token><token text="на" id="666247"><tfr rev_id="3333751" t="на"><v><l id="166264" t="на"><g v="PREP"></g></l></v></tfr></token><token text="четыре" id="666248"><tfr rev_id="1498343" t="четыре"><v><l id="376181" t="четыре"><g v="NUMR"></g><g v="nomn"></g></l></v><v><l id="376181" t="четыре"><g v="NUMR"></g><g v="inan"></g><g v="accs"></g></l></v></tfr></token><token text="года" id="666249"><tfr rev_id="3489577" t="года"><v><l id="72149" t="год"><g v="NOUN"></g><g v="inan"></g><g v="masc"></g><g v="sing"></g><g v="gen1"></g></l></v></tfr></token><token text="." id="666250"><tfr rev_id="1498345" t="."><v><l id="0" t="."><g v="PNCT"></g></l></v></tfr></token></tokens></sentence><sentence id="37278"><source>Об этом Юханссон заявил на шведском телевидении.</source><tokens><token text="Об" id="666251"><tfr rev_id="2921260" t="Об"><v><l id="192977" t="о"><g v="PREP"></g><g v="Vpre"></g></l></v></tfr></token><token text="этом" id="666252"><tfr rev_id="4472618" t="этом"><v><l id="386575" t="это"><g v="NPRO"></g><g v="neut"></g><g v="sing"></g><g v="loct"></g></l></v></tfr></token><token text="Юханссон" id="666253"><tfr rev_id="1498348" t="Юханссон"><v><l id="0" t="юханссон"><g v="UNKN"></g></l></v></tfr></token><token text="заявил" id="666254"><tfr rev_id="1498349" t="заявил"><v><l id="114300" t="заявил"><g v="VERB"></g><g v="perf"></g><g v="tran"></g><g v="masc"></g><g v="sing"></g><g v="past"></g><g v="indc"></g></l></v></tfr></token><token text="на" id="666255"><tfr rev_id="3341530" t="на"><v><l id="166264" t="на"><g v="PREP"></g></l></v></tfr></token><token text="шведском" id="666256"><tfr rev_id="4165017" t="шведском"><v><l id="378768" t="шведский"><g v="ADJF"></g><g v="neut"></g><g v="sing"></g><g v="loct"></g></l></v></tfr></token><token text="телевидении" id="666257"><tfr rev_id="1498352" t="телевидении"><v><l id="344095" t="телевидение"><g v="NOUN"></g><g v="inan"></g><g v="neut"></g><g v="sing"></g><g v="loct"></g></l></v></tfr></token><token text="." id="666258"><tfr rev_id="1498353" t="."><v><l id="0" t="."><g v="PNCT"></g></l></v></tfr></token></tokens></sentence><sentence id="37279"><source>Перевыборы президента УЕФА состоятся в январе 2007 года в Дюссельдорфе.</source><tokens><token text="Перевыборы" id="666259"><tfr rev_id="3284832" t="Перевыборы"><v><l id="227527" t="перевыборы"><g v="NOUN"></g><g v="inan"></g><g v="GNdr"></g><g v="Pltm"></g><g v="plur"></g><g v="nomn"></g></l></v></tfr></token><token text="президента" id="666260"><tfr rev_id="3302596" t="президента"><v><l id="267449" t="президент"><g v="NOUN"></g><g v="anim"></g><g v="masc"></g><g v="sing"></g><g v="gent"></g></l></v></tfr></token><token text="УЕФА" id="666261"><tfr rev_id="3490479" t="УЕФА"><v><l id="355415" t="уефа"><g v="NOUN"></g><g v="inan"></g><g v="masc"></g><g v="Sgtm"></g><g v="Fixd"></g><g v="Abbr"></g><g v="Orgn"></g><g v="sing"></g><g v="gent"></g></l></v></tfr></token><token text="состоятся" id="666262"><tfr rev_id="1498357" t="состоятся"><v><l id="330568" t="состоялся"><g v="VERB"></g><g v="perf"></g><g v="intr"></g><g v="plur"></g><g v="3per"></g><g v="futr"></g><g v="indc"></g></l></v></tfr></token><token text="в" id="666263"><tfr rev_id="1498358" t="в"><v><l id="37409" t="в"><g v="PREP"></g></l></v></tfr></token><token text="январе" id="666264"><tfr rev_id="1498359" t="январе"><v><l id="387905" t="январь"><g v="NOUN"></g><g v="inan"></g><g v="masc"></g><g v="sing"></g><g v="loct"></g></l></v></tfr></token><token text="2007" id="666265"><tfr rev_id="2462486" t="2007"><v><l id="0" t="2007"><g v="NUMB"></g></l></v></tfr></token><token text="года" id="666266"><tfr rev_id="3431772" t="года"><v><l id="72149" t="год"><g v="NOUN"></g><g v="inan"></g><g v="masc"></g><g v="sing"></g><g v="gen1"></g></l></v></tfr></token><token text="в" id="666267"><tfr rev_id="1498362" t="в"><v><l id="37409" t="в"><g v="PREP"></g></l></v></tfr></token><token text="Дюссельдорфе" id="666268"><tfr rev_id="1498363" t="Дюссельдорфе"><v><l id="93776" t="дюссельдорф"><g v="NOUN"></g><g v="inan"></g><g v="masc"></g><g v="Geox"></g><g v="sing"></g><g v="loct"></g></l></v></tfr></token><token text="." id="666269"><tfr rev_id="1498364" t="."><v><l id="0" t="."><g v="PNCT"></g></l></v></tfr></token></tokens></sentence><sentence id="37280"><source>Ранее Юханссон давал понять, что он не будет больше выставлять свою кандидатуру.</source><tokens><token text="Ранее" id="666270"><tfr rev_id="1498365" t="Ранее"><v><l id="297884" t="ранее"><g v="ADVB"></g></l></v></tfr></token><token text="Юханссон" id="666271"><tfr rev_id="1498366" t="Юханссон"><v><l id="0" t="юханссон"><g v="UNKN"></g></l></v></tfr></token><token text="давал" id="666272"><tfr rev_id="1498367" t="давал"><v><l id="77579" t="даю"><g v="VERB"></g><g v="impf"></g><g v="tran"></g><g v="masc"></g><g v="sing"></g><g v="past"></g><g v="indc"></g></l></v></tfr></token><token text="понять" id="666273"><tfr rev_id="1498368" t="понять"><v><l id="258712" t="понять"><g v="INFN"></g><g v="perf"></g><g v="tran"></g></l></v></tfr></token><token text="," id="666274"><tfr rev_id="1498369" t=","><v><l id="0" t=","><g v="PNCT"></g></l></v></tfr></token><token text="что" id="666275"><tfr rev_id="3197468" t="что"><v><l id="377004" t="что"><g v="CONJ"></g></l></v><v><l id="377005" t="что"><g v="NPRO"></g><g v="neut"></g><g v="sing"></g><g v="nomn"></g></l></v><v><l id="377005" t="что"><g v="NPRO"></g><g v="neut"></g><g v="sing"></g><g v="accs"></g></l></v><v><l id="377006" t="что"><g v="ADVB"></g><g v="Ques"></g></l></v><v><l id="388695" t="что"><g v="PRCL"></g></l></v></tfr></token><token text="он" id="666276"><tfr rev_id="3575765" t="он"><v><l id="206541" t="он"><g v="NPRO"></g><g v="masc"></g><g v="3per"></g><g v="Anph"></g><g v="sing"></g><g v="nomn"></g></l></v></tfr></token><token text="не" id="666277"><tfr rev_id="1498372" t="не"><v><l id="178876" t="не"><g v="PRCL"></g></l></v></tfr></token><token text="будет" id="666278"><tfr rev_id="1498373" t="будет"><v><l id="37265" t="есть"><g v="VERB"></g><g v="impf"></g><g v="intr"></g><g v="sing"></g><g v="3per"></g><g v="futr"></g><g v="indc"></g></l></v></tfr></token><token text="больше" id="666279"><tfr rev_id="2558505" t="больше"><v><l id="32325" t="больше"><g v="ADVB"></g></l></v><v><l id="32447" t="больше"><g v="COMP"></g><g v="Qual"></g></l></v></tfr></token><token text="выставлять" id="666280"><tfr rev_id="1498375" t="выставлять"><v><l id="62600" t="выставлять"><g v="INFN"></g><g v="impf"></g><g v="tran"></g></l></v></tfr></token><token text="свою" id="666281"><tfr rev_id="3632266" t="свою"><v><l id="316379" t="свой"><g v="ADJF"></g><g v="Apro"></g><g v="Anph"></g><g v="femn"></g><g v="sing"></g><g v="accs"></g></l></v></tfr></token><token text="кандидатуру" id="666282"><tfr rev_id="4331802" t="кандидатуру"><v><l id="129329" t="кандидатура"><g v="NOUN"></g><g v="inan"></g><g v="femn"></g><g v="sing"></g><g v="accs"></g></l></v></tfr></token><token text="." id="666283"><tfr rev_id="1498378" t="."><v><l id="0" t="."><g v="PNCT"></g></l></v></tfr></token></tokens></sentence><sentence id="37281"><source>Юханссон передумал, несмотря на свой преклонный возраст:</source><tokens><token text="Юханссон" id="666284"><tfr rev_id="1498379" t="Юханссон"><v><l id="0" t="юханссон"><g v="UNKN"></g></l></v></tfr></token><token text="передумал" id="666285"><tfr rev_id="1498380" t="передумал"><v><l id="228513" t="передумал"><g v="VERB"></g><g v="perf"></g><g v="tran"></g><g v="masc"></g><g v="sing"></g><g v="past"></g><g v="indc"></g></l></v></tfr></token><token text="," id="666286"><tfr rev_id="1498381" t=","><v><l id="0" t=","><g v="PNCT"></g></l></v></tfr></token><token text="несмотря" id="666287"><tfr rev_id="1498382" t="несмотря"><v><l id="188286" t="несмотря"><g v="PREP"></g></l></v></tfr></token><token text="на" id="666288"><tfr rev_id="3343385" t="на"><v><l id="166264" t="на"><g v="PREP"></g></l></v></tfr></token><token text="свой" id="666289"><tfr rev_id="3629883" t="свой"><v><l id="316379" t="свой"><g v="ADJF"></g><g v="Apro"></g><g v="Anph"></g><g v="inan"></g><g v="masc"></g><g v="sing"></g><g v="accs"></g></l></v></tfr></token><token text="преклонный" id="666290"><tfr rev_id="1498385" t="преклонный"><v><l id="267561" t="преклонный"><g v="ADJF"></g><g v="Qual"></g><g v="masc"></g><g v="sing"></g><g v="nomn"></g></l></v><v><l id="267561" t="преклонный"><g v="ADJF"></g><g v="Qual"></g><g v="inan"></g><g v="masc"></g><g v="sing"></g><g v="accs"></g></l></v></tfr></token><token text="возраст" id="666291"><tfr rev_id="4107522" t="возраст"><v><l id="49611" t="возраст"><g v="NOUN"></g><g v="inan"></g><g v="masc"></g><g v="sing"></g><g v="accs"></g></l></v></tfr></token><token text=":" id="666292"><tfr rev_id="1498387" t=":"><v><l id="0" t=":"><g v="PNCT"></g></l></v></tfr></token></tokens></sentence><sentence id="37282"><source>«На данный момент ещё никто серьёзно не выразил намерения занять его пост.</source><tokens><token text="«" id="666293"><tfr rev_id="2446019" t="«"><v><l id="0" t="«"><g v="PNCT"></g></l></v></tfr></token><token text="На" id="666294"><tfr rev_id="3344307" t="На"><v><l id="166264" t="на"><g v="PREP"></g></l></v></tfr></token><token text="данный" id="666295"><tfr rev_id="3662527" t="данный"><v><l id="78303" t="данный"><g v="ADJF"></g><g v="Apro"></g><g v="masc"></g><g v="sing"></g><g v="nomn"></g></l></v><v><l id="78303" t="данный"><g v="ADJF"></g><g v="Apro"></g><g v="inan"></g><g v="masc"></g><g v="sing"></g><g v="accs"></g></l></v><v><l id="78549" t="данный"><g v="PRTF"></g><g v="perf"></g><g v="tran"></g><g v="past"></g><g v="pssv"></g><g v="masc"></g><g v="sing"></g><g v="nomn"></g></l></v><v><l id="78549" t="данный"><g v="PRTF"></g><g v="perf"></g><g v="tran"></g><g v="past"></g><g v="pssv"></g><g v="inan"></g><g v="masc"></g><g v="sing"></g><g v="accs"></g></l></v></tfr></token><token text="момент" id="666296"><tfr rev_id="1498391" t="момент"><v><l id="163050" t="момент"><g v="NOUN"></g><g v="inan"></g><g v="masc"></g><g v="sing"></g><g v="nomn"></g></l></v><v><l id="163050" t="момент"><g v="NOUN"></g><g v="inan"></g><g v="masc"></g><g v="sing"></g><g v="accs"></g></l></v></tfr></token><token text="ещё" id="666297"><tfr rev_id="1498392" t="ещё"><v><l id="95551" t="ещё"><g v="PRCL"></g></l></v><v><l id="95552" t="ещё"><g v="ADVB"></g></l></v></tfr></token><token text="никто" id="666298"><tfr rev_id="1498393" t="никто"><v><l id="191016" t="никто"><g v="NPRO"></g><g v="sing"></g><g v="nomn"></g></l></v></tfr></token><token text="серьёзно" id="666299"><tfr rev_id="1498394" t="серьёзно"><v><l id="319557" t="серьёзно"><g v="ADVB"></g></l></v><v><l id="319560" t="серьёзен"><g v="ADJS"></g><g v="Qual"></g><g v="neut"></g><g v="sing"></g></l></v></tfr></token><token text="не" id="666300"><tfr rev_id="1498395" t="не"><v><l id="178876" t="не"><g v="PRCL"></g></l></v></tfr></token><token text="выразил" id="666301"><tfr rev_id="1498396" t="выразил"><v><l id="61211" t="выразил"><g v="VERB"></g><g v="perf"></g><g v="tran"></g><g v="masc"></g><g v="sing"></g><g v="past"></g><g v="indc"></g></l></v></tfr></token><token text="намерения" id="666302"><tfr rev_id="3467027" t="намерения"><v><l id="172446" t="намерение"><g v="NOUN"></g><g v="inan"></g><g v="neut"></g><g v="sing"></g><g v="gent"></g></l></v></tfr></token><token text="занять" id="666303"><tfr rev_id="1498398" t="занять"><v><l id="106584" t="занять"><g v="INFN"></g><g v="perf"></g><g v="tran"></g></l></v></tfr></token><token text="его" id="666304"><tfr rev_id="4515204" t="его"><v><l id="94208" t="его"><g v="ADJF"></g><g v="Fixd"></g><g v="Apro"></g><g v="Anph"></g><g v="masc"></g><g v="sing"></g><g v="nomn"></g></l></v><v><l id="94208" t="его"><g v="ADJF"></g><g v="Fixd"></g><g v="Apro"></g><g v="Anph"></g><g v="masc"></g><g v="sing"></g><g v="gent"></g></l></v><v><l id="94208" t="его"><g v="ADJF"></g><g v="Fixd"></g><g v="Apro"></g><g v="Anph"></g><g v="masc"></g><g v="sing"></g><g v="datv"></g></l></v><v><l id="94208" t="его"><g v="ADJF"></g><g v="Fixd"></g><g v="Apro"></g><g v="Anph"></g><g v="masc"></g><g v="sing"></g><g v="accs"></g></l></v><v><l id="94208" t="его"><g v="ADJF"></g><g v="Fixd"></g><g v="Apro"></g><g v="Anph"></g><g v="masc"></g><g v="sing"></g><g v="ablt"></g></l></v><v><l id="94208" t="его"><g v="ADJF"></g><g v="Fixd"></g><g v="Apro"></g><g v="Anph"></g><g v="masc"></g><g v="sing"></g><g v="loct"></g></l></v></tfr></token><token text="пост" id="666305"><tfr rev_id="3430724" t="пост"><v><l id="262073" t="пост"><g v="NOUN"></g><g v="inan"></g><g v="masc"></g><g v="sing"></g><g v="accs"></g></l></v></tfr></token><token text="." id="666306"><tfr rev_id="1498401" t="."><v><l id="0" t="."><g v="PNCT"></g></l></v></tfr></token></tokens></sentence><sentence id="37283"><source>Те же, кто выражает такое желание, не имеют достаточной компетенции».</source><tokens><token text="Те" id="666307"><tfr rev_id="3860305" t="Те"><v><l id="348430" t="тот"><g v="ADJF"></g><g v="Subx"></g><g v="Apro"></g><g v="Anph"></g><g v="plur"></g><g v="nomn"></g></l></v></tfr></token><token text="же" id="666308"><tfr rev_id="4084442" t="же"><v><l id="96209" t="же"><g v="PRCL"></g></l></v></tfr></token><token text="," id="666309"><tfr rev_id="1498404" t=","><v><l id="0" t=","><g v="PNCT"></g></l></v></tfr></token><token text="кто" id="666310"><tfr rev_id="1498405" t="кто"><v><l id="144216" t="кто"><g v="NPRO"></g><g v="masc"></g><g v="sing"></g><g v="nomn"></g></l></v></tfr></token><token text="выражает" id="666311"><tfr rev_id="1498406" t="выражает"><v><l id="61185" t="выражаю"><g v="VERB"></g><g v="impf"></g><g v="tran"></g><g v="sing"></g><g v="3per"></g><g v="pres"></g><g v="indc"></g></l></v></tfr></token><token text="такое" id="666312"><tfr rev_id="1498407" t="такое"><v><l id="342491" t="такой"><g v="ADJF"></g><g v="Apro"></g><g v="neut"></g><g v="sing"></g><g v="nomn"></g></l></v><v><l id="342491" t="такой"><g v="ADJF"></g><g v="Apro"></g><g v="neut"></g><g v="sing"></g><g v="accs"></g></l></v></tfr></token><token text="желание" id="666313"><tfr rev_id="3523763" t="желание"><v><l id="96267" t="желание"><g v="NOUN"></g><g v="inan"></g><g v="neut"></g><g v="sing"></g><g v="accs"></g></l></v></tfr></token><token text="," id="666314"><tfr rev_id="1498409" t=","><v><l id="0" t=","><g v="PNCT"></g></l></v></tfr></token><token text="не" id="666315"><tfr rev_id="1498410" t="не"><v><l id="178876" t="не"><g v="PRCL"></g></l></v></tfr></token><token text="имеют" id="666316"><tfr rev_id="1498411" t="имеют"><v><l id="121610" t="имею"><g v="VERB"></g><g v="impf"></g><g v="tran"></g><g v="plur"></g><g v="3per"></g><g v="pres"></g><g v="indc"></g></l></v></tfr></token><token text="достаточной" id="666317"><tfr rev_id="4343285" t="достаточной"><v><l id="90479" t="достаточный"><g v="ADJF"></g><g v="Qual"></g><g v="femn"></g><g v="sing"></g><g v="gent"></g></l></v></tfr></token><token text="компетенции" id="666318"><tfr rev_id="4101721" t="компетенции"><v><l id="137218" t="компетенция"><g v="NOUN"></g><g v="inan"></g><g v="femn"></g><g v="sing"></g><g v="gent"></g></l></v></tfr></token><token text="»" id="666319"><tfr rev_id="2446020" t="»"><v><l id="0" t="»"><g v="PNCT"></g></l></v></tfr></token><token text="." id="666320"><tfr rev_id="1498415" t="."><v><l id="0" t="."><g v="PNCT"></g></l></v></tfr></token></tokens></sentence></paragraph><paragraph id="11974"><sentence id="37284"><source>В последние месяцы интересовались этим Франц Бекенбауэр (Германия) и Мишель Платини (Франция).</source><tokens><token text="В" id="666321"><tfr rev_id="1498416" t="В"><v><l id="37409" t="в"><g v="PREP"></g></l></v></tfr></token><token text="последние" id="666322"><tfr rev_id="3751427" t="последние"><v><l id="261565" t="последний"><g v="ADJF"></g><g v="inan"></g><g v="plur"></g><g v="accs"></g></l></v></tfr></token><token text="месяцы" id="666323"><tfr rev_id="2757327" t="месяцы"><v><l id="158841" t="месяц"><g v="NOUN"></g><g v="inan"></g><g v="masc"></g><g v="plur"></g><g v="accs"></g></l></v></tfr></token><token text="интересовались" id="666324"><tfr rev_id="1498419" t="интересовались"><v><l id="123190" t="интересуюсь"><g v="VERB"></g><g v="impf"></g><g v="intr"></g><g v="plur"></g><g v="past"></g><g v="indc"></g></l></v></tfr></token><token text="этим" id="666325"><tfr rev_id="4472806" t="этим"><v><l id="386575" t="это"><g v="NPRO"></g><g v="neut"></g><g v="sing"></g><g v="ablt"></g></l></v></tfr></token><token text="Франц" id="666326"><tfr rev_id="1498421" t="Франц"><v><l id="368051" t="франц"><g v="NOUN"></g><g v="anim"></g><g v="masc"></g><g v="Name"></g><g v="sing"></g><g v="nomn"></g></l></v></tfr></token><token text="Бекенбауэр" id="666327"><tfr rev_id="1498422" t="Бекенбауэр"><v><l id="0" t="бекенбауэр"><g v="UNKN"></g></l></v></tfr></token><token text="(" id="666328"><tfr rev_id="1498423" t="("><v><l id="0" t="("><g v="PNCT"></g></l></v></tfr></token><token text="Германия" id="666329"><tfr rev_id="3747827" t="Германия"><v><l id="69099" t="германия"><g v="NOUN"></g><g v="inan"></g><g v="femn"></g><g v="Sgtm"></g><g v="Geox"></g><g v="sing"></g><g v="nomn"></g></l></v></tfr></token><token text=")" id="666330"><tfr rev_id="1498425" t=")"><v><l id="0" t=")"><g v="PNCT"></g></l></v></tfr></token><token text="и" id="666331"><tfr rev_id="1498426" t="и"><v><l id="116949" t="и"><g v="CONJ"></g></l></v><v><l id="116950" t="и"><g v="INTJ"></g></l></v></tfr></token><token text="Мишель" id="666332"><tfr rev_id="4290801" t="Мишель"><v><l id="161294" t="мишель"><g v="NOUN"></g><g v="anim"></g><g v="masc"></g><g v="Name"></g><g v="sing"></g><g v="nomn"></g></l></v></tfr></token><token text="Платини" id="666333"><tfr rev_id="1498428" t="Платини"><v><l id="0" t="платини"><g v="UNKN"></g></l></v></tfr></token><token text="(" id="666334"><tfr rev_id="1498429" t="("><v><l id="0" t="("><g v="PNCT"></g></l></v></tfr></token><token text="Франция" id="666335"><tfr rev_id="4282172" t="Франция"><v><l id="368071" t="франция"><g v="NOUN"></g><g v="inan"></g><g v="femn"></g><g v="Sgtm"></g><g v="Geox"></g><g v="sing"></g><g v="nomn"></g></l></v></tfr></token><token text=")" id="666336"><tfr rev_id="1498431" t=")"><v><l id="0" t=")"><g v="PNCT"></g></l></v></tfr></token><token text="." id="666337"><tfr rev_id="1498432" t="."><v><l id="0" t="."><g v="PNCT"></g></l></v></tfr></token></tokens></sentence><sentence id="37285"><source>На шведском телевидении высказывание о некомпетентности относят, скорее, к Платини.</source><tokens><token text="На" id="666338"><tfr rev_id="3339259" t="На"><v><l id="166264" t="на"><g v="PREP"></g></l></v></tfr></token><token text="шведском" id="666339"><tfr rev_id="4165164" t="шведском"><v><l id="378768" t="шведский"><g v="ADJF"></g><g v="neut"></g><g v="sing"></g><g v="loct"></g></l></v></tfr></token><token text="телевидении" id="666340"><tfr rev_id="1498435" t="телевидении"><v><l id="344095" t="телевидение"><g v="NOUN"></g><g v="inan"></g><g v="neut"></g><g v="sing"></g><g v="loct"></g></l></v></tfr></token><token text="высказывание" id="666341"><tfr rev_id="4355426" t="высказывание"><v><l id="61886" t="высказывание"><g v="NOUN"></g><g v="inan"></g><g v="neut"></g><g v="sing"></g><g v="accs"></g></l></v></tfr></token><token text="о" id="666342"><tfr rev_id="3326178" t="о"><v><l id="192977" t="о"><g v="PREP"></g></l></v></tfr></token><token text="некомпетентности" id="666343"><tfr rev_id="4345700" t="некомпетентности"><v><l id="183410" t="некомпетентность"><g v="NOUN"></g><g v="inan"></g><g v="femn"></g><g v="sing"></g><g v="loct"></g></l></v></tfr></token><token text="относят" id="666344"><tfr rev_id="1498439" t="относят"><v><l id="215916" t="отношу"><g v="VERB"></g><g v="impf"></g><g v="tran"></g><g v="plur"></g><g v="3per"></g><g v="pres"></g><g v="indc"></g></l></v><v><l id="215923" t="относил"><g v="VERB"></g><g v="perf"></g><g v="tran"></g><g v="plur"></g><g v="3per"></g><g v="futr"></g><g v="indc"></g></l></v></tfr></token><token text="," id="666345"><tfr rev_id="1498440" t=","><v><l id="0" t=","><g v="PNCT"></g></l></v></tfr></token><token text="скорее" id="666346"><tfr rev_id="3423655" t="скорее"><v><l id="323379" t="скорее"><g v="COMP"></g><g v="Qual"></g></l></v><v><l id="388718" t="скорее"><g v="CONJ"></g><g v="Prnt"></g></l></v></tfr></token><token text="," id="666347"><tfr rev_id="1498442" t=","><v><l id="0" t=","><g v="PNCT"></g></l></v></tfr></token><token text="к" id="666348"><tfr rev_id="1498443" t="к"><v><l id="127460" t="к"><g v="PREP"></g></l></v></tfr></token><token text="Платини" id="666349"><tfr rev_id="1498444" t="Платини"><v><l id="0" t="платини"><g v="UNKN"></g></l></v></tfr></token><token text="." id="666350"><tfr rev_id="1498445" t="."><v><l id="0" t="."><g v="PNCT"></g></l></v></tfr></token></tokens></sentence><sentence id="37286"><source>Предположительно, Юханссон хотел бы видеть своим наследником Бекенбауэра, который отшучивается словами:</source><tokens><token text="Предположительно" id="666351"><tfr rev_id="3654780" t="Предположительно"><v><l id="266826" t="предположительно"><g v="ADVB"></g></l></v><v><l id="266829" t="предположителен"><g v="ADJS"></g><g v="neut"></g><g v="sing"></g></l></v><v><l id="389083" t="предположительно"><g v="CONJ"></g><g v="Prnt"></g></l></v></tfr></token><token text="," id="666352"><tfr rev_id="1498447" t=","><v><l id="0" t=","><g v="PNCT"></g></l></v></tfr></token><token text="Юханссон" id="666353"><tfr rev_id="1498448" t="Юханссон"><v><l id="0" t="юханссон"><g v="UNKN"></g></l></v></tfr></token><token text="хотел" id="666354"><tfr rev_id="1498449" t="хотел"><v><l id="371713" t="хочу"><g v="VERB"></g><g v="impf"></g><g v="tran"></g><g v="masc"></g><g v="sing"></g><g v="past"></g><g v="indc"></g></l></v></tfr></token><token text="бы" id="666355"><tfr rev_id="1498450" t="бы"><v><l id="36985" t="бы"><g v="PRCL"></g></l></v></tfr></token><token text="видеть" id="666356"><tfr rev_id="1498451" t="видеть"><v><l id="44565" t="видеть"><g v="INFN"></g><g v="impf"></g><g v="tran"></g></l></v></tfr></token><token text="своим" id="666357"><tfr rev_id="4405125" t="своим"><v><l id="316379" t="свой"><g v="ADJF"></g><g v="Apro"></g><g v="Anph"></g><g v="masc"></g><g v="sing"></g><g v="ablt"></g></l></v></tfr></token><token text="наследником" id="666358"><tfr rev_id="1498453" t="наследником"><v><l id="175542" t="наследник"><g v="NOUN"></g><g v="anim"></g><g v="masc"></g><g v="sing"></g><g v="ablt"></g></l></v></tfr></token><token text="Бекенбауэра" id="666359"><tfr rev_id="1498454" t="Бекенбауэра"><v><l id="0" t="бекенбауэра"><g v="UNKN"></g></l></v></tfr></token><token text="," id="666360"><tfr rev_id="1498455" t=","><v><l id="0" t=","><g v="PNCT"></g></l></v></tfr></token><token text="который" id="666361"><tfr rev_id="4360757" t="который"><v><l id="141203" t="который"><g v="ADJF"></g><g v="Apro"></g><g v="Subx"></g><g v="Anph"></g><g v="masc"></g><g v="sing"></g><g v="nomn"></g></l></v></tfr></token><token text="отшучивается" id="666362"><tfr rev_id="1498457" t="отшучивается"><v><l id="220542" t="отшучиваюсь"><g v="VERB"></g><g v="impf"></g><g v="intr"></g><g v="sing"></g><g v="3per"></g><g v="pres"></g><g v="indc"></g></l></v></tfr></token><token text="словами" id="666363"><tfr rev_id="1498458" t="словами"><v><l id="325168" t="слово"><g v="NOUN"></g><g v="inan"></g><g v="neut"></g><g v="plur"></g><g v="ablt"></g></l></v></tfr></token><token text=":" id="666364"><tfr rev_id="1498459" t=":"><v><l id="0" t=":"><g v="PNCT"></g></l></v></tfr></token></tokens></sentence><sentence id="37287"><source>«В моём возрасте (60 лет) пора уже думать об удочке у тихой речки».</source><tokens><token text="«" id="666365"><tfr rev_id="2446021" t="«"><v><l id="0" t="«"><g v="PNCT"></g></l></v></tfr></token><token text="В" id="666366"><tfr rev_id="1498461" t="В"><v><l id="37409" t="в"><g v="PREP"></g></l></v></tfr></token><token text="моём" id="666367"><tfr rev_id="4464378" t="моём"><v><l id="162570" t="мой"><g v="ADJF"></g><g v="Apro"></g><g v="masc"></g><g v="sing"></g><g v="loct"></g></l></v></tfr></token><token text="возрасте" id="666368"><tfr rev_id="1498463" t="возрасте"><v><l id="49611" t="возраст"><g v="NOUN"></g><g v="inan"></g><g v="masc"></g><g v="sing"></g><g v="loct"></g></l></v></tfr></token><token text="(" id="666369"><tfr rev_id="1498464" t="("><v><l id="0" t="("><g v="PNCT"></g></l></v></tfr></token><token text="60" id="666370"><tfr rev_id="2462487" t="60"><v><l id="0" t="60"><g v="NUMB"></g></l></v></tfr></token><token text="лет" id="666371"><tfr rev_id="3434064" t="лет"><v><l id="72149" t="год"><g v="NOUN"></g><g v="inan"></g><g v="masc"></g><g v="plur"></g><g v="gent"></g></l></v></tfr></token><token text=")" id="666372"><tfr rev_id="1498467" t=")"><v><l id="0" t=")"><g v="PNCT"></g></l></v></tfr></token><token text="пора" id="666373"><tfr rev_id="1498468" t="пора"><v><l id="259871" t="пора"><g v="NOUN"></g><g v="inan"></g><g v="femn"></g><g v="sing"></g><g v="nomn"></g></l></v><v><l id="259872" t="пора"><g v="PRED"></g><g v="pres"></g></l></v></tfr></token><token text="уже" id="666374"><tfr rev_id="2692850" t="уже"><v><l id="355422" t="уж"><g v="NOUN"></g><g v="anim"></g><g v="masc"></g><g v="sing"></g><g v="loct"></g></l></v><v><l id="355498" t="уже"><g v="ADVB"></g></l></v><v><l id="355674" t="уже"><g v="COMP"></g><g v="Qual"></g></l></v><v><l id="388673" t="уже"><g v="PRCL"></g></l></v></tfr></token><token text="думать" id="666375"><tfr rev_id="1498470" t="думать"><v><l id="92997" t="думать"><g v="INFN"></g><g v="impf"></g><g v="tran"></g></l></v><v><l id="93002" t="думать"><g v="INFN"></g><g v="impf"></g><g v="intr"></g></l></v></tfr></token><token text="об" id="666376"><tfr rev_id="2921261" t="об"><v><l id="192977" t="о"><g v="PREP"></g><g v="Vpre"></g></l></v></tfr></token><token text="удочке" id="666377"><tfr rev_id="2605822" t="удочке"><v><l id="355238" t="удочка"><g v="NOUN"></g><g v="inan"></g><g v="femn"></g><g v="sing"></g><g v="loct"></g></l></v></tfr></token><token text="у" id="666378"><tfr rev_id="3417507" t="у"><v><l id="352818" t="у"><g v="PREP"></g></l></v></tfr></token><token text="тихой" id="666379"><tfr rev_id="4423549" t="тихой"><v><l id="346645" t="тихий"><g v="ADJF"></g><g v="Qual"></g><g v="femn"></g><g v="sing"></g><g v="gent"></g></l></v></tfr></token><token text="речки" id="666380"><tfr rev_id="3473429" t="речки"><v><l id="307318" t="речка"><g v="NOUN"></g><g v="inan"></g><g v="femn"></g><g v="sing"></g><g v="gent"></g></l></v></tfr></token><token text="»" id="666381"><tfr rev_id="2446022" t="»"><v><l id="0" t="»"><g v="PNCT"></g></l></v></tfr></token><token text="." id="666382"><tfr rev_id="1498477" t="."><v><l id="0" t="."><g v="PNCT"></g></l></v></tfr></token></tokens></sentence></paragraph><paragraph id="11975"><sentence id="37288"><source>Об изменении ситуации Юханссон говорил в телевизионном интервью:</source><tokens><token text="Об" id="666383"><tfr rev_id="2921262" t="Об"><v><l id="192977" t="о"><g v="PREP"></g><g v="Vpre"></g></l></v></tfr></token><token text="изменении" id="666384"><tfr rev_id="1498479" t="изменении"><v><l id="119487" t="изменение"><g v="NOUN"></g><g v="inan"></g><g v="neut"></g><g v="sing"></g><g v="loct"></g></l></v></tfr></token><token text="ситуации" id="666385"><tfr rev_id="4180081" t="ситуации"><v><l id="321441" t="ситуация"><g v="NOUN"></g><g v="inan"></g><g v="femn"></g><g v="sing"></g><g v="gent"></g></l></v></tfr></token><token text="Юханссон" id="666386"><tfr rev_id="1498481" t="Юханссон"><v><l id="0" t="юханссон"><g v="UNKN"></g></l></v></tfr></token><token text="говорил" id="666387"><tfr rev_id="1498482" t="говорил"><v><l id="72053" t="говорю"><g v="VERB"></g><g v="impf"></g><g v="tran"></g><g v="masc"></g><g v="sing"></g><g v="past"></g><g v="indc"></g></l></v></tfr></token><token text="в" id="666388"><tfr rev_id="1498483" t="в"><v><l id="37409" t="в"><g v="PREP"></g></l></v></tfr></token><token text="телевизионном" id="666389"><tfr rev_id="3531064" t="телевизионном"><v><l id="344097" t="телевизионный"><g v="ADJF"></g><g v="neut"></g><g v="sing"></g><g v="loct"></g></l></v></tfr></token><token text="интервью" id="666390"><tfr rev_id="3860598" t="интервью"><v><l id="123140" t="интервью"><g v="NOUN"></g><g v="inan"></g><g v="neut"></g><g v="Fixd"></g><g v="sing"></g><g v="loct"></g></l></v></tfr></token><token text=":" id="666391"><tfr rev_id="1498486" t=":"><v><l id="0" t=":"><g v="PNCT"></g></l></v></tfr></token></tokens></sentence><sentence id="37289"><source>«В настоящий момент меня пытаются переубедить.</source><tokens><token text="«" id="666392"><tfr rev_id="2446023" t="«"><v><l id="0" t="«"><g v="PNCT"></g></l></v></tfr></token><token text="В" id="666393"><tfr rev_id="1498488" t="В"><v><l id="37409" t="в"><g v="PREP"></g></l></v></tfr></token><token text="настоящий" id="666394"><tfr rev_id="1498489" t="настоящий"><v><l id="176151" t="настоящий"><g v="ADJF"></g><g v="masc"></g><g v="sing"></g><g v="nomn"></g></l></v><v><l id="176151" t="настоящий"><g v="ADJF"></g><g v="inan"></g><g v="masc"></g><g v="sing"></g><g v="accs"></g></l></v></tfr></token><token text="момент" id="666395"><tfr rev_id="4212265" t="момент"><v><l id="163050" t="момент"><g v="NOUN"></g><g v="inan"></g><g v="masc"></g><g v="sing"></g><g v="accs"></g></l></v></tfr></token><token text="меня" id="666396"><tfr rev_id="2827307" t="меня"><v><l id="387317" t="я"><g v="NPRO"></g><g v="1per"></g><g v="sing"></g><g v="accs"></g></l></v></tfr></token><token text="пытаются" id="666397"><tfr rev_id="1498492" t="пытаются"><v><l id="290086" t="пытаюсь"><g v="VERB"></g><g v="impf"></g><g v="intr"></g><g v="plur"></g><g v="3per"></g><g v="pres"></g><g v="indc"></g></l></v></tfr></token><token text="переубедить" id="666398"><tfr rev_id="1498493" t="переубедить"><v><l id="235812" t="переубедить"><g v="INFN"></g><g v="perf"></g><g v="tran"></g></l></v></tfr></token><token text="." id="666399"><tfr rev_id="1498494" t="."><v><l id="0" t="."><g v="PNCT"></g></l></v></tfr></token></tokens></sentence><sentence id="37290"><source>И если ничто больше не изменится, я продолжу».</source><tokens><token text="И" id="666400"><tfr rev_id="4082208" t="И"><v><l id="116949" t="и"><g v="CONJ"></g></l></v></tfr></token><token text="если" id="666401"><tfr rev_id="1498496" t="если"><v><l id="95365" t="если"><g v="CONJ"></g></l></v></tfr></token><token text="ничто" id="666402"><tfr rev_id="1498497" t="ничто"><v><l id="191386" t="ничто"><g v="NPRO"></g><g v="neut"></g><g v="sing"></g><g v="nomn"></g></l></v></tfr></token><token text="больше" id="666403"><tfr rev_id="2558506" t="больше"><v><l id="32325" t="больше"><g v="ADVB"></g></l></v><v><l id="32447" t="больше"><g v="COMP"></g><g v="Qual"></g></l></v></tfr></token><token text="не" id="666404"><tfr rev_id="1498499" t="не"><v><l id="178876" t="не"><g v="PRCL"></g></l></v></tfr></token><token text="изменится" id="666405"><tfr rev_id="1498500" t="изменится"><v><l id="119498" t="изменился"><g v="VERB"></g><g v="perf"></g><g v="intr"></g><g v="sing"></g><g v="3per"></g><g v="futr"></g><g v="indc"></g></l></v></tfr></token><token text="," id="666406"><tfr rev_id="1498501" t=","><v><l id="0" t=","><g v="PNCT"></g></l></v></tfr></token><token text="я" id="666407"><tfr rev_id="1498502" t="я"><v><l id="387317" t="я"><g v="NPRO"></g><g v="1per"></g><g v="sing"></g><g v="nomn"></g></l></v></tfr></token><token text="продолжу" id="666408"><tfr rev_id="1498503" t="продолжу"><v><l id="279233" t="продолжил"><g v="VERB"></g><g v="perf"></g><g v="tran"></g><g v="sing"></g><g v="1per"></g><g v="futr"></g><g v="indc"></g></l></v></tfr></token><token text="»" id="666409"><tfr rev_id="2446024" t="»"><v><l id="0" t="»"><g v="PNCT"></g></l></v></tfr></token><token text="." id="666410"><tfr rev_id="1498505" t="."><v><l id="0" t="."><g v="PNCT"></g></l></v></tfr></token></tokens></sentence><sentence id="37291"><source>В том числе потому, что сложными становятся механизмы регулирования и коммерческие интересы в футболе, которые «требуют полной отдачи сил», говорит Юханссон, «поэтому я лучше буду продолжать, чем позволю всему рухнуть».</source><tokens><token text="В" id="666411"><tfr rev_id="1498506" t="В"><v><l id="37409" t="в"><g v="PREP"></g></l></v></tfr></token><token text="том" id="666412"><tfr rev_id="4298988" t="том"><v><l id="348430" t="тот"><g v="ADJF"></g><g v="Subx"></g><g v="Apro"></g><g v="Anph"></g><g v="neut"></g><g v="sing"></g><g v="loct"></g></l></v></tfr></token><token text="числе" id="666413"><tfr rev_id="1498508" t="числе"><v><l id="376585" t="число"><g v="NOUN"></g><g v="inan"></g><g v="neut"></g><g v="sing"></g><g v="loct"></g></l></v></tfr></token><token text="потому" id="666414"><tfr rev_id="1498509" t="потому"><v><l id="263335" t="потому"><g v="ADVB"></g><g v="Dmns"></g></l></v></tfr></token><token text="," id="666415"><tfr rev_id="1498510" t=","><v><l id="0" t=","><g v="PNCT"></g></l></v></tfr></token><token text="что" id="666416"><tfr rev_id="3197469" t="что"><v><l id="377004" t="что"><g v="CONJ"></g></l></v><v><l id="377005" t="что"><g v="NPRO"></g><g v="neut"></g><g v="sing"></g><g v="nomn"></g></l></v><v><l id="377005" t="что"><g v="NPRO"></g><g v="neut"></g><g v="sing"></g><g v="accs"></g></l></v><v><l id="377006" t="что"><g v="ADVB"></g><g v="Ques"></g></l></v><v><l id="388695" t="что"><g v="PRCL"></g></l></v></tfr></token><token text="сложными" id="666417"><tfr rev_id="1498512" t="сложными"><v><l id="325278" t="сложный"><g v="ADJF"></g><g v="Qual"></g><g v="plur"></g><g v="ablt"></g></l></v></tfr></token><token text="становятся" id="666418"><tfr rev_id="1498513" t="становятся"><v><l id="334671" t="становлюсь"><g v="VERB"></g><g v="impf"></g><g v="intr"></g><g v="plur"></g><g v="3per"></g><g v="pres"></g><g v="indc"></g></l></v></tfr></token><token text="механизмы" id="666419"><tfr rev_id="2757245" t="механизмы"><v><l id="159378" t="механизм"><g v="NOUN"></g><g v="inan"></g><g v="masc"></g><g v="plur"></g><g v="nomn"></g></l></v></tfr></token><token text="регулирования" id="666420"><tfr rev_id="3439518" t="регулирования"><v><l id="304919" t="регулирование"><g v="NOUN"></g><g v="inan"></g><g v="neut"></g><g v="sing"></g><g v="gent"></g></l></v></tfr></token><token text="и" id="666421"><tfr rev_id="3495514" t="и"><v><l id="116949" t="и"><g v="CONJ"></g></l></v></tfr></token><token text="коммерческие" id="666422"><tfr rev_id="3815203" t="коммерческие"><v><l id="137021" t="коммерческий"><g v="ADJF"></g><g v="plur"></g><g v="nomn"></g></l></v></tfr></token><token text="интересы" id="666423"><tfr rev_id="2757220" t="интересы"><v><l id="123163" t="интерес"><g v="NOUN"></g><g v="inan"></g><g v="masc"></g><g v="plur"></g><g v="nomn"></g></l></v></tfr></token><token text="в" id="666424"><tfr rev_id="1498519" t="в"><v><l id="37409" t="в"><g v="PREP"></g></l></v></tfr></token><token text="футболе" id="666425"><tfr rev_id="1498520" t="футболе"><v><l id="368772" t="футбол"><g v="NOUN"></g><g v="inan"></g><g v="masc"></g><g v="sing"></g><g v="loct"></g></l></v></tfr></token><token text="," id="666426"><tfr rev_id="1498521" t=","><v><l id="0" t=","><g v="PNCT"></g></l></v></tfr></token><token text="которые" id="666427"><tfr rev_id="3794390" t="которые"><v><l id="141203" t="который"><g v="ADJF"></g><g v="Apro"></g><g v="Subx"></g><g v="Anph"></g><g v="plur"></g><g v="nomn"></g></l></v></tfr></token><token text="«" id="666428"><tfr rev_id="2446025" t="«"><v><l id="0" t="«"><g v="PNCT"></g></l></v></tfr></token><token text="требуют" id="666429"><tfr rev_id="1498524" t="требуют"><v><l id="349467" t="требую"><g v="VERB"></g><g v="impf"></g><g v="tran"></g><g v="plur"></g><g v="3per"></g><g v="pres"></g><g v="indc"></g></l></v></tfr></token><token text="полной" id="666430"><tfr rev_id="4095174" t="полной"><v><l id="256169" t="полный"><g v="ADJF"></g><g v="Qual"></g><g v="femn"></g><g v="sing"></g><g v="gent"></g></l></v></tfr></token><token text="отдачи" id="666431"><tfr rev_id="3451289" t="отдачи"><v><l id="213343" t="отдача"><g v="NOUN"></g><g v="inan"></g><g v="femn"></g><g v="sing"></g><g v="gent"></g></l></v></tfr></token><token text="сил" id="666432"><tfr rev_id="1498527" t="сил"><v><l id="320333" t="сила"><g v="NOUN"></g><g v="inan"></g><g v="femn"></g><g v="plur"></g><g v="gent"></g></l></v></tfr></token><token text="»" id="666433"><tfr rev_id="2446026" t="»"><v><l id="0" t="»"><g v="PNCT"></g></l></v></tfr></token><token text="," id="666434"><tfr rev_id="1498529" t=","><v><l id="0" t=","><g v="PNCT"></g></l></v></tfr></token><token text="говорит" id="666435"><tfr rev_id="1498530" t="говорит"><v><l id="72053" t="говорю"><g v="VERB"></g><g v="impf"></g><g v="tran"></g><g v="sing"></g><g v="3per"></g><g v="pres"></g><g v="indc"></g></l></v></tfr></token><token text="Юханссон" id="666436"><tfr rev_id="1498531" t="Юханссон"><v><l id="0" t="юханссон"><g v="UNKN"></g></l></v></tfr></token><token text="," id="666437"><tfr rev_id="1498532" t=","><v><l id="0" t=","><g v="PNCT"></g></l></v></tfr></token><token text="«" id="666438"><tfr rev_id="2446027" t="«"><v><l id="0" t="«"><g v="PNCT"></g></l></v></tfr></token><token text="поэтому" id="666439"><tfr rev_id="1498534" t="поэтому"><v><l id="265490" t="поэтому"><g v="ADVB"></g></l></v></tfr></token><token text="я" id="666440"><tfr rev_id="1498535" t="я"><v><l id="387317" t="я"><g v="NPRO"></g><g v="1per"></g><g v="sing"></g><g v="nomn"></g></l></v></tfr></token><token text="лучше" id="666441"><tfr rev_id="1498536" t="лучше"><v><l id="151661" t="лучше"><g v="PRCL"></g></l></v><v><l id="371670" t="лучше"><g v="COMP"></g><g v="Qual"></g></l></v></tfr></token><token text="буду" id="666442"><tfr rev_id="1498537" t="буду"><v><l id="37265" t="есть"><g v="VERB"></g><g v="impf"></g><g v="intr"></g><g v="sing"></g><g v="1per"></g><g v="futr"></g><g v="indc"></g></l></v></tfr></token><token text="продолжать" id="666443"><tfr rev_id="1498538" t="продолжать"><v><l id="279216" t="продолжать"><g v="INFN"></g><g v="impf"></g><g v="tran"></g></l></v></tfr></token><token text="," id="666444"><tfr rev_id="1498539" t=","><v><l id="0" t=","><g v="PNCT"></g></l></v></tfr></token><token text="чем" id="666445"><tfr rev_id="4320422" t="чем"><v><l id="375161" t="чем"><g v="CONJ"></g></l></v></tfr></token><token text="позволю" id="666446"><tfr rev_id="1498541" t="позволю"><v><l id="253425" t="позволил"><g v="VERB"></g><g v="perf"></g><g v="tran"></g><g v="sing"></g><g v="1per"></g><g v="futr"></g><g v="indc"></g></l></v></tfr></token><token text="всему" id="666447"><tfr rev_id="4130241" t="всему"><v><l id="42156" t="весь"><g v="ADJF"></g><g v="Subx"></g><g v="Apro"></g><g v="neut"></g><g v="sing"></g><g v="datv"></g></l></v></tfr></token><token text="рухнуть" id="666448"><tfr rev_id="1498543" t="рухнуть"><v><l id="310419" t="рухнуть"><g v="INFN"></g><g v="perf"></g><g v="intr"></g></l></v></tfr></token><token text="»" id="666449"><tfr rev_id="2446028" t="»"><v><l id="0" t="»"><g v="PNCT"></g></l></v></tfr></token><token text="." id="666450"><tfr rev_id="1498545" t="."><v><l id="0" t="."><g v="PNCT"></g></l></v></tfr></token></tokens></sentence></paragraph><paragraph id="11976"><sentence id="37292"><source>Бекенбауэр свой интерес к президентству УЕФА до сих пор всегда облекал в дипломатично отточенные утверждения и ссылался, прежде всего, на мнение Юханссона:</source><tokens><token text="Бекенбауэр" id="666451"><tfr rev_id="1498546" t="Бекенбауэр"><v><l id="0" t="бекенбауэр"><g v="UNKN"></g></l></v></tfr></token><token text="свой" id="666452"><tfr rev_id="3629884" t="свой"><v><l id="316379" t="свой"><g v="ADJF"></g><g v="Apro"></g><g v="Anph"></g><g v="masc"></g><g v="sing"></g><g v="nomn"></g></l></v><v><l id="316379" t="свой"><g v="ADJF"></g><g v="Apro"></g><g v="Anph"></g><g v="inan"></g><g v="masc"></g><g v="sing"></g><g v="accs"></g></l></v></tfr></token><token text="интерес" id="666453"><tfr rev_id="4093131" t="интерес"><v><l id="123163" t="интерес"><g v="NOUN"></g><g v="inan"></g><g v="masc"></g><g v="sing"></g><g v="accs"></g></l></v></tfr></token><token text="к" id="666454"><tfr rev_id="1498549" t="к"><v><l id="127460" t="к"><g v="PREP"></g></l></v></tfr></token><token text="президентству" id="666455"><tfr rev_id="1498550" t="президентству"><v><l id="267452" t="президентство"><g v="NOUN"></g><g v="inan"></g><g v="neut"></g><g v="sing"></g><g v="datv"></g></l></v></tfr></token><token text="УЕФА" id="666456"><tfr rev_id="3543784" t="УЕФА"><v><l id="355415" t="уефа"><g v="NOUN"></g><g v="inan"></g><g v="masc"></g><g v="Sgtm"></g><g v="Fixd"></g><g v="Abbr"></g><g v="Orgn"></g><g v="sing"></g><g v="gent"></g></l></v></tfr></token><token text="до" id="666457"><tfr rev_id="1498552" t="до"><v><l id="85153" t="до"><g v="PREP"></g></l></v></tfr></token><token text="сих" id="666458"><tfr rev_id="3497688" t="сих"><v><l id="317879" t="сей"><g v="ADJF"></g><g v="Apro"></g><g v="Subx"></g><g v="plur"></g><g v="gent"></g></l></v></tfr></token><token text="пор" id="666459"><tfr rev_id="1498554" t="пор"><v><l id="259871" t="пора"><g v="NOUN"></g><g v="inan"></g><g v="femn"></g><g v="plur"></g><g v="gent"></g></l></v></tfr></token><token text="всегда" id="666460"><tfr rev_id="1498555" t="всегда"><v><l id="53369" t="всегда"><g v="ADVB"></g></l></v></tfr></token><token text="облекал" id="666461"><tfr rev_id="1498556" t="облекал"><v><l id="196379" t="облекаю"><g v="VERB"></g><g v="impf"></g><g v="tran"></g><g v="masc"></g><g v="sing"></g><g v="past"></g><g v="indc"></g></l></v></tfr></token><token text="в" id="666462"><tfr rev_id="1498557" t="в"><v><l id="37409" t="в"><g v="PREP"></g></l></v></tfr></token><token text="дипломатично" id="666463"><tfr rev_id="3647075" t="дипломатично"><v><l id="84147" t="дипломатичен"><g v="ADJS"></g><g v="Qual"></g><g v="neut"></g><g v="sing"></g></l></v><v><l id="389202" t="дипломатично"><g v="ADVB"></g></l></v></tfr></token><token text="отточенные" id="666464"><tfr rev_id="1498559" t="отточенные"><v><l id="219215" t="отточенный"><g v="PRTF"></g><g v="perf"></g><g v="tran"></g><g v="past"></g><g v="pssv"></g><g v="plur"></g><g v="nomn"></g></l></v><v><l id="219215" t="отточенный"><g v="PRTF"></g><g v="perf"></g><g v="tran"></g><g v="past"></g><g v="pssv"></g><g v="inan"></g><g v="plur"></g><g v="accs"></g></l></v></tfr></token><token text="утверждения" id="666465"><tfr rev_id="3743659" t="утверждения"><v><l id="361723" t="утверждение"><g v="NOUN"></g><g v="inan"></g><g v="neut"></g><g v="plur"></g><g v="accs"></g></l></v></tfr></token><token text="и" id="666466"><tfr rev_id="3677793" t="и"><v><l id="116949" t="и"><g v="CONJ"></g></l></v></tfr></token><token text="ссылался" id="666467"><tfr rev_id="1498562" t="ссылался"><v><l id="334175" t="ссылаюсь"><g v="VERB"></g><g v="impf"></g><g v="intr"></g><g v="masc"></g><g v="sing"></g><g v="past"></g><g v="indc"></g></l></v></tfr></token><token text="," id="666468"><tfr rev_id="1498563" t=","><v><l id="0" t=","><g v="PNCT"></g></l></v></tfr></token><token text="прежде" id="666469"><tfr rev_id="4422063" t="прежде"><v><l id="267400" t="прежде"><g v="PREP"></g></l></v></tfr></token><token text="всего" id="666470"><tfr rev_id="4515654" t="всего"><v><l id="42156" t="весь"><g v="ADJF"></g><g v="Subx"></g><g v="Apro"></g><g v="neut"></g><g v="sing"></g><g v="gent"></g></l></v></tfr></token><token text="," id="666471"><tfr rev_id="1498566" t=","><v><l id="0" t=","><g v="PNCT"></g></l></v></tfr></token><token text="на" id="666472"><tfr rev_id="3338961" t="на"><v><l id="166264" t="на"><g v="PREP"></g></l></v></tfr></token><token text="мнение" id="666473"><tfr rev_id="3473762" t="мнение"><v><l id="161395" t="мнение"><g v="NOUN"></g><g v="inan"></g><g v="neut"></g><g v="sing"></g><g v="accs"></g></l></v></tfr></token><token text="Юханссона" id="666474"><tfr rev_id="1498569" t="Юханссона"><v><l id="0" t="юханссона"><g v="UNKN"></g></l></v></tfr></token><token text=":" id="666475"><tfr rev_id="1498570" t=":"><v><l id="0" t=":"><g v="PNCT"></g></l></v></tfr></token></tokens></sentence><sentence id="37293"><source>«Это было бы задание, которое бы меня вдохновило.</source><tokens><token text="«" id="666476"><tfr rev_id="2446029" t="«"><v><l id="0" t="«"><g v="PNCT"></g></l></v></tfr></token><token text="Это" id="666477"><tfr rev_id="4441762" t="Это"><v><l id="386574" t="это"><g v="PRCL"></g></l></v><v><l id="386575" t="это"><g v="NPRO"></g><g v="neut"></g><g v="sing"></g><g v="nomn"></g></l></v><v><l id="386575" t="это"><g v="NPRO"></g><g v="neut"></g><g v="sing"></g><g v="accs"></g></l></v><v><l id="386581" t="этот"><g v="ADJF"></g><g v="Subx"></g><g v="Apro"></g><g v="Anph"></g><g v="neut"></g><g v="sing"></g><g v="nomn"></g></l></v><v><l id="386581" t="этот"><g v="ADJF"></g><g v="Subx"></g><g v="Apro"></g><g v="Anph"></g><g v="neut"></g><g v="sing"></g><g v="accs"></g></l></v></tfr></token><token text="было" id="666478"><tfr rev_id="3124200" t="было"><v><l id="37265" t="есть"><g v="VERB"></g><g v="impf"></g><g v="intr"></g><g v="neut"></g><g v="sing"></g><g v="past"></g><g v="indc"></g></l></v></tfr></token><token text="бы" id="666479"><tfr rev_id="1498574" t="бы"><v><l id="36985" t="бы"><g v="PRCL"></g></l></v></tfr></token><token text="задание" id="666480"><tfr rev_id="1498575" t="задание"><v><l id="101413" t="задание"><g v="NOUN"></g><g v="inan"></g><g v="neut"></g><g v="sing"></g><g v="nomn"></g></l></v><v><l id="101413" t="задание"><g v="NOUN"></g><g v="inan"></g><g v="neut"></g><g v="sing"></g><g v="accs"></g></l></v></tfr></token><token text="," id="666481"><tfr rev_id="1498576" t=","><v><l id="0" t=","><g v="PNCT"></g></l></v></tfr></token><token text="которое" id="666482"><tfr rev_id="3641380" t="которое"><v><l id="141203" t="который"><g v="ADJF"></g><g v="Apro"></g><g v="Subx"></g><g v="Anph"></g><g v="neut"></g><g v="sing"></g><g v="nomn"></g></l></v><v><l id="141203" t="который"><g v="ADJF"></g><g v="Apro"></g><g v="Subx"></g><g v="Anph"></g><g v="neut"></g><g v="sing"></g><g v="accs"></g></l></v></tfr></token><token text="бы" id="666483"><tfr rev_id="1498578" t="бы"><v><l id="36985" t="бы"><g v="PRCL"></g></l></v></tfr></token><token text="меня" id="666484"><tfr rev_id="2850116" t="меня"><v><l id="387317" t="я"><g v="NPRO"></g><g v="1per"></g><g v="sing"></g><g v="accs"></g></l></v></tfr></token><token text="вдохновило" id="666485"><tfr rev_id="1498580" t="вдохновило"><v><l id="40165" t="вдохновил"><g v="VERB"></g><g v="perf"></g><g v="tran"></g><g v="neut"></g><g v="sing"></g><g v="past"></g><g v="indc"></g></l></v></tfr></token><token text="." id="666486"><tfr rev_id="1498581" t="."><v><l id="0" t="."><g v="PNCT"></g></l></v></tfr></token></tokens></sentence><sentence id="37294"><source>Но, сначала я должен выяснить, действительно ли господин Юханссон уходит».</source><tokens><token text="Но" id="666487"><tfr rev_id="1498582" t="Но"><v><l id="191429" t="но"><g v="CONJ"></g></l></v><v><l id="191430" t="но"><g v="INTJ"></g></l></v></tfr></token><token text="," id="666488"><tfr rev_id="1498583" t=","><v><l id="0" t=","><g v="PNCT"></g></l></v></tfr></token><token text="сначала" id="666489"><tfr rev_id="1498584" t="сначала"><v><l id="327200" t="сначала"><g v="ADVB"></g></l></v></tfr></token><token text="я" id="666490"><tfr rev_id="1498585" t="я"><v><l id="387317" t="я"><g v="NPRO"></g><g v="1per"></g><g v="sing"></g><g v="nomn"></g></l></v></tfr></token><token text="должен" id="666491"><tfr rev_id="2558798" t="должен"><v><l id="87975" t="должен"><g v="ADJS"></g><g v="masc"></g><g v="sing"></g></l></v></tfr></token><token text="выяснить" id="666492"><tfr rev_id="1498587" t="выяснить"><v><l id="64902" t="выяснить"><g v="INFN"></g><g v="perf"></g><g v="tran"></g></l></v></tfr></token><token text="," id="666493"><tfr rev_id="1498588" t=","><v><l id="0" t=","><g v="PNCT"></g></l></v></tfr></token><token text="действительно" id="666494"><tfr rev_id="4508986" t="действительно"><v><l id="80092" t="действительно"><g v="ADVB"></g></l></v><v><l id="80093" t="действительно"><g v="CONJ"></g><g v="Prnt"></g></l></v><v><l id="80099" t="действителен"><g v="ADJS"></g><g v="Qual"></g><g v="neut"></g><g v="sing"></g></l></v></tfr></token><token text="ли" id="666495"><tfr rev_id="4468551" t="ли"><v><l id="148847" t="ли"><g v="CONJ"></g></l></v><v><l id="148848" t="ли"><g v="PRCL"></g></l></v></tfr></token><token text="господин" id="666496"><tfr rev_id="1498591" t="господин"><v><l id="74039" t="господин"><g v="NOUN"></g><g v="anim"></g><g v="masc"></g><g v="sing"></g><g v="nomn"></g></l></v></tfr></token><token text="Юханссон" id="666497"><tfr rev_id="1498592" t="Юханссон"><v><l id="0" t="юханссон"><g v="UNKN"></g></l></v></tfr></token><token text="уходит" id="666498"><tfr rev_id="1498593" t="уходит"><v><l id="362937" t="ухожу"><g v="VERB"></g><g v="impf"></g><g v="intr"></g><g v="sing"></g><g v="3per"></g><g v="pres"></g><g v="indc"></g></l></v><v><l id="362942" t="уходил"><g v="VERB"></g><g v="perf"></g><g v="tran"></g><g v="sing"></g><g v="3per"></g><g v="futr"></g><g v="indc"></g></l></v></tfr></token><token text="»" id="666499"><tfr rev_id="2446030" t="»"><v><l id="0" t="»"><g v="PNCT"></g></l></v></tfr></token><token text="." id="666500"><tfr rev_id="1498595" t="."><v><l id="0" t="."><g v="PNCT"></g></l></v></tfr></token></tokens></sentence></paragraph><paragraph id="11977"><sentence id="37295"><source>Потенциальный конкурент Платини менее сдержан, и уже в прошлом году официально заявил о своих намерениях и сделал конкретные предложения по реформированию кубка Европы.</source><tokens><token text="Потенциальный" id="666501"><tfr rev_id="1498596" t="Потенциальный"><v><l id="263091" t="потенциальный"><g v="ADJF"></g><g v="masc"></g><g v="sing"></g><g v="nomn"></g></l></v><v><l id="263091" t="потенциальный"><g v="ADJF"></g><g v="inan"></g><g v="masc"></g><g v="sing"></g><g v="accs"></g></l></v></tfr></token><token text="конкурент" id="666502"><tfr rev_id="1498597" t="конкурент"><v><l id="137896" t="конкурент"><g v="NOUN"></g><g v="anim"></g><g v="masc"></g><g v="sing"></g><g v="nomn"></g></l></v></tfr></token><token text="Платини" id="666503"><tfr rev_id="1498598" t="Платини"><v><l id="0" t="платини"><g v="UNKN"></g></l></v></tfr></token><token text="менее" id="666504"><tfr rev_id="1498599" t="менее"><v><l id="158343" t="менее"><g v="ADVB"></g></l></v></tfr></token><token text="сдержан" id="666505"><tfr rev_id="1498600" t="сдержан"><v><l id="317273" t="сдержан"><g v="ADJS"></g><g v="Qual"></g><g v="masc"></g><g v="sing"></g></l></v><v><l id="317279" t="сдержан"><g v="PRTS"></g><g v="perf"></g><g v="past"></g><g v="pssv"></g><g v="masc"></g><g v="sing"></g></l></v></tfr></token><token text="," id="666506"><tfr rev_id="1498601" t=","><v><l id="0" t=","><g v="PNCT"></g></l></v></tfr></token><token text="и" id="666507"><tfr rev_id="1498602" t="и"><v><l id="116949" t="и"><g v="CONJ"></g></l></v><v><l id="116950" t="и"><g v="INTJ"></g></l></v></tfr></token><token text="уже" id="666508"><tfr rev_id="2692851" t="уже"><v><l id="355422" t="уж"><g v="NOUN"></g><g v="anim"></g><g v="masc"></g><g v="sing"></g><g v="loct"></g></l></v><v><l id="355498" t="уже"><g v="ADVB"></g></l></v><v><l id="355674" t="уже"><g v="COMP"></g><g v="Qual"></g></l></v><v><l id="388673" t="уже"><g v="PRCL"></g></l></v></tfr></token><token text="в" id="666509"><tfr rev_id="1498604" t="в"><v><l id="37409" t="в"><g v="PREP"></g></l></v></tfr></token><token text="прошлом" id="666510"><tfr rev_id="4310126" t="прошлом"><v><l id="287715" t="прошлый"><g v="ADJF"></g><g v="masc"></g><g v="sing"></g><g v="loct"></g></l></v></tfr></token><token text="году" id="666511"><tfr rev_id="2927993" t="году"><v><l id="72149" t="год"><g v="NOUN"></g><g v="inan"></g><g v="masc"></g><g v="sing"></g><g v="loc2"></g></l></v></tfr></token><token text="официально" id="666512"><tfr rev_id="1498607" t="официально"><v><l id="220937" t="официально"><g v="ADVB"></g></l></v><v><l id="220941" t="официален"><g v="ADJS"></g><g v="neut"></g><g v="sing"></g></l></v></tfr></token><token text="заявил" id="666513"><tfr rev_id="1498608" t="заявил"><v><l id="114300" t="заявил"><g v="VERB"></g><g v="perf"></g><g v="tran"></g><g v="masc"></g><g v="sing"></g><g v="past"></g><g v="indc"></g></l></v></tfr></token><token text="о" id="666514"><tfr rev_id="1498609" t="о"><v><l id="192977" t="о"><g v="PREP"></g></l></v><v><l id="192978" t="о"><g v="INTJ"></g></l></v></tfr></token><token text="своих" id="666515"><tfr rev_id="3824260" t="своих"><v><l id="316379" t="свой"><g v="ADJF"></g><g v="Apro"></g><g v="Anph"></g><g v="plur"></g><g v="loct"></g></l></v></tfr></token><token text="намерениях" id="666516"><tfr rev_id="1498611" t="намерениях"><v><l id="172446" t="намерение"><g v="NOUN"></g><g v="inan"></g><g v="neut"></g><g v="plur"></g><g v="loct"></g></l></v></tfr></token><token text="и" id="666517"><tfr rev_id="1498612" t="и"><v><l id="116949" t="и"><g v="CONJ"></g></l></v><v><l id="116950" t="и"><g v="INTJ"></g></l></v></tfr></token><token text="сделал" id="666518"><tfr rev_id="1498613" t="сделал"><v><l id="317246" t="сделал"><g v="VERB"></g><g v="perf"></g><g v="tran"></g><g v="masc"></g><g v="sing"></g><g v="past"></g><g v="indc"></g></l></v></tfr></token><token text="конкретные" id="666519"><tfr rev_id="3751921" t="конкретные"><v><l id="137888" t="конкретный"><g v="ADJF"></g><g v="Qual"></g><g v="inan"></g><g v="plur"></g><g v="accs"></g></l></v></tfr></token><token text="предложения" id="666520"><tfr rev_id="3795606" t="предложения"><v><l id="266539" t="предложение"><g v="NOUN"></g><g v="inan"></g><g v="neut"></g><g v="plur"></g><g v="accs"></g></l></v></tfr></token><token text="по" id="666521"><tfr rev_id="1498616" t="по"><v><l id="241240" t="по"><g v="PREP"></g></l></v></tfr></token><token text="реформированию" id="666522"><tfr rev_id="1498617" t="реформированию"><v><l id="307146" t="реформирование"><g v="NOUN"></g><g v="inan"></g><g v="neut"></g><g v="sing"></g><g v="datv"></g></l></v></tfr></token><token text="кубка" id="666523"><tfr rev_id="1498618" t="кубка"><v><l id="144289" t="кубок"><g v="NOUN"></g><g v="inan"></g><g v="masc"></g><g v="sing"></g><g v="gent"></g></l></v></tfr></token><token text="Европы" id="666524"><tfr rev_id="1498619" t="Европы"><v><l id="94019" t="европа"><g v="NOUN"></g><g v="inan"></g><g v="femn"></g><g v="Sgtm"></g><g v="Geox"></g><g v="sing"></g><g v="gent"></g></l></v></tfr></token><token text="." id="666525"><tfr rev_id="1498620" t="."><v><l id="0" t="."><g v="PNCT"></g></l></v></tfr></token></tokens></sentence><sentence id="37296"><source>Однако, в 2005 году Юханссон продавил продление своего третьего президентского срока ещё на один год, до следующего конгресса УЕФА, который пройдёт 25 января 2007 в Дюссельдорфе.</source><tokens><token text="Однако" id="666526"><tfr rev_id="2624593" t="Однако"><v><l id="203386" t="однако"><g v="INTJ"></g></l></v><v><l id="203387" t="однако"><g v="CONJ"></g><g v="Prnt"></g></l></v></tfr></token><token text="," id="666527"><tfr rev_id="1498622" t=","><v><l id="0" t=","><g v="PNCT"></g></l></v></tfr></token><token text="в" id="666528"><tfr rev_id="1498623" t="в"><v><l id="37409" t="в"><g v="PREP"></g></l></v></tfr></token><token text="2005" id="666529"><tfr rev_id="2462488" t="2005"><v><l id="0" t="2005"><g v="NUMB"></g></l></v></tfr></token><token text="году" id="666530"><tfr rev_id="2964639" t="году"><v><l id="72149" t="год"><g v="NOUN"></g><g v="inan"></g><g v="masc"></g><g v="sing"></g><g v="loc2"></g></l></v></tfr></token><token text="Юханссон" id="666531"><tfr rev_id="1498626" t="Юханссон"><v><l id="0" t="юханссон"><g v="UNKN"></g></l></v></tfr></token><token text="продавил" id="666532"><tfr rev_id="1498627" t="продавил"><v><l id="278924" t="продавил"><g v="VERB"></g><g v="perf"></g><g v="tran"></g><g v="masc"></g><g v="sing"></g><g v="past"></g><g v="indc"></g></l></v></tfr></token><token text="продление" id="666533"><tfr rev_id="3340127" t="продление"><v><l id="279159" t="продление"><g v="NOUN"></g><g v="inan"></g><g v="neut"></g><g v="sing"></g><g v="accs"></g></l></v></tfr></token><token text="своего" id="666534"><tfr rev_id="4166801" t="своего"><v><l id="316379" t="свой"><g v="ADJF"></g><g v="Apro"></g><g v="Anph"></g><g v="masc"></g><g v="sing"></g><g v="gent"></g></l></v><v><l id="316379" t="свой"><g v="ADJF"></g><g v="Apro"></g><g v="Anph"></g><g v="anim"></g><g v="masc"></g><g v="sing"></g><g v="accs"></g></l></v></tfr></token><token text="третьего" id="666535"><tfr rev_id="4308917" t="третьего"><v><l id="349855" t="третий"><g v="ADJF"></g><g v="Anum"></g><g v="masc"></g><g v="sing"></g><g v="gent"></g></l></v><v><l id="349855" t="третий"><g v="ADJF"></g><g v="Anum"></g><g v="anim"></g><g v="masc"></g><g v="sing"></g><g v="accs"></g></l></v></tfr></token><token text="президентского" id="666536"><tfr rev_id="4415156" t="президентского"><v><l id="267451" t="президентский"><g v="ADJF"></g><g v="masc"></g><g v="sing"></g><g v="gent"></g></l></v></tfr></token><token text="срока" id="666537"><tfr rev_id="1498632" t="срока"><v><l id="333848" t="срок"><g v="NOUN"></g><g v="inan"></g><g v="masc"></g><g v="sing"></g><g v="gen1"></g></l></v></tfr></token><token text="ещё" id="666538"><tfr rev_id="1498633" t="ещё"><v><l id="95551" t="ещё"><g v="PRCL"></g></l></v><v><l id="95552" t="ещё"><g v="ADVB"></g></l></v></tfr></token><token text="на" id="666539"><tfr rev_id="3475860" t="на"><v><l id="166264" t="на"><g v="PREP"></g></l></v></tfr></token><token text="один" id="666540"><tfr rev_id="4299697" t="один"><v><l id="203319" t="один"><g v="ADJF"></g><g v="Apro"></g><g v="Anum"></g><g v="masc"></g><g v="sing"></g><g v="nomn"></g></l></v><v><l id="203319" t="один"><g v="ADJF"></g><g v="Apro"></g><g v="Anum"></g><g v="inan"></g><g v="masc"></g><g v="sing"></g><g v="accs"></g></l></v></tfr></token><token text="год" id="666541"><tfr rev_id="3679139" t="год"><v><l id="72149" t="год"><g v="NOUN"></g><g v="inan"></g><g v="masc"></g><g v="sing"></g><g v="accs"></g></l></v></tfr></token><token text="," id="666542"><tfr rev_id="1498637" t=","><v><l id="0" t=","><g v="PNCT"></g></l></v></tfr></token><token text="до" id="666543"><tfr rev_id="1498638" t="до"><v><l id="85153" t="до"><g v="PREP"></g></l></v></tfr></token><token text="следующего" id="666544"><tfr rev_id="1498639" t="следующего"><v><l id="324749" t="следующий"><g v="PRTF"></g><g v="impf"></g><g v="intr"></g><g v="pres"></g><g v="actv"></g><g v="masc"></g><g v="sing"></g><g v="gent"></g></l></v><v><l id="324749" t="следующий"><g v="PRTF"></g><g v="impf"></g><g v="intr"></g><g v="pres"></g><g v="actv"></g><g v="anim"></g><g v="masc"></g><g v="sing"></g><g v="accs"></g></l></v><v><l id="324749" t="следующий"><g v="PRTF"></g><g v="impf"></g><g v="intr"></g><g v="pres"></g><g v="actv"></g><g v="neut"></g><g v="sing"></g><g v="gent"></g></l></v><v><l id="324769" t="следующий"><g v="ADJF"></g><g v="masc"></g><g v="sing"></g><g v="gent"></g></l></v><v><l id="324769" t="следующий"><g v="ADJF"></g><g v="anim"></g><g v="masc"></g><g v="sing"></g><g v="accs"></g></l></v><v><l id="324769" t="следующий"><g v="ADJF"></g><g v="neut"></g><g v="sing"></g><g v="gent"></g></l></v></tfr></token><token text="конгресса" id="666545"><tfr rev_id="1498640" t="конгресса"><v><l id="137668" t="конгресс"><g v="NOUN"></g><g v="inan"></g><g v="masc"></g><g v="sing"></g><g v="gent"></g></l></v></tfr></token><token text="УЕФА" id="666546"><tfr rev_id="3691622" t="УЕФА"><v><l id="355415" t="уефа"><g v="NOUN"></g><g v="inan"></g><g v="masc"></g><g v="Sgtm"></g><g v="Fixd"></g><g v="Abbr"></g><g v="Orgn"></g><g v="sing"></g><g v="gent"></g></l></v></tfr></token><token text="," id="666547"><tfr rev_id="1498642" t=","><v><l id="0" t=","><g v="PNCT"></g></l></v></tfr></token><token text="который" id="666548"><tfr rev_id="3637468" t="который"><v><l id="141203" t="который"><g v="ADJF"></g><g v="Apro"></g><g v="Subx"></g><g v="Anph"></g><g v="masc"></g><g v="sing"></g><g v="nomn"></g></l></v><v><l id="141203" t="который"><g v="ADJF"></g><g v="Apro"></g><g v="Subx"></g><g v="Anph"></g><g v="inan"></g><g v="masc"></g><g v="sing"></g><g v="accs"></g></l></v></tfr></token><token text="пройдёт" id="666549"><tfr rev_id="1498644" t="пройдёт"><v><l id="280310" t="прошёл"><g v="VERB"></g><g v="perf"></g><g v="tran"></g><g v="sing"></g><g v="3per"></g><g v="futr"></g><g v="indc"></g></l></v></tfr></token><token text="25" id="666550"><tfr rev_id="2462489" t="25"><v><l id="0" t="25"><g v="NUMB"></g></l></v></tfr></token><token text="января" id="666551"><tfr rev_id="1498646" t="января"><v><l id="387905" t="январь"><g v="NOUN"></g><g v="inan"></g><g v="masc"></g><g v="sing"></g><g v="gent"></g></l></v></tfr></token><token text="2007" id="666552"><tfr rev_id="2462490" t="2007"><v><l id="0" t="2007"><g v="NUMB"></g></l></v></tfr></token><token text="в" id="666553"><tfr rev_id="1498648" t="в"><v><l id="37409" t="в"><g v="PREP"></g></l></v></tfr></token><token text="Дюссельдорфе" id="666554"><tfr rev_id="1498649" t="Дюссельдорфе"><v><l id="93776" t="дюссельдорф"><g v="NOUN"></g><g v="inan"></g><g v="masc"></g><g v="Geox"></g><g v="sing"></g><g v="loct"></g></l></v></tfr></token><token text="." id="666555"><tfr rev_id="1498650" t="."><v><l id="0" t="."><g v="PNCT"></g></l></v></tfr></token></tokens></sentence><sentence id="37297"><source>Это продление было на руку Бекенбауэру, так как в настоящий момент он занят организацией чемпионата мира в Германии.</source><tokens><token text="Это" id="666556"><tfr rev_id="4441763" t="Это"><v><l id="386574" t="это"><g v="PRCL"></g></l></v><v><l id="386575" t="это"><g v="NPRO"></g><g v="neut"></g><g v="sing"></g><g v="nomn"></g></l></v><v><l id="386575" t="это"><g v="NPRO"></g><g v="neut"></g><g v="sing"></g><g v="accs"></g></l></v><v><l id="386581" t="этот"><g v="ADJF"></g><g v="Subx"></g><g v="Apro"></g><g v="Anph"></g><g v="neut"></g><g v="sing"></g><g v="nomn"></g></l></v><v><l id="386581" t="этот"><g v="ADJF"></g><g v="Subx"></g><g v="Apro"></g><g v="Anph"></g><g v="neut"></g><g v="sing"></g><g v="accs"></g></l></v></tfr></token><token text="продление" id="666557"><tfr rev_id="3486329" t="продление"><v><l id="279159" t="продление"><g v="NOUN"></g><g v="inan"></g><g v="neut"></g><g v="sing"></g><g v="nomn"></g></l></v></tfr></token><token text="было" id="666558"><tfr rev_id="2780923" t="было"><v><l id="37265" t="есть"><g v="VERB"></g><g v="impf"></g><g v="intr"></g><g v="neut"></g><g v="sing"></g><g v="past"></g><g v="indc"></g></l></v></tfr></token><token text="на" id="666559"><tfr rev_id="3342455" t="на"><v><l id="166264" t="на"><g v="PREP"></g></l></v></tfr></token><token text="руку" id="666560"><tfr rev_id="1498655" t="руку"><v><l id="309953" t="рука"><g v="NOUN"></g><g v="inan"></g><g v="femn"></g><g v="sing"></g><g v="accs"></g></l></v></tfr></token><token text="Бекенбауэру" id="666561"><tfr rev_id="1498656" t="Бекенбауэру"><v><l id="0" t="бекенбауэру"><g v="UNKN"></g></l></v></tfr></token><token text="," id="666562"><tfr rev_id="1498657" t=","><v><l id="0" t=","><g v="PNCT"></g></l></v></tfr></token><token text="так" id="666563"><tfr rev_id="1498658" t="так"><v><l id="342451" t="так"><g v="CONJ"></g></l></v><v><l id="342452" t="так"><g v="PRCL"></g></l></v><v><l id="342453" t="так"><g v="ADVB"></g><g v="Dmns"></g></l></v></tfr></token><token text="как" id="666564"><tfr rev_id="1498659" t="как"><v><l id="128190" t="как"><g v="CONJ"></g></l></v><v><l id="128191" t="как"><g v="PRCL"></g></l></v><v><l id="128192" t="как"><g v="ADVB"></g><g v="Ques"></g></l></v></tfr></token><token text="в" id="666565"><tfr rev_id="1498660" t="в"><v><l id="37409" t="в"><g v="PREP"></g></l></v></tfr></token><token text="настоящий" id="666566"><tfr rev_id="1498661" t="настоящий"><v><l id="176151" t="настоящий"><g v="ADJF"></g><g v="masc"></g><g v="sing"></g><g v="nomn"></g></l></v><v><l id="176151" t="настоящий"><g v="ADJF"></g><g v="inan"></g><g v="masc"></g><g v="sing"></g><g v="accs"></g></l></v></tfr></token><token text="момент" id="666567"><tfr rev_id="1498662" t="момент"><v><l id="163050" t="момент"><g v="NOUN"></g><g v="inan"></g><g v="masc"></g><g v="sing"></g><g v="nomn"></g></l></v><v><l id="163050" t="момент"><g v="NOUN"></g><g v="inan"></g><g v="masc"></g><g v="sing"></g><g v="accs"></g></l></v></tfr></token><token text="он" id="666568"><tfr rev_id="3575766" t="он"><v><l id="206541" t="он"><g v="NPRO"></g><g v="masc"></g><g v="3per"></g><g v="Anph"></g><g v="sing"></g><g v="nomn"></g></l></v></tfr></token><token text="занят" id="666569"><tfr rev_id="1498664" t="занят"><v><l id="106582" t="занят"><g v="ADJS"></g><g v="masc"></g><g v="sing"></g></l></v><v><l id="106587" t="занят"><g v="PRTS"></g><g v="perf"></g><g v="past"></g><g v="pssv"></g><g v="masc"></g><g v="sing"></g></l></v></tfr></token><token text="организацией" id="666570"><tfr rev_id="1498665" t="организацией"><v><l id="208750" t="организация"><g v="NOUN"></g><g v="inan"></g><g v="femn"></g><g v="sing"></g><g v="ablt"></g></l></v></tfr></token><token text="чемпионата" id="666571"><tfr rev_id="1498666" t="чемпионата"><v><l id="375186" t="чемпионат"><g v="NOUN"></g><g v="inan"></g><g v="masc"></g><g v="sing"></g><g v="gent"></g></l></v></tfr></token><token text="мира" id="666572"><tfr rev_id="3723279" t="мира"><v><l id="160807" t="мир"><g v="NOUN"></g><g v="inan"></g><g v="masc"></g><g v="sing"></g><g v="gen1"></g></l></v></tfr></token><token text="в" id="666573"><tfr rev_id="1498668" t="в"><v><l id="37409" t="в"><g v="PREP"></g></l></v></tfr></token><token text="Германии" id="666574"><tfr rev_id="4387662" t="Германии"><v><l id="69099" t="германия"><g v="NOUN"></g><g v="inan"></g><g v="femn"></g><g v="Sgtm"></g><g v="Geox"></g><g v="sing"></g><g v="loct"></g></l></v></tfr></token><token text="." id="666575"><tfr rev_id="1498670" t="."><v><l id="0" t="."><g v="PNCT"></g></l></v></tfr></token></tokens></sentence></paragraph><paragraph id="11978"><sentence id="37298"><source>В Швеции решение Юханссона не встретило полной поддержки.</source><tokens><token text="В" id="666576"><tfr rev_id="1498671" t="В"><v><l id="37409" t="в"><g v="PREP"></g></l></v></tfr></token><token text="Швеции" id="666577"><tfr rev_id="3455237" t="Швеции"><v><l id="378803" t="швеция"><g v="NOUN"></g><g v="inan"></g><g v="femn"></g><g v="Sgtm"></g><g v="Geox"></g><g v="sing"></g><g v="loct"></g></l></v></tfr></token><token text="решение" id="666578"><tfr rev_id="3661965" t="решение"><v><l id="307350" t="решение"><g v="NOUN"></g><g v="inan"></g><g v="neut"></g><g v="sing"></g><g v="nomn"></g></l></v></tfr></token><token text="Юханссона" id="666579"><tfr rev_id="1498674" t="Юханссона"><v><l id="0" t="юханссона"><g v="UNKN"></g></l></v></tfr></token><token text="не" id="666580"><tfr rev_id="1498675" t="не"><v><l id="178876" t="не"><g v="PRCL"></g></l></v></tfr></token><token text="встретило" id="666581"><tfr rev_id="1498676" t="встретило"><v><l id="54520" t="встретил"><g v="VERB"></g><g v="perf"></g><g v="tran"></g><g v="neut"></g><g v="sing"></g><g v="past"></g><g v="indc"></g></l></v></tfr></token><token text="полной" id="666582"><tfr rev_id="4308110" t="полной"><v><l id="256169" t="полный"><g v="ADJF"></g><g v="Qual"></g><g v="femn"></g><g v="sing"></g><g v="gent"></g></l></v></tfr></token><token text="поддержки" id="666583"><tfr rev_id="3500782" t="поддержки"><v><l id="245415" t="поддержка"><g v="NOUN"></g><g v="inan"></g><g v="femn"></g><g v="sing"></g><g v="gent"></g></l></v></tfr></token><token text="." id="666584"><tfr rev_id="1498679" t="."><v><l id="0" t="."><g v="PNCT"></g></l></v></tfr></token></tokens></sentence><sentence id="37299"><source>Комментарий шведского телевидения:</source><tokens><token text="Комментарий" id="666585"><tfr rev_id="4105255" t="Комментарий"><v><l id="136972" t="комментарий"><g v="NOUN"></g><g v="inan"></g><g v="masc"></g><g v="sing"></g><g v="nomn"></g></l></v></tfr></token><token text="шведского" id="666586"><tfr rev_id="3470226" t="шведского"><v><l id="378768" t="шведский"><g v="ADJF"></g><g v="neut"></g><g v="sing"></g><g v="gent"></g></l></v></tfr></token><token text="телевидения" id="666587"><tfr rev_id="3433113" t="телевидения"><v><l id="344095" t="телевидение"><g v="NOUN"></g><g v="inan"></g><g v="neut"></g><g v="sing"></g><g v="gent"></g></l></v></tfr></token><token text=":" id="666588"><tfr rev_id="1498683" t=":"><v><l id="0" t=":"><g v="PNCT"></g></l></v></tfr></token></tokens></sentence><sentence id="37300"><source>«Единственная ошибка Юханссона в том, что он не может достойно воспринять конец своего президентства.</source><tokens><token text="«" id="666589"><tfr rev_id="2446031" t="«"><v><l id="0" t="«"><g v="PNCT"></g></l></v></tfr></token><token text="Единственная" id="666590"><tfr rev_id="1498685" t="Единственная"><v><l id="94404" t="единственный"><g v="ADJF"></g><g v="femn"></g><g v="sing"></g><g v="nomn"></g></l></v></tfr></token><token text="ошибка" id="666591"><tfr rev_id="1498686" t="ошибка"><v><l id="222054" t="ошибка"><g v="NOUN"></g><g v="inan"></g><g v="femn"></g><g v="sing"></g><g v="nomn"></g></l></v></tfr></token><token text="Юханссона" id="666592"><tfr rev_id="1498687" t="Юханссона"><v><l id="0" t="юханссона"><g v="UNKN"></g></l></v></tfr></token><token text="в" id="666593"><tfr rev_id="1498688" t="в"><v><l id="37409" t="в"><g v="PREP"></g></l></v></tfr></token><token text="том" id="666594"><tfr rev_id="4462800" t="том"><v><l id="348430" t="тот"><g v="ADJF"></g><g v="Subx"></g><g v="Apro"></g><g v="Anph"></g><g v="neut"></g><g v="sing"></g><g v="loct"></g></l></v></tfr></token><token text="," id="666595"><tfr rev_id="1498690" t=","><v><l id="0" t=","><g v="PNCT"></g></l></v></tfr></token><token text="что" id="666596"><tfr rev_id="3197470" t="что"><v><l id="377004" t="что"><g v="CONJ"></g></l></v><v><l id="377005" t="что"><g v="NPRO"></g><g v="neut"></g><g v="sing"></g><g v="nomn"></g></l></v><v><l id="377005" t="что"><g v="NPRO"></g><g v="neut"></g><g v="sing"></g><g v="accs"></g></l></v><v><l id="377006" t="что"><g v="ADVB"></g><g v="Ques"></g></l></v><v><l id="388695" t="что"><g v="PRCL"></g></l></v></tfr></token><token text="он" id="666597"><tfr rev_id="3575767" t="он"><v><l id="206541" t="он"><g v="NPRO"></g><g v="masc"></g><g v="3per"></g><g v="Anph"></g><g v="sing"></g><g v="nomn"></g></l></v></tfr></token><token text="не" id="666598"><tfr rev_id="1498693" t="не"><v><l id="178876" t="не"><g v="PRCL"></g></l></v></tfr></token><token text="может" id="666599"><tfr rev_id="4229587" t="может"><v><l id="164485" t="могу"><g v="VERB"></g><g v="impf"></g><g v="intr"></g><g v="sing"></g><g v="3per"></g><g v="pres"></g><g v="indc"></g></l></v></tfr></token><token text="достойно" id="666600"><tfr rev_id="1498695" t="достойно"><v><l id="90582" t="достойно"><g v="ADVB"></g></l></v><v><l id="90585" t="достоин"><g v="ADJS"></g><g v="Qual"></g><g v="neut"></g><g v="sing"></g></l></v></tfr></token><token text="воспринять" id="666601"><tfr rev_id="1498696" t="воспринять"><v><l id="51699" t="воспринять"><g v="INFN"></g><g v="perf"></g><g v="tran"></g></l></v></tfr></token><token text="конец" id="666602"><tfr rev_id="1498697" t="конец"><v><l id="137815" t="конец"><g v="NOUN"></g><g v="inan"></g><g v="masc"></g><g v="sing"></g><g v="nomn"></g></l></v><v><l id="137815" t="конец"><g v="NOUN"></g><g v="inan"></g><g v="masc"></g><g v="sing"></g><g v="accs"></g></l></v></tfr></token><token text="своего" id="666603"><tfr rev_id="4085936" t="своего"><v><l id="316379" t="свой"><g v="ADJF"></g><g v="Apro"></g><g v="Anph"></g><g v="neut"></g><g v="sing"></g><g v="gent"></g></l></v></tfr></token><token text="президентства" id="666604"><tfr rev_id="3494786" t="президентства"><v><l id="267452" t="президентство"><g v="NOUN"></g><g v="inan"></g><g v="neut"></g><g v="sing"></g><g v="gent"></g></l></v></tfr></token><token text="." id="666605"><tfr rev_id="1498700" t="."><v><l id="0" t="."><g v="PNCT"></g></l></v></tfr></token></tokens></sentence><sentence id="37301"><source>Каждая эпоха когда-то заканчивается».</source><tokens><token text="Каждая" id="666606"><tfr rev_id="4430339" t="Каждая"><v><l id="127875" t="каждый"><g v="ADJF"></g><g v="Subx"></g><g v="Apro"></g><g v="femn"></g><g v="sing"></g><g v="nomn"></g></l></v></tfr></token><token text="эпоха" id="666607"><tfr rev_id="1498702" t="эпоха"><v><l id="385893" t="эпоха"><g v="NOUN"></g><g v="inan"></g><g v="femn"></g><g v="sing"></g><g v="nomn"></g></l></v></tfr></token><token text="когда-то" id="666608"><tfr rev_id="1498703" t="когда-то"><v><l id="135243" t="когда-то"><g v="ADVB"></g></l></v></tfr></token><token text="заканчивается" id="666609"><tfr rev_id="1498704" t="заканчивается"><v><l id="103000" t="заканчиваюсь"><g v="VERB"></g><g v="impf"></g><g v="intr"></g><g v="sing"></g><g v="3per"></g><g v="pres"></g><g v="indc"></g></l></v></tfr></token><token text="»" id="666610"><tfr rev_id="2446032" t="»"><v><l id="0" t="»"><g v="PNCT"></g></l></v></tfr></token><token text="." id="666611"><tfr rev_id="1498706" t="."><v><l id="0" t="."><g v="PNCT"></g></l></v></tfr></token></tokens></sentence></paragraph></paragraphs></text>