<?xml version="1.0" encoding="utf-8"?><text parent="570" id="1314" name="0007899 Деревенский дом. Отопление. Прошу совета и критики."><tags><tag>url:http://qkowlew.livejournal.com/7899.html</tag><tag>Год:2010</tag><tag>Дата:18/05</tag><tag>Время:20:14</tag><tag>ЖЖ:Метка:деревня</tag><tag>ЖЖ:Метка:отопление</tag><tag>ЖЖ:Метка:печка</tag></tags><paragraphs><paragraph id="12012"><sentence id="37390"><source>Деревенский дом.</source><tokens><token text="Деревенский" id="668459"><tfr rev_id="4369906" t="Деревенский"><v><l id="81643" t="деревенский"><g v="ADJF"></g><g v="masc"></g><g v="sing"></g><g v="nomn"></g></l></v></tfr></token><token text="дом" id="668460"><tfr rev_id="1500553" t="дом"><v><l id="88152" t="дом"><g v="NOUN"></g><g v="inan"></g><g v="masc"></g><g v="sing"></g><g v="nomn"></g></l></v><v><l id="88152" t="дом"><g v="NOUN"></g><g v="inan"></g><g v="masc"></g><g v="sing"></g><g v="accs"></g></l></v></tfr></token><token text="." id="668461"><tfr rev_id="1500554" t="."><v><l id="0" t="."><g v="PNCT"></g></l></v></tfr></token></tokens></sentence><sentence id="37391"><source>Отопление.</source><tokens><token text="Отопление" id="668462"><tfr rev_id="2584208" t="Отопление"><v><l id="216202" t="отопление"><g v="NOUN"></g><g v="inan"></g><g v="neut"></g><g v="sing"></g><g v="nomn"></g></l></v></tfr></token><token text="." id="668463"><tfr rev_id="1500556" t="."><v><l id="0" t="."><g v="PNCT"></g></l></v></tfr></token></tokens></sentence><sentence id="37392"><source>Прошу совета и критики.</source><tokens><token text="Прошу" id="668464"><tfr rev_id="1500557" t="Прошу"><v><l id="284318" t="прошу"><g v="VERB"></g><g v="impf"></g><g v="tran"></g><g v="sing"></g><g v="1per"></g><g v="pres"></g><g v="indc"></g></l></v></tfr></token><token text="совета" id="668465"><tfr rev_id="1500558" t="совета"><v><l id="327955" t="совет"><g v="NOUN"></g><g v="inan"></g><g v="masc"></g><g v="sing"></g><g v="gent"></g></l></v></tfr></token><token text="и" id="668466"><tfr rev_id="1500559" t="и"><v><l id="116949" t="и"><g v="CONJ"></g></l></v><v><l id="116950" t="и"><g v="INTJ"></g></l></v></tfr></token><token text="критики" id="668467"><tfr rev_id="3523417" t="критики"><v><l id="142954" t="критика"><g v="NOUN"></g><g v="inan"></g><g v="femn"></g><g v="sing"></g><g v="gent"></g></l></v></tfr></token><token text="." id="668468"><tfr rev_id="1500561" t="."><v><l id="0" t="."><g v="PNCT"></g></l></v></tfr></token></tokens></sentence></paragraph><paragraph id="12013"><sentence id="37393"><source>Озадачился кладкой печи в доме.</source><tokens><token text="Озадачился" id="668469"><tfr rev_id="1500562" t="Озадачился"><v><l id="204050" t="озадачился"><g v="VERB"></g><g v="perf"></g><g v="intr"></g><g v="masc"></g><g v="sing"></g><g v="past"></g><g v="indc"></g></l></v></tfr></token><token text="кладкой" id="668470"><tfr rev_id="1500563" t="кладкой"><v><l id="133818" t="кладка"><g v="NOUN"></g><g v="inan"></g><g v="femn"></g><g v="sing"></g><g v="ablt"></g></l></v></tfr></token><token text="печи" id="668471"><tfr rev_id="4463527" t="печи"><v><l id="238296" t="печь"><g v="NOUN"></g><g v="inan"></g><g v="femn"></g><g v="sing"></g><g v="gent"></g></l></v></tfr></token><token text="в" id="668472"><tfr rev_id="1500565" t="в"><v><l id="37409" t="в"><g v="PREP"></g></l></v></tfr></token><token text="доме" id="668473"><tfr rev_id="1500566" t="доме"><v><l id="88152" t="дом"><g v="NOUN"></g><g v="inan"></g><g v="masc"></g><g v="sing"></g><g v="loc1"></g></l></v></tfr></token><token text="." id="668474"><tfr rev_id="1500567" t="."><v><l id="0" t="."><g v="PNCT"></g></l></v></tfr></token></tokens></sentence><sentence id="37394"><source>По опыту проживания в деревенском доме хорошо помню, что пол - ХОЛОДНЫЙ.</source><tokens><token text="По" id="668475"><tfr rev_id="1500568" t="По"><v><l id="241240" t="по"><g v="PREP"></g></l></v></tfr></token><token text="опыту" id="668476"><tfr rev_id="1500569" t="опыту"><v><l id="208575" t="опыт"><g v="NOUN"></g><g v="inan"></g><g v="masc"></g><g v="sing"></g><g v="datv"></g></l></v></tfr></token><token text="проживания" id="668477"><tfr rev_id="3474714" t="проживания"><v><l id="279717" t="проживание"><g v="NOUN"></g><g v="inan"></g><g v="neut"></g><g v="sing"></g><g v="gent"></g></l></v></tfr></token><token text="в" id="668478"><tfr rev_id="1500571" t="в"><v><l id="37409" t="в"><g v="PREP"></g></l></v></tfr></token><token text="деревенском" id="668479"><tfr rev_id="3453831" t="деревенском"><v><l id="81643" t="деревенский"><g v="ADJF"></g><g v="masc"></g><g v="sing"></g><g v="loct"></g></l></v></tfr></token><token text="доме" id="668480"><tfr rev_id="1500573" t="доме"><v><l id="88152" t="дом"><g v="NOUN"></g><g v="inan"></g><g v="masc"></g><g v="sing"></g><g v="loc1"></g></l></v></tfr></token><token text="хорошо" id="668481"><tfr rev_id="1500574" t="хорошо"><v><l id="371669" t="хорош"><g v="ADJS"></g><g v="Qual"></g><g v="neut"></g><g v="sing"></g></l></v><v><l id="371678" t="хорошо"><g v="ADVB"></g><g v="Prdx"></g></l></v><v><l id="371679" t="хорошо"><g v="PRCL"></g></l></v><v><l id="371680" t="хорошо"><g v="PRED"></g><g v="pres"></g></l></v></tfr></token><token text="помню" id="668482"><tfr rev_id="1500575" t="помню"><v><l id="257769" t="помню"><g v="VERB"></g><g v="impf"></g><g v="tran"></g><g v="sing"></g><g v="1per"></g><g v="pres"></g><g v="indc"></g></l></v></tfr></token><token text="," id="668483"><tfr rev_id="1500576" t=","><v><l id="0" t=","><g v="PNCT"></g></l></v></tfr></token><token text="что" id="668484"><tfr rev_id="3197476" t="что"><v><l id="377004" t="что"><g v="CONJ"></g></l></v><v><l id="377005" t="что"><g v="NPRO"></g><g v="neut"></g><g v="sing"></g><g v="nomn"></g></l></v><v><l id="377005" t="что"><g v="NPRO"></g><g v="neut"></g><g v="sing"></g><g v="accs"></g></l></v><v><l id="377006" t="что"><g v="ADVB"></g><g v="Ques"></g></l></v><v><l id="388695" t="что"><g v="PRCL"></g></l></v></tfr></token><token text="пол" id="668485"><tfr rev_id="4385925" t="пол"><v><l id="255093" t="пол"><g v="NOUN"></g><g v="inan"></g><g v="masc"></g><g v="sing"></g><g v="nomn"></g></l></v></tfr></token><token text="-" id="668486"><tfr rev_id="1500579" t="-"><v><l id="0" t="-"><g v="PNCT"></g></l></v></tfr></token><token text="ХОЛОДНЫЙ" id="668487"><tfr rev_id="1500580" t="ХОЛОДНЫЙ"><v><l id="371377" t="холодный"><g v="ADJF"></g><g v="Qual"></g><g v="masc"></g><g v="sing"></g><g v="nomn"></g></l></v><v><l id="371377" t="холодный"><g v="ADJF"></g><g v="Qual"></g><g v="inan"></g><g v="masc"></g><g v="sing"></g><g v="accs"></g></l></v></tfr></token><token text="." id="668488"><tfr rev_id="1500581" t="."><v><l id="0" t="."><g v="PNCT"></g></l></v></tfr></token></tokens></sentence></paragraph><paragraph id="12014"><sentence id="37395"><source>Задумался о том, можно ли решить эту проблему.</source><tokens><token text="Задумался" id="668489"><tfr rev_id="1500582" t="Задумался"><v><l id="101873" t="задумался"><g v="VERB"></g><g v="perf"></g><g v="intr"></g><g v="masc"></g><g v="sing"></g><g v="past"></g><g v="indc"></g></l></v></tfr></token><token text="о" id="668490"><tfr rev_id="3230781" t="о"><v><l id="192977" t="о"><g v="PREP"></g></l></v></tfr></token><token text="том" id="668491"><tfr rev_id="3774546" t="том"><v><l id="348430" t="тот"><g v="ADJF"></g><g v="Subx"></g><g v="Apro"></g><g v="Anph"></g><g v="neut"></g><g v="sing"></g><g v="loct"></g></l></v></tfr></token><token text="," id="668492"><tfr rev_id="1500585" t=","><v><l id="0" t=","><g v="PNCT"></g></l></v></tfr></token><token text="можно" id="668493"><tfr rev_id="1500586" t="можно"><v><l id="162467" t="можно"><g v="PRED"></g><g v="pres"></g></l></v></tfr></token><token text="ли" id="668494"><tfr rev_id="4466728" t="ли"><v><l id="148847" t="ли"><g v="CONJ"></g></l></v><v><l id="148848" t="ли"><g v="PRCL"></g></l></v></tfr></token><token text="решить" id="668495"><tfr rev_id="1500588" t="решить"><v><l id="307397" t="решить"><g v="INFN"></g><g v="perf"></g><g v="tran"></g></l></v></tfr></token><token text="эту" id="668496"><tfr rev_id="4438938" t="эту"><v><l id="386581" t="этот"><g v="ADJF"></g><g v="Subx"></g><g v="Apro"></g><g v="Anph"></g><g v="femn"></g><g v="sing"></g><g v="accs"></g></l></v></tfr></token><token text="проблему" id="668497"><tfr rev_id="1500590" t="проблему"><v><l id="277255" t="проблема"><g v="NOUN"></g><g v="inan"></g><g v="femn"></g><g v="sing"></g><g v="accs"></g></l></v></tfr></token><token text="." id="668498"><tfr rev_id="1500591" t="."><v><l id="0" t="."><g v="PNCT"></g></l></v></tfr></token></tokens></sentence></paragraph><paragraph id="12015"><sentence id="37396"><source>Кроме того, в моём пятистенке (с мансардным этажом половинной площади) строить печку, которая будет в двух комнатах сразу - означает фактически полное удаление капитальной бревенчатой перегородки, что как-то кажется мне обидным.</source><tokens><token text="Кроме" id="668499"><tfr rev_id="1500592" t="Кроме"><v><l id="143259" t="кроме"><g v="PREP"></g></l></v></tfr></token><token text="того" id="668500"><tfr rev_id="4536591" t="того"><v><l id="348430" t="тот"><g v="ADJF"></g><g v="Subx"></g><g v="Apro"></g><g v="Anph"></g><g v="masc"></g><g v="sing"></g><g v="gent"></g></l></v><v><l id="348430" t="тот"><g v="ADJF"></g><g v="Subx"></g><g v="Apro"></g><g v="Anph"></g><g v="neut"></g><g v="sing"></g><g v="gent"></g></l></v></tfr></token><token text="," id="668501"><tfr rev_id="1500594" t=","><v><l id="0" t=","><g v="PNCT"></g></l></v></tfr></token><token text="в" id="668502"><tfr rev_id="1500595" t="в"><v><l id="37409" t="в"><g v="PREP"></g></l></v></tfr></token><token text="моём" id="668503"><tfr rev_id="4464329" t="моём"><v><l id="162570" t="мой"><g v="ADJF"></g><g v="Apro"></g><g v="masc"></g><g v="sing"></g><g v="loct"></g></l></v></tfr></token><token text="пятистенке" id="668504"><tfr rev_id="4286810" t="пятистенке"><v><l id="388873" t="пятистенок"><g v="NOUN"></g><g v="inan"></g><g v="masc"></g><g v="sing"></g><g v="loct"></g></l></v></tfr></token><token text="(" id="668505"><tfr rev_id="1500598" t="("><v><l id="0" t="("><g v="PNCT"></g></l></v></tfr></token><token text="с" id="668506"><tfr rev_id="1500599" t="с"><v><l id="311151" t="с"><g v="PREP"></g></l></v></tfr></token><token text="мансардным" id="668507"><tfr rev_id="4376457" t="мансардным"><v><l id="154849" t="мансардный"><g v="ADJF"></g><g v="Qual"></g><g v="masc"></g><g v="sing"></g><g v="ablt"></g></l></v></tfr></token><token text="этажом" id="668508"><tfr rev_id="1500601" t="этажом"><v><l id="386395" t="этаж"><g v="NOUN"></g><g v="inan"></g><g v="masc"></g><g v="sing"></g><g v="ablt"></g></l></v></tfr></token><token text="половинной" id="668509"><tfr rev_id="4317323" t="половинной"><v><l id="256188" t="половинный"><g v="ADJF"></g><g v="Qual"></g><g v="femn"></g><g v="sing"></g><g v="gent"></g></l></v></tfr></token><token text="площади" id="668510"><tfr rev_id="4240330" t="площади"><v><l id="240936" t="площадь"><g v="NOUN"></g><g v="inan"></g><g v="femn"></g><g v="sing"></g><g v="gent"></g></l></v></tfr></token><token text=")" id="668511"><tfr rev_id="1500604" t=")"><v><l id="0" t=")"><g v="PNCT"></g></l></v></tfr></token><token text="строить" id="668512"><tfr rev_id="1500605" t="строить"><v><l id="337673" t="строить"><g v="INFN"></g><g v="impf"></g><g v="tran"></g></l></v><v><l id="337682" t="строить"><g v="INFN"></g><g v="perf"></g><g v="tran"></g></l></v></tfr></token><token text="печку" id="668513"><tfr rev_id="1500606" t="печку"><v><l id="238263" t="печка"><g v="NOUN"></g><g v="inan"></g><g v="femn"></g><g v="sing"></g><g v="accs"></g></l></v></tfr></token><token text="," id="668514"><tfr rev_id="1500607" t=","><v><l id="0" t=","><g v="PNCT"></g></l></v></tfr></token><token text="которая" id="668515"><tfr rev_id="3639839" t="которая"><v><l id="141203" t="который"><g v="ADJF"></g><g v="Apro"></g><g v="Subx"></g><g v="Anph"></g><g v="femn"></g><g v="sing"></g><g v="nomn"></g></l></v></tfr></token><token text="будет" id="668516"><tfr rev_id="1500609" t="будет"><v><l id="37265" t="есть"><g v="VERB"></g><g v="impf"></g><g v="intr"></g><g v="sing"></g><g v="3per"></g><g v="futr"></g><g v="indc"></g></l></v></tfr></token><token text="в" id="668517"><tfr rev_id="1500610" t="в"><v><l id="37409" t="в"><g v="PREP"></g></l></v></tfr></token><token text="двух" id="668518"><tfr rev_id="4449699" t="двух"><v><l id="78668" t="два"><g v="NUMR"></g><g v="anim"></g><g v="accs"></g></l></v><v><l id="78668" t="два"><g v="NUMR"></g><g v="gent"></g></l></v><v><l id="78668" t="два"><g v="NUMR"></g><g v="loct"></g></l></v></tfr></token><token text="комнатах" id="668519"><tfr rev_id="1500612" t="комнатах"><v><l id="137100" t="комната"><g v="NOUN"></g><g v="inan"></g><g v="femn"></g><g v="plur"></g><g v="loct"></g></l></v></tfr></token><token text="сразу" id="668520"><tfr rev_id="1500613" t="сразу"><v><l id="333375" t="сразу"><g v="ADVB"></g></l></v></tfr></token><token text="-" id="668521"><tfr rev_id="1500614" t="-"><v><l id="0" t="-"><g v="PNCT"></g></l></v></tfr></token><token text="означает" id="668522"><tfr rev_id="1500615" t="означает"><v><l id="204299" t="означаю"><g v="VERB"></g><g v="impf"></g><g v="tran"></g><g v="sing"></g><g v="3per"></g><g v="pres"></g><g v="indc"></g></l></v></tfr></token><token text="фактически" id="668523"><tfr rev_id="3190237" t="фактически"><v><l id="364168" t="фактически"><g v="ADVB"></g></l></v><v><l id="364170" t="фактически"><g v="CONJ"></g><g v="Prnt"></g></l></v></tfr></token><token text="полное" id="668524"><tfr rev_id="1500617" t="полное"><v><l id="256169" t="полный"><g v="ADJF"></g><g v="Qual"></g><g v="neut"></g><g v="sing"></g><g v="nomn"></g></l></v><v><l id="256169" t="полный"><g v="ADJF"></g><g v="Qual"></g><g v="neut"></g><g v="sing"></g><g v="accs"></g></l></v></tfr></token><token text="удаление" id="668525"><tfr rev_id="3555806" t="удаление"><v><l id="354634" t="удаление"><g v="NOUN"></g><g v="inan"></g><g v="neut"></g><g v="sing"></g><g v="accs"></g></l></v></tfr></token><token text="капитальной" id="668526"><tfr rev_id="3883403" t="капитальной"><v><l id="129727" t="капитальный"><g v="ADJF"></g><g v="femn"></g><g v="sing"></g><g v="gent"></g></l></v></tfr></token><token text="бревенчатой" id="668527"><tfr rev_id="4095069" t="бревенчатой"><v><l id="33711" t="бревенчатый"><g v="ADJF"></g><g v="femn"></g><g v="sing"></g><g v="gent"></g></l></v></tfr></token><token text="перегородки" id="668528"><tfr rev_id="2699432" t="перегородки"><v><l id="227862" t="перегородка"><g v="NOUN"></g><g v="inan"></g><g v="femn"></g><g v="sing"></g><g v="gent"></g></l></v></tfr></token><token text="," id="668529"><tfr rev_id="1500622" t=","><v><l id="0" t=","><g v="PNCT"></g></l></v></tfr></token><token text="что" id="668530"><tfr rev_id="3197477" t="что"><v><l id="377004" t="что"><g v="CONJ"></g></l></v><v><l id="377005" t="что"><g v="NPRO"></g><g v="neut"></g><g v="sing"></g><g v="nomn"></g></l></v><v><l id="377005" t="что"><g v="NPRO"></g><g v="neut"></g><g v="sing"></g><g v="accs"></g></l></v><v><l id="377006" t="что"><g v="ADVB"></g><g v="Ques"></g></l></v><v><l id="388695" t="что"><g v="PRCL"></g></l></v></tfr></token><token text="как-то" id="668531"><tfr rev_id="1500624" t="как-то"><v><l id="128196" t="как-то"><g v="ADVB"></g></l></v></tfr></token><token text="кажется" id="668532"><tfr rev_id="3797634" t="кажется"><v><l id="127940" t="кажусь"><g v="VERB"></g><g v="impf"></g><g v="intr"></g><g v="sing"></g><g v="3per"></g><g v="pres"></g><g v="indc"></g></l></v></tfr></token><token text="мне" id="668533"><tfr rev_id="4201013" t="мне"><v><l id="387317" t="я"><g v="NPRO"></g><g v="1per"></g><g v="sing"></g><g v="datv"></g></l></v></tfr></token><token text="обидным" id="668534"><tfr rev_id="4205484" t="обидным"><v><l id="195414" t="обидный"><g v="ADJF"></g><g v="Qual"></g><g v="neut"></g><g v="sing"></g><g v="ablt"></g></l></v></tfr></token><token text="." id="668535"><tfr rev_id="1500628" t="."><v><l id="0" t="."><g v="PNCT"></g></l></v></tfr></token></tokens></sentence><sentence id="37397"><source>Хорошая, годная стена.</source><tokens><token text="Хорошая" id="668536"><tfr rev_id="1500629" t="Хорошая"><v><l id="371668" t="хороший"><g v="ADJF"></g><g v="Qual"></g><g v="femn"></g><g v="sing"></g><g v="nomn"></g></l></v></tfr></token><token text="," id="668537"><tfr rev_id="1500630" t=","><v><l id="0" t=","><g v="PNCT"></g></l></v></tfr></token><token text="годная" id="668538"><tfr rev_id="1500631" t="годная"><v><l id="72185" t="годный"><g v="ADJF"></g><g v="Qual"></g><g v="femn"></g><g v="sing"></g><g v="nomn"></g></l></v></tfr></token><token text="стена" id="668539"><tfr rev_id="4290161" t="стена"><v><l id="335683" t="стена"><g v="NOUN"></g><g v="inan"></g><g v="femn"></g><g v="sing"></g><g v="nomn"></g></l></v></tfr></token><token text="." id="668540"><tfr rev_id="1500633" t="."><v><l id="0" t="."><g v="PNCT"></g></l></v></tfr></token></tokens></sentence><sentence id="37398"><source>Не хочу ломать.</source><tokens><token text="Не" id="668541"><tfr rev_id="1500634" t="Не"><v><l id="178876" t="не"><g v="PRCL"></g></l></v></tfr></token><token text="хочу" id="668542"><tfr rev_id="1500635" t="хочу"><v><l id="371713" t="хочу"><g v="VERB"></g><g v="impf"></g><g v="tran"></g><g v="sing"></g><g v="1per"></g><g v="pres"></g><g v="indc"></g></l></v></tfr></token><token text="ломать" id="668543"><tfr rev_id="1500636" t="ломать"><v><l id="150746" t="ломать"><g v="INFN"></g><g v="impf"></g><g v="tran"></g></l></v></tfr></token><token text="." id="668544"><tfr rev_id="1500637" t="."><v><l id="0" t="."><g v="PNCT"></g></l></v></tfr></token></tokens></sentence></paragraph><paragraph id="12016"><sentence id="37399"><source>Хочется отапливать"холодную"часть пятистенка и второй этаж этой же печкой.</source><tokens><token text="Хочется" id="668545"><tfr rev_id="1500638" t="Хочется"><v><l id="371718" t="хотелось"><g v="VERB"></g><g v="impf"></g><g v="intr"></g><g v="Impe"></g><g v="sing"></g><g v="pres"></g><g v="indc"></g></l></v></tfr></token><token text="отапливать" id="668546"><tfr rev_id="1500639" t="отапливать"><v><l id="211693" t="отапливать"><g v="INFN"></g><g v="impf"></g><g v="tran"></g></l></v></tfr></token><token text="&quot;" id="668547"><tfr rev_id="1500640" t="&quot;"><v><l id="0" t="&quot;"><g v="PNCT"></g></l></v></tfr></token><token text="холодную" id="668548"><tfr rev_id="1500641" t="холодную"><v><l id="371377" t="холодный"><g v="ADJF"></g><g v="Qual"></g><g v="femn"></g><g v="sing"></g><g v="accs"></g></l></v></tfr></token><token text="&quot;" id="668549"><tfr rev_id="1500642" t="&quot;"><v><l id="0" t="&quot;"><g v="PNCT"></g></l></v></tfr></token><token text="часть" id="668550"><tfr rev_id="1500643" t="часть"><v><l id="374820" t="часть"><g v="NOUN"></g><g v="inan"></g><g v="femn"></g><g v="sing"></g><g v="nomn"></g></l></v><v><l id="374820" t="часть"><g v="NOUN"></g><g v="inan"></g><g v="femn"></g><g v="sing"></g><g v="accs"></g></l></v></tfr></token><token text="пятистенка" id="668551"><tfr rev_id="4290189" t="пятистенка"><v><l id="388873" t="пятистенок"><g v="NOUN"></g><g v="inan"></g><g v="masc"></g><g v="sing"></g><g v="gent"></g></l></v></tfr></token><token text="и" id="668552"><tfr rev_id="1500645" t="и"><v><l id="116949" t="и"><g v="CONJ"></g></l></v><v><l id="116950" t="и"><g v="INTJ"></g></l></v></tfr></token><token text="второй" id="668553"><tfr rev_id="4263341" t="второй"><v><l id="55043" t="второй"><g v="ADJF"></g><g v="Anum"></g><g v="masc"></g><g v="sing"></g><g v="nomn"></g></l></v><v><l id="55043" t="второй"><g v="ADJF"></g><g v="Anum"></g><g v="inan"></g><g v="masc"></g><g v="sing"></g><g v="accs"></g></l></v></tfr></token><token text="этаж" id="668554"><tfr rev_id="3300968" t="этаж"><v><l id="386395" t="этаж"><g v="NOUN"></g><g v="inan"></g><g v="masc"></g><g v="sing"></g><g v="accs"></g></l></v></tfr></token><token text="этой" id="668555"><tfr rev_id="4438037" t="этой"><v><l id="386581" t="этот"><g v="ADJF"></g><g v="Subx"></g><g v="Apro"></g><g v="Anph"></g><g v="femn"></g><g v="sing"></g><g v="ablt"></g></l></v></tfr></token><token text="же" id="668556"><tfr rev_id="1500649" t="же"><v><l id="96208" t="же"><g v="CONJ"></g></l></v><v><l id="96209" t="же"><g v="PRCL"></g></l></v></tfr></token><token text="печкой" id="668557"><tfr rev_id="1500650" t="печкой"><v><l id="238263" t="печка"><g v="NOUN"></g><g v="inan"></g><g v="femn"></g><g v="sing"></g><g v="ablt"></g></l></v></tfr></token><token text="." id="668558"><tfr rev_id="1500651" t="."><v><l id="0" t="."><g v="PNCT"></g></l></v></tfr></token></tokens></sentence><sentence id="37400"><source>Да, водяное охлаждение - решение, которое даст нужный результат.</source><tokens><token text="Да" id="668559"><tfr rev_id="1500652" t="Да"><v><l id="77569" t="да"><g v="CONJ"></g></l></v><v><l id="77570" t="да"><g v="PRCL"></g></l></v><v><l id="77571" t="да"><g v="INTJ"></g></l></v></tfr></token><token text="," id="668560"><tfr rev_id="1500653" t=","><v><l id="0" t=","><g v="PNCT"></g></l></v></tfr></token><token text="водяное" id="668561"><tfr rev_id="1500654" t="водяное"><v><l id="48533" t="водяной"><g v="ADJF"></g><g v="neut"></g><g v="sing"></g><g v="nomn"></g></l></v><v><l id="48533" t="водяной"><g v="ADJF"></g><g v="neut"></g><g v="sing"></g><g v="accs"></g></l></v></tfr></token><token text="охлаждение" id="668562"><tfr rev_id="3531600" t="охлаждение"><v><l id="221173" t="охлаждение"><g v="NOUN"></g><g v="inan"></g><g v="neut"></g><g v="sing"></g><g v="nomn"></g></l></v></tfr></token><token text="-" id="668563"><tfr rev_id="1500656" t="-"><v><l id="0" t="-"><g v="PNCT"></g></l></v></tfr></token><token text="решение" id="668564"><tfr rev_id="3465466" t="решение"><v><l id="307350" t="решение"><g v="NOUN"></g><g v="inan"></g><g v="neut"></g><g v="sing"></g><g v="nomn"></g></l></v></tfr></token><token text="," id="668565"><tfr rev_id="1500658" t=","><v><l id="0" t=","><g v="PNCT"></g></l></v></tfr></token><token text="которое" id="668566"><tfr rev_id="3880235" t="которое"><v><l id="141203" t="который"><g v="ADJF"></g><g v="Apro"></g><g v="Subx"></g><g v="Anph"></g><g v="neut"></g><g v="sing"></g><g v="nomn"></g></l></v></tfr></token><token text="даст" id="668567"><tfr rev_id="1500660" t="даст"><v><l id="78546" t="дал"><g v="VERB"></g><g v="perf"></g><g v="tran"></g><g v="sing"></g><g v="3per"></g><g v="futr"></g><g v="indc"></g></l></v></tfr></token><token text="нужный" id="668568"><tfr rev_id="1500661" t="нужный"><v><l id="192581" t="нужный"><g v="ADJF"></g><g v="Qual"></g><g v="masc"></g><g v="sing"></g><g v="nomn"></g></l></v><v><l id="192581" t="нужный"><g v="ADJF"></g><g v="Qual"></g><g v="inan"></g><g v="masc"></g><g v="sing"></g><g v="accs"></g></l></v></tfr></token><token text="результат" id="668569"><tfr rev_id="1500662" t="результат"><v><l id="305391" t="результат"><g v="NOUN"></g><g v="inan"></g><g v="masc"></g><g v="sing"></g><g v="nomn"></g></l></v><v><l id="305391" t="результат"><g v="NOUN"></g><g v="inan"></g><g v="masc"></g><g v="sing"></g><g v="accs"></g></l></v></tfr></token><token text="." id="668570"><tfr rev_id="1500663" t="."><v><l id="0" t="."><g v="PNCT"></g></l></v></tfr></token></tokens></sentence><sentence id="37401"><source>Но оно же означает много телодвижений во всех приездах-отъездах (ибо вода имеет нехорошее свойство замерзать ниже нуля).</source><tokens><token text="Но" id="668571"><tfr rev_id="3712220" t="Но"><v><l id="191429" t="но"><g v="CONJ"></g></l></v></tfr></token><token text="оно" id="668572"><tfr rev_id="3590792" t="оно"><v><l id="206649" t="оно"><g v="NPRO"></g><g v="neut"></g><g v="3per"></g><g v="Anph"></g><g v="sing"></g><g v="nomn"></g></l></v></tfr></token><token text="же" id="668573"><tfr rev_id="1500666" t="же"><v><l id="96208" t="же"><g v="CONJ"></g></l></v><v><l id="96209" t="же"><g v="PRCL"></g></l></v></tfr></token><token text="означает" id="668574"><tfr rev_id="1500667" t="означает"><v><l id="204299" t="означаю"><g v="VERB"></g><g v="impf"></g><g v="tran"></g><g v="sing"></g><g v="3per"></g><g v="pres"></g><g v="indc"></g></l></v></tfr></token><token text="много" id="668575"><tfr rev_id="4181084" t="много"><v><l id="389079" t="много"><g v="NUMR"></g><g v="nomn"></g></l></v><v><l id="389079" t="много"><g v="NUMR"></g><g v="accs"></g></l></v></tfr></token><token text="телодвижений" id="668576"><tfr rev_id="1500669" t="телодвижений"><v><l id="344410" t="телодвижение"><g v="NOUN"></g><g v="inan"></g><g v="neut"></g><g v="plur"></g><g v="gent"></g></l></v></tfr></token><token text="во" id="668577"><tfr rev_id="2920304" t="во"><v><l id="37409" t="в"><g v="PREP"></g><g v="Vpre"></g></l></v></tfr></token><token text="всех" id="668578"><tfr rev_id="4135860" t="всех"><v><l id="42156" t="весь"><g v="ADJF"></g><g v="Subx"></g><g v="Apro"></g><g v="plur"></g><g v="loct"></g></l></v></tfr></token><token text="приездах" id="668579"><tfr rev_id="1500672" t="приездах"><v><l id="270332" t="приезд"><g v="NOUN"></g><g v="inan"></g><g v="masc"></g><g v="plur"></g><g v="loct"></g></l></v></tfr></token><token text="-" id="668580"><tfr rev_id="1500673" t="-"><v><l id="0" t="-"><g v="PNCT"></g></l></v></tfr></token><token text="отъездах" id="668581"><tfr rev_id="1500674" t="отъездах"><v><l id="220681" t="отъезд"><g v="NOUN"></g><g v="inan"></g><g v="masc"></g><g v="plur"></g><g v="loct"></g></l></v></tfr></token><token text="(" id="668582"><tfr rev_id="1500675" t="("><v><l id="0" t="("><g v="PNCT"></g></l></v></tfr></token><token text="ибо" id="668583"><tfr rev_id="1500676" t="ибо"><v><l id="116978" t="ибо"><g v="CONJ"></g></l></v></tfr></token><token text="вода" id="668584"><tfr rev_id="4159942" t="вода"><v><l id="48014" t="вода"><g v="NOUN"></g><g v="inan"></g><g v="femn"></g><g v="sing"></g><g v="nomn"></g></l></v></tfr></token><token text="имеет" id="668585"><tfr rev_id="1500678" t="имеет"><v><l id="121610" t="имею"><g v="VERB"></g><g v="impf"></g><g v="tran"></g><g v="sing"></g><g v="3per"></g><g v="pres"></g><g v="indc"></g></l></v></tfr></token><token text="нехорошее" id="668586"><tfr rev_id="1500679" t="нехорошее"><v><l id="189922" t="нехороший"><g v="ADJF"></g><g v="neut"></g><g v="sing"></g><g v="nomn"></g></l></v><v><l id="189922" t="нехороший"><g v="ADJF"></g><g v="neut"></g><g v="sing"></g><g v="accs"></g></l></v></tfr></token><token text="свойство" id="668587"><tfr rev_id="1500680" t="свойство"><v><l id="316394" t="свойство"><g v="NOUN"></g><g v="inan"></g><g v="neut"></g><g v="sing"></g><g v="nomn"></g></l></v><v><l id="316394" t="свойство"><g v="NOUN"></g><g v="inan"></g><g v="neut"></g><g v="sing"></g><g v="accs"></g></l></v></tfr></token><token text="замерзать" id="668588"><tfr rev_id="1500681" t="замерзать"><v><l id="105432" t="замерзать"><g v="INFN"></g><g v="impf"></g><g v="intr"></g></l></v></tfr></token><token text="ниже" id="668589"><tfr rev_id="1500682" t="ниже"><v><l id="190386" t="ниже"><g v="ADVB"></g></l></v><v><l id="190387" t="ниже"><g v="PREP"></g></l></v><v><l id="190388" t="ниже"><g v="CONJ"></g></l></v><v><l id="190666" t="ниже"><g v="COMP"></g><g v="Qual"></g></l></v></tfr></token><token text="нуля" id="668590"><tfr rev_id="1500683" t="нуля"><v><l id="192634" t="нуль"><g v="NOUN"></g><g v="inan"></g><g v="masc"></g><g v="sing"></g><g v="gent"></g></l></v></tfr></token><token text=")" id="668591"><tfr rev_id="1500684" t=")"><v><l id="0" t=")"><g v="PNCT"></g></l></v></tfr></token><token text="." id="668592"><tfr rev_id="1500685" t="."><v><l id="0" t="."><g v="PNCT"></g></l></v></tfr></token></tokens></sentence><sentence id="37402"><source>Опыт же общения с печками типа"Булерьян"убеждает в том, что теплообмен с воздухом за счёт конвекции весьма полезен (особенно для тёплого второго этажа), но скорее всего недостаточен.</source><tokens><token text="Опыт" id="668593"><tfr rev_id="1500686" t="Опыт"><v><l id="208575" t="опыт"><g v="NOUN"></g><g v="inan"></g><g v="masc"></g><g v="sing"></g><g v="nomn"></g></l></v><v><l id="208575" t="опыт"><g v="NOUN"></g><g v="inan"></g><g v="masc"></g><g v="sing"></g><g v="accs"></g></l></v></tfr></token><token text="же" id="668594"><tfr rev_id="1500687" t="же"><v><l id="96208" t="же"><g v="CONJ"></g></l></v><v><l id="96209" t="же"><g v="PRCL"></g></l></v></tfr></token><token text="общения" id="668595"><tfr rev_id="3444182" t="общения"><v><l id="201514" t="общение"><g v="NOUN"></g><g v="inan"></g><g v="neut"></g><g v="sing"></g><g v="gent"></g></l></v></tfr></token><token text="с" id="668596"><tfr rev_id="1500689" t="с"><v><l id="311151" t="с"><g v="PREP"></g></l></v></tfr></token><token text="печками" id="668597"><tfr rev_id="1500690" t="печками"><v><l id="238263" t="печка"><g v="NOUN"></g><g v="inan"></g><g v="femn"></g><g v="plur"></g><g v="ablt"></g></l></v></tfr></token><token text="типа" id="668598"><tfr rev_id="4447884" t="типа"><v><l id="346276" t="тип"><g v="NOUN"></g><g v="anim"></g><g v="masc"></g><g v="sing"></g><g v="accs"></g></l></v><v><l id="346276" t="тип"><g v="NOUN"></g><g v="anim"></g><g v="masc"></g><g v="sing"></g><g v="gent"></g></l></v><v><l id="346277" t="тип"><g v="NOUN"></g><g v="inan"></g><g v="masc"></g><g v="sing"></g><g v="gent"></g></l></v><v><l id="388470" t="типа"><g v="PREP"></g></l></v><v><l id="388663" t="типа"><g v="PRCL"></g></l></v></tfr></token><token text="&quot;" id="668599"><tfr rev_id="1500692" t="&quot;"><v><l id="0" t="&quot;"><g v="PNCT"></g></l></v></tfr></token><token text="Булерьян" id="668600"><tfr rev_id="1500693" t="Булерьян"><v><l id="0" t="булерьян"><g v="UNKN"></g></l></v></tfr></token><token text="&quot;" id="668601"><tfr rev_id="1500694" t="&quot;"><v><l id="0" t="&quot;"><g v="PNCT"></g></l></v></tfr></token><token text="убеждает" id="668602"><tfr rev_id="1500695" t="убеждает"><v><l id="352918" t="убеждаю"><g v="VERB"></g><g v="impf"></g><g v="tran"></g><g v="sing"></g><g v="3per"></g><g v="pres"></g><g v="indc"></g></l></v></tfr></token><token text="в" id="668603"><tfr rev_id="1500696" t="в"><v><l id="37409" t="в"><g v="PREP"></g></l></v></tfr></token><token text="том" id="668604"><tfr rev_id="4308480" t="том"><v><l id="348430" t="тот"><g v="ADJF"></g><g v="Subx"></g><g v="Apro"></g><g v="Anph"></g><g v="neut"></g><g v="sing"></g><g v="loct"></g></l></v></tfr></token><token text="," id="668605"><tfr rev_id="1500698" t=","><v><l id="0" t=","><g v="PNCT"></g></l></v></tfr></token><token text="что" id="668606"><tfr rev_id="3197478" t="что"><v><l id="377004" t="что"><g v="CONJ"></g></l></v><v><l id="377005" t="что"><g v="NPRO"></g><g v="neut"></g><g v="sing"></g><g v="nomn"></g></l></v><v><l id="377005" t="что"><g v="NPRO"></g><g v="neut"></g><g v="sing"></g><g v="accs"></g></l></v><v><l id="377006" t="что"><g v="ADVB"></g><g v="Ques"></g></l></v><v><l id="388695" t="что"><g v="PRCL"></g></l></v></tfr></token><token text="теплообмен" id="668607"><tfr rev_id="1500700" t="теплообмен"><v><l id="345005" t="теплообмен"><g v="NOUN"></g><g v="inan"></g><g v="masc"></g><g v="sing"></g><g v="nomn"></g></l></v><v><l id="345005" t="теплообмен"><g v="NOUN"></g><g v="inan"></g><g v="masc"></g><g v="sing"></g><g v="accs"></g></l></v></tfr></token><token text="с" id="668608"><tfr rev_id="1500701" t="с"><v><l id="311151" t="с"><g v="PREP"></g></l></v></tfr></token><token text="воздухом" id="668609"><tfr rev_id="1500702" t="воздухом"><v><l id="49093" t="воздух"><g v="NOUN"></g><g v="inan"></g><g v="masc"></g><g v="sing"></g><g v="ablt"></g></l></v></tfr></token><token text="за" id="668610"><tfr rev_id="1500703" t="за"><v><l id="98043" t="за"><g v="PREP"></g></l></v></tfr></token><token text="счёт" id="668611"><tfr rev_id="4099409" t="счёт"><v><l id="341128" t="счёт"><g v="NOUN"></g><g v="inan"></g><g v="masc"></g><g v="sing"></g><g v="accs"></g></l></v></tfr></token><token text="конвекции" id="668612"><tfr rev_id="3558177" t="конвекции"><v><l id="137546" t="конвекция"><g v="NOUN"></g><g v="inan"></g><g v="femn"></g><g v="sing"></g><g v="gent"></g></l></v></tfr></token><token text="весьма" id="668613"><tfr rev_id="1500706" t="весьма"><v><l id="42160" t="весьма"><g v="ADVB"></g></l></v></tfr></token><token text="полезен" id="668614"><tfr rev_id="1500707" t="полезен"><v><l id="255323" t="полезен"><g v="ADJS"></g><g v="Qual"></g><g v="masc"></g><g v="sing"></g></l></v></tfr></token><token text="(" id="668615"><tfr rev_id="1500708" t="("><v><l id="0" t="("><g v="PNCT"></g></l></v></tfr></token><token text="особенно" id="668616"><tfr rev_id="3426606" t="особенно"><v><l id="210627" t="особенно"><g v="ADVB"></g></l></v><v><l id="210630" t="особен"><g v="ADJS"></g><g v="Qual"></g><g v="neut"></g><g v="sing"></g></l></v><v><l id="388746" t="особенно"><g v="PRCL"></g></l></v></tfr></token><token text="для" id="668617"><tfr rev_id="2707461" t="для"><v><l id="85032" t="для"><g v="PREP"></g></l></v></tfr></token><token text="тёплого" id="668618"><tfr rev_id="3470352" t="тёплого"><v><l id="341993" t="тёплый"><g v="ADJF"></g><g v="Qual"></g><g v="masc"></g><g v="sing"></g><g v="gent"></g></l></v><v><l id="341993" t="тёплый"><g v="ADJF"></g><g v="Qual"></g><g v="anim"></g><g v="masc"></g><g v="sing"></g><g v="accs"></g></l></v></tfr></token><token text="второго" id="668619"><tfr rev_id="4373729" t="второго"><v><l id="55043" t="второй"><g v="ADJF"></g><g v="Anum"></g><g v="masc"></g><g v="sing"></g><g v="gent"></g></l></v><v><l id="55043" t="второй"><g v="ADJF"></g><g v="Anum"></g><g v="anim"></g><g v="masc"></g><g v="sing"></g><g v="accs"></g></l></v></tfr></token><token text="этажа" id="668620"><tfr rev_id="1500713" t="этажа"><v><l id="386395" t="этаж"><g v="NOUN"></g><g v="inan"></g><g v="masc"></g><g v="sing"></g><g v="gent"></g></l></v></tfr></token><token text=")" id="668621"><tfr rev_id="1500714" t=")"><v><l id="0" t=")"><g v="PNCT"></g></l></v></tfr></token><token text="," id="668622"><tfr rev_id="1500715" t=","><v><l id="0" t=","><g v="PNCT"></g></l></v></tfr></token><token text="но" id="668623"><tfr rev_id="1500716" t="но"><v><l id="191429" t="но"><g v="CONJ"></g></l></v><v><l id="191430" t="но"><g v="INTJ"></g></l></v></tfr></token><token text="скорее" id="668624"><tfr rev_id="3423657" t="скорее"><v><l id="323379" t="скорее"><g v="COMP"></g><g v="Qual"></g></l></v><v><l id="388718" t="скорее"><g v="CONJ"></g><g v="Prnt"></g></l></v></tfr></token><token text="всего" id="668625"><tfr rev_id="4513801" t="всего"><v><l id="42156" t="весь"><g v="ADJF"></g><g v="Subx"></g><g v="Apro"></g><g v="neut"></g><g v="sing"></g><g v="gent"></g></l></v></tfr></token><token text="недостаточен" id="668626"><tfr rev_id="1500719" t="недостаточен"><v><l id="181683" t="недостаточен"><g v="ADJS"></g><g v="Qual"></g><g v="masc"></g><g v="sing"></g></l></v></tfr></token><token text="." id="668627"><tfr rev_id="1500720" t="."><v><l id="0" t="."><g v="PNCT"></g></l></v></tfr></token></tokens></sentence></paragraph><paragraph id="12017"><sentence id="37403"><source>Кроме того, хочется сравнительно быстро получить, разжигая печь, приемлемую температуру на полу, приехав в дом зимой.</source><tokens><token text="Кроме" id="668628"><tfr rev_id="1500721" t="Кроме"><v><l id="143259" t="кроме"><g v="PREP"></g></l></v></tfr></token><token text="того" id="668629"><tfr rev_id="4385015" t="того"><v><l id="348430" t="тот"><g v="ADJF"></g><g v="Subx"></g><g v="Apro"></g><g v="Anph"></g><g v="neut"></g><g v="sing"></g><g v="gent"></g></l></v></tfr></token><token text="," id="668630"><tfr rev_id="1500723" t=","><v><l id="0" t=","><g v="PNCT"></g></l></v></tfr></token><token text="хочется" id="668631"><tfr rev_id="1500724" t="хочется"><v><l id="371718" t="хотелось"><g v="VERB"></g><g v="impf"></g><g v="intr"></g><g v="Impe"></g><g v="sing"></g><g v="pres"></g><g v="indc"></g></l></v></tfr></token><token text="сравнительно" id="668632"><tfr rev_id="3709906" t="сравнительно"><v><l id="333326" t="сравнительно"><g v="ADVB"></g></l></v></tfr></token><token text="быстро" id="668633"><tfr rev_id="1500726" t="быстро"><v><l id="37073" t="быстро"><g v="ADVB"></g></l></v><v><l id="37234" t="быстр"><g v="ADJS"></g><g v="Qual"></g><g v="neut"></g><g v="sing"></g></l></v></tfr></token><token text="получить" id="668634"><tfr rev_id="1500727" t="получить"><v><l id="256960" t="получить"><g v="INFN"></g><g v="perf"></g><g v="tran"></g></l></v></tfr></token><token text="," id="668635"><tfr rev_id="1500728" t=","><v><l id="0" t=","><g v="PNCT"></g></l></v></tfr></token><token text="разжигая" id="668636"><tfr rev_id="1500729" t="разжигая"><v><l id="294053" t="разжигая"><g v="GRND"></g><g v="impf"></g><g v="tran"></g><g v="pres"></g></l></v></tfr></token><token text="печь" id="668637"><tfr rev_id="1712972" t="печь"><v><l id="238296" t="печь"><g v="NOUN"></g><g v="inan"></g><g v="femn"></g><g v="sing"></g><g v="nomn"></g></l></v><v><l id="238296" t="печь"><g v="NOUN"></g><g v="inan"></g><g v="femn"></g><g v="sing"></g><g v="accs"></g></l></v></tfr></token><token text="," id="668638"><tfr rev_id="1500731" t=","><v><l id="0" t=","><g v="PNCT"></g></l></v></tfr></token><token text="приемлемую" id="668639"><tfr rev_id="1500732" t="приемлемую"><v><l id="270345" t="приемлемый"><g v="ADJF"></g><g v="Qual"></g><g v="femn"></g><g v="sing"></g><g v="accs"></g></l></v></tfr></token><token text="температуру" id="668640"><tfr rev_id="1500733" t="температуру"><v><l id="344603" t="температура"><g v="NOUN"></g><g v="inan"></g><g v="femn"></g><g v="sing"></g><g v="accs"></g></l></v></tfr></token><token text="на" id="668641"><tfr rev_id="3341305" t="на"><v><l id="166264" t="на"><g v="PREP"></g></l></v></tfr></token><token text="полу" id="668642"><tfr rev_id="3871920" t="полу"><v><l id="255093" t="пол"><g v="NOUN"></g><g v="inan"></g><g v="masc"></g><g v="sing"></g><g v="loc2"></g></l></v></tfr></token><token text="," id="668643"><tfr rev_id="1500736" t=","><v><l id="0" t=","><g v="PNCT"></g></l></v></tfr></token><token text="приехав" id="668644"><tfr rev_id="1500737" t="приехав"><v><l id="270374" t="приехав"><g v="GRND"></g><g v="perf"></g><g v="intr"></g><g v="past"></g></l></v></tfr></token><token text="в" id="668645"><tfr rev_id="1500738" t="в"><v><l id="37409" t="в"><g v="PREP"></g></l></v></tfr></token><token text="дом" id="668646"><tfr rev_id="3552392" t="дом"><v><l id="88152" t="дом"><g v="NOUN"></g><g v="inan"></g><g v="masc"></g><g v="sing"></g><g v="accs"></g></l></v></tfr></token><token text="зимой" id="668647"><tfr rev_id="3801531" t="зимой"><v><l id="115448" t="зимой"><g v="ADVB"></g></l></v></tfr></token><token text="." id="668648"><tfr rev_id="1500741" t="."><v><l id="0" t="."><g v="PNCT"></g></l></v></tfr></token></tokens></sentence></paragraph><paragraph id="12018"><sentence id="37404"><source>Идея заключается в том, чтобы взять достаточно испытанную конструкцию печи, возможно с камином, скорее всего -"Шведку", и дополнить её активным воздушным теплообменником из трёх (или более) труб.</source><tokens><token text="Идея" id="668649"><tfr rev_id="1500742" t="Идея"><v><l id="117499" t="идея"><g v="NOUN"></g><g v="inan"></g><g v="femn"></g><g v="sing"></g><g v="nomn"></g></l></v></tfr></token><token text="заключается" id="668650"><tfr rev_id="1500743" t="заключается"><v><l id="103475" t="заключаюсь"><g v="VERB"></g><g v="impf"></g><g v="intr"></g><g v="sing"></g><g v="3per"></g><g v="pres"></g><g v="indc"></g></l></v></tfr></token><token text="в" id="668651"><tfr rev_id="1500744" t="в"><v><l id="37409" t="в"><g v="PREP"></g></l></v></tfr></token><token text="том" id="668652"><tfr rev_id="4379127" t="том"><v><l id="348430" t="тот"><g v="ADJF"></g><g v="Subx"></g><g v="Apro"></g><g v="Anph"></g><g v="neut"></g><g v="sing"></g><g v="loct"></g></l></v></tfr></token><token text="," id="668653"><tfr rev_id="1500746" t=","><v><l id="0" t=","><g v="PNCT"></g></l></v></tfr></token><token text="чтобы" id="668654"><tfr rev_id="1500747" t="чтобы"><v><l id="377013" t="чтобы"><g v="CONJ"></g></l></v><v><l id="377014" t="чтобы"><g v="PRCL"></g></l></v></tfr></token><token text="взять" id="668655"><tfr rev_id="1500748" t="взять"><v><l id="44305" t="взять"><g v="INFN"></g><g v="perf"></g><g v="tran"></g></l></v></tfr></token><token text="достаточно" id="668656"><tfr rev_id="1500749" t="достаточно"><v><l id="90477" t="достаточно"><g v="ADVB"></g><g v="Prdx"></g></l></v><v><l id="90480" t="достаточен"><g v="ADJS"></g><g v="Qual"></g><g v="neut"></g><g v="sing"></g></l></v></tfr></token><token text="испытанную" id="668657"><tfr rev_id="1500750" t="испытанную"><v><l id="125659" t="испытанный"><g v="ADJF"></g><g v="Qual"></g><g v="femn"></g><g v="sing"></g><g v="accs"></g></l></v><v><l id="125671" t="испытанный"><g v="PRTF"></g><g v="perf"></g><g v="tran"></g><g v="past"></g><g v="pssv"></g><g v="femn"></g><g v="sing"></g><g v="accs"></g></l></v></tfr></token><token text="конструкцию" id="668658"><tfr rev_id="1500751" t="конструкцию"><v><l id="138277" t="конструкция"><g v="NOUN"></g><g v="inan"></g><g v="femn"></g><g v="sing"></g><g v="accs"></g></l></v></tfr></token><token text="печи" id="668659"><tfr rev_id="4397750" t="печи"><v><l id="238296" t="печь"><g v="NOUN"></g><g v="inan"></g><g v="femn"></g><g v="sing"></g><g v="gent"></g></l></v></tfr></token><token text="," id="668660"><tfr rev_id="1500753" t=","><v><l id="0" t=","><g v="PNCT"></g></l></v></tfr></token><token text="возможно" id="668661"><tfr rev_id="1500754" t="возможно"><v><l id="49408" t="возможно"><g v="ADVB"></g><g v="Prdx"></g></l></v><v><l id="49409" t="возможно"><g v="CONJ"></g><g v="Prnt"></g></l></v><v><l id="49413" t="возможен"><g v="ADJS"></g><g v="Qual"></g><g v="neut"></g><g v="sing"></g></l></v></tfr></token><token text="с" id="668662"><tfr rev_id="1500755" t="с"><v><l id="311151" t="с"><g v="PREP"></g></l></v></tfr></token><token text="камином" id="668663"><tfr rev_id="1500756" t="камином"><v><l id="128998" t="камин"><g v="NOUN"></g><g v="inan"></g><g v="masc"></g><g v="sing"></g><g v="ablt"></g></l></v></tfr></token><token text="," id="668664"><tfr rev_id="1500757" t=","><v><l id="0" t=","><g v="PNCT"></g></l></v></tfr></token><token text="скорее" id="668665"><tfr rev_id="3423658" t="скорее"><v><l id="323379" t="скорее"><g v="COMP"></g><g v="Qual"></g></l></v><v><l id="388718" t="скорее"><g v="CONJ"></g><g v="Prnt"></g></l></v></tfr></token><token text="всего" id="668666"><tfr rev_id="4515578" t="всего"><v><l id="42156" t="весь"><g v="ADJF"></g><g v="Subx"></g><g v="Apro"></g><g v="neut"></g><g v="sing"></g><g v="gent"></g></l></v></tfr></token><token text="-" id="668667"><tfr rev_id="1500760" t="-"><v><l id="0" t="-"><g v="PNCT"></g></l></v></tfr></token><token text="&quot;" id="668668"><tfr rev_id="1500761" t="&quot;"><v><l id="0" t="&quot;"><g v="PNCT"></g></l></v></tfr></token><token text="Шведку" id="668669"><tfr rev_id="1500762" t="Шведку"><v><l id="378766" t="шведка"><g v="NOUN"></g><g v="anim"></g><g v="femn"></g><g v="sing"></g><g v="accs"></g></l></v></tfr></token><token text="&quot;" id="668670"><tfr rev_id="1500763" t="&quot;"><v><l id="0" t="&quot;"><g v="PNCT"></g></l></v></tfr></token><token text="," id="668671"><tfr rev_id="1500764" t=","><v><l id="0" t=","><g v="PNCT"></g></l></v></tfr></token><token text="и" id="668672"><tfr rev_id="1500765" t="и"><v><l id="116949" t="и"><g v="CONJ"></g></l></v><v><l id="116950" t="и"><g v="INTJ"></g></l></v></tfr></token><token text="дополнить" id="668673"><tfr rev_id="1500766" t="дополнить"><v><l id="89304" t="дополнить"><g v="INFN"></g><g v="perf"></g><g v="tran"></g></l></v></tfr></token><token text="её" id="668674"><tfr rev_id="4478782" t="её"><v><l id="206544" t="она"><g v="NPRO"></g><g v="femn"></g><g v="3per"></g><g v="Anph"></g><g v="sing"></g><g v="gent"></g></l></v><v><l id="206544" t="она"><g v="NPRO"></g><g v="femn"></g><g v="3per"></g><g v="Anph"></g><g v="sing"></g><g v="accs"></g></l></v></tfr></token><token text="активным" id="668675"><tfr rev_id="4462742" t="активным"><v><l id="7665" t="активный"><g v="ADJF"></g><g v="Qual"></g><g v="masc"></g><g v="sing"></g><g v="ablt"></g></l></v></tfr></token><token text="воздушным" id="668676"><tfr rev_id="4379115" t="воздушным"><v><l id="49213" t="воздушный"><g v="ADJF"></g><g v="Qual"></g><g v="masc"></g><g v="sing"></g><g v="ablt"></g></l></v></tfr></token><token text="теплообменником" id="668677"><tfr rev_id="1500770" t="теплообменником"><v><l id="345008" t="теплообменник"><g v="NOUN"></g><g v="inan"></g><g v="masc"></g><g v="sing"></g><g v="ablt"></g></l></v></tfr></token><token text="из" id="668678"><tfr rev_id="2560608" t="из"><v><l id="117677" t="из"><g v="PREP"></g></l></v></tfr></token><token text="трёх" id="668679"><tfr rev_id="2781550" t="трёх"><v><l id="349973" t="три"><g v="NUMR"></g><g v="gent"></g></l></v></tfr></token><token text="(" id="668680"><tfr rev_id="1500773" t="("><v><l id="0" t="("><g v="PNCT"></g></l></v></tfr></token><token text="или" id="668681"><tfr rev_id="3787312" t="или"><v><l id="121146" t="или"><g v="CONJ"></g></l></v></tfr></token><token text="более" id="668682"><tfr rev_id="1500775" t="более"><v><l id="32065" t="более"><g v="ADVB"></g></l></v></tfr></token><token text=")" id="668683"><tfr rev_id="1500776" t=")"><v><l id="0" t=")"><g v="PNCT"></g></l></v></tfr></token><token text="труб" id="668684"><tfr rev_id="1500777" t="труб"><v><l id="350608" t="труба"><g v="NOUN"></g><g v="inan"></g><g v="femn"></g><g v="plur"></g><g v="gent"></g></l></v></tfr></token><token text="." id="668685"><tfr rev_id="1500778" t="."><v><l id="0" t="."><g v="PNCT"></g></l></v></tfr></token></tokens></sentence></paragraph><paragraph id="12019"><sentence id="37405"><source>Все три трубы - вертикальные, изогнуты внизу.</source><tokens><token text="Все" id="668686"><tfr rev_id="4538492" t="Все"><v><l id="42156" t="весь"><g v="ADJF"></g><g v="Subx"></g><g v="Apro"></g><g v="inan"></g><g v="plur"></g><g v="accs"></g></l></v><v><l id="42156" t="весь"><g v="ADJF"></g><g v="Subx"></g><g v="Apro"></g><g v="plur"></g><g v="nomn"></g></l></v></tfr></token><token text="три" id="668687"><tfr rev_id="2635468" t="три"><v><l id="349973" t="три"><g v="NUMR"></g><g v="nomn"></g></l></v><v><l id="349973" t="три"><g v="NUMR"></g><g v="inan"></g><g v="accs"></g></l></v></tfr></token><token text="трубы" id="668688"><tfr rev_id="3492495" t="трубы"><v><l id="350608" t="труба"><g v="NOUN"></g><g v="inan"></g><g v="femn"></g><g v="sing"></g><g v="gent"></g></l></v></tfr></token><token text="-" id="668689"><tfr rev_id="1500782" t="-"><v><l id="0" t="-"><g v="PNCT"></g></l></v></tfr></token><token text="вертикальные" id="668690"><tfr rev_id="3746848" t="вертикальные"><v><l id="41633" t="вертикальный"><g v="ADJF"></g><g v="Qual"></g><g v="plur"></g><g v="nomn"></g></l></v></tfr></token><token text="," id="668691"><tfr rev_id="1500784" t=","><v><l id="0" t=","><g v="PNCT"></g></l></v></tfr></token><token text="изогнуты" id="668692"><tfr rev_id="1500785" t="изогнуты"><v><l id="120211" t="изогнут"><g v="ADJS"></g><g v="Qual"></g><g v="plur"></g></l></v><v><l id="120217" t="изогнут"><g v="PRTS"></g><g v="perf"></g><g v="past"></g><g v="pssv"></g><g v="plur"></g></l></v></tfr></token><token text="внизу" id="668693"><tfr rev_id="4422314" t="внизу"><v><l id="47563" t="внизу"><g v="ADVB"></g></l></v></tfr></token><token text="." id="668694"><tfr rev_id="1500787" t="."><v><l id="0" t="."><g v="PNCT"></g></l></v></tfr></token></tokens></sentence><sentence id="37406"><source>В каждой есть вентилятор.</source><tokens><token text="В" id="668695"><tfr rev_id="1500788" t="В"><v><l id="37409" t="в"><g v="PREP"></g></l></v></tfr></token><token text="каждой" id="668696"><tfr rev_id="4430452" t="каждой"><v><l id="127875" t="каждый"><g v="ADJF"></g><g v="Subx"></g><g v="Apro"></g><g v="femn"></g><g v="sing"></g><g v="loct"></g></l></v></tfr></token><token text="есть" id="668697"><tfr rev_id="4394634" t="есть"><v><l id="37265" t="есть"><g v="VERB"></g><g v="impf"></g><g v="intr"></g><g v="sing"></g><g v="3per"></g><g v="pres"></g><g v="indc"></g></l></v><v><l id="37265" t="есть"><g v="VERB"></g><g v="impf"></g><g v="intr"></g><g v="plur"></g><g v="3per"></g><g v="pres"></g><g v="indc"></g></l></v></tfr></token><token text="вентилятор" id="668698"><tfr rev_id="1500791" t="вентилятор"><v><l id="41050" t="вентилятор"><g v="NOUN"></g><g v="inan"></g><g v="masc"></g><g v="sing"></g><g v="nomn"></g></l></v><v><l id="41050" t="вентилятор"><g v="NOUN"></g><g v="inan"></g><g v="masc"></g><g v="sing"></g><g v="accs"></g></l></v></tfr></token><token text="." id="668699"><tfr rev_id="1500792" t="."><v><l id="0" t="."><g v="PNCT"></g></l></v></tfr></token></tokens></sentence><sentence id="37407"><source>Питание вентиляторов осуществляется от термопар, сидящих на самой печке.</source><tokens><token text="Питание" id="668700"><tfr rev_id="4240494" t="Питание"><v><l id="239206" t="питание"><g v="NOUN"></g><g v="inan"></g><g v="neut"></g><g v="sing"></g><g v="nomn"></g></l></v></tfr></token><token text="вентиляторов" id="668701"><tfr rev_id="1500794" t="вентиляторов"><v><l id="41050" t="вентилятор"><g v="NOUN"></g><g v="inan"></g><g v="masc"></g><g v="plur"></g><g v="gent"></g></l></v></tfr></token><token text="осуществляется" id="668702"><tfr rev_id="1500795" t="осуществляется"><v><l id="211546" t="осуществляюсь"><g v="VERB"></g><g v="impf"></g><g v="intr"></g><g v="sing"></g><g v="3per"></g><g v="pres"></g><g v="indc"></g></l></v></tfr></token><token text="от" id="668703"><tfr rev_id="1500796" t="от"><v><l id="211644" t="от"><g v="PREP"></g></l></v></tfr></token><token text="термопар" id="668704"><tfr rev_id="1500797" t="термопар"><v><l id="345392" t="термопара"><g v="NOUN"></g><g v="inan"></g><g v="femn"></g><g v="plur"></g><g v="gent"></g></l></v></tfr></token><token text="," id="668705"><tfr rev_id="1500798" t=","><v><l id="0" t=","><g v="PNCT"></g></l></v></tfr></token><token text="сидящих" id="668706"><tfr rev_id="3417812" t="сидящих"><v><l id="320225" t="сидящий"><g v="PRTF"></g><g v="impf"></g><g v="intr"></g><g v="pres"></g><g v="actv"></g><g v="plur"></g><g v="gent"></g></l></v></tfr></token><token text="на" id="668707"><tfr rev_id="3338351" t="на"><v><l id="166264" t="на"><g v="PREP"></g></l></v></tfr></token><token text="самой" id="668708"><tfr rev_id="4166137" t="самой"><v><l id="312034" t="сам"><g v="ADJF"></g><g v="Apro"></g><g v="femn"></g><g v="sing"></g><g v="loct"></g></l></v><v><l id="313174" t="самый"><g v="ADJF"></g><g v="Apro"></g><g v="femn"></g><g v="sing"></g><g v="loct"></g></l></v></tfr></token><token text="печке" id="668709"><tfr rev_id="2737499" t="печке"><v><l id="238263" t="печка"><g v="NOUN"></g><g v="inan"></g><g v="femn"></g><g v="sing"></g><g v="loct"></g></l></v></tfr></token><token text="." id="668710"><tfr rev_id="1500803" t="."><v><l id="0" t="."><g v="PNCT"></g></l></v></tfr></token></tokens></sentence><sentence id="37408"><source>Если температура печи близка температуре окружающего её воздуха - вентиляторы стоят.</source><tokens><token text="Если" id="668711"><tfr rev_id="1500804" t="Если"><v><l id="95365" t="если"><g v="CONJ"></g></l></v></tfr></token><token text="температура" id="668712"><tfr rev_id="1500805" t="температура"><v><l id="344603" t="температура"><g v="NOUN"></g><g v="inan"></g><g v="femn"></g><g v="sing"></g><g v="nomn"></g></l></v></tfr></token><token text="печи" id="668713"><tfr rev_id="4392953" t="печи"><v><l id="238296" t="печь"><g v="NOUN"></g><g v="inan"></g><g v="femn"></g><g v="sing"></g><g v="gent"></g></l></v></tfr></token><token text="близка" id="668714"><tfr rev_id="1500807" t="близка"><v><l id="30858" t="близок"><g v="ADJS"></g><g v="Qual"></g><g v="femn"></g><g v="sing"></g></l></v></tfr></token><token text="температуре" id="668715"><tfr rev_id="3447445" t="температуре"><v><l id="344603" t="температура"><g v="NOUN"></g><g v="inan"></g><g v="femn"></g><g v="sing"></g><g v="datv"></g></l></v></tfr></token><token text="окружающего" id="668716"><tfr rev_id="4577047" t="окружающего"><v><l id="205521" t="окружающий"><g v="PRTF"></g><g v="impf"></g><g v="tran"></g><g v="pres"></g><g v="actv"></g><g v="masc"></g><g v="sing"></g><g v="gent"></g></l></v><v><l id="205521" t="окружающий"><g v="PRTF"></g><g v="impf"></g><g v="tran"></g><g v="pres"></g><g v="actv"></g><g v="anim"></g><g v="masc"></g><g v="sing"></g><g v="accs"></g></l></v><v><l id="205521" t="окружающий"><g v="PRTF"></g><g v="impf"></g><g v="tran"></g><g v="pres"></g><g v="actv"></g><g v="neut"></g><g v="sing"></g><g v="gent"></g></l></v></tfr></token><token text="её" id="668717"><tfr rev_id="4572203" t="её"><v><l id="206544" t="она"><g v="NPRO"></g><g v="femn"></g><g v="3per"></g><g v="Anph"></g><g v="sing"></g><g v="gent"></g></l></v><v><l id="206544" t="она"><g v="NPRO"></g><g v="femn"></g><g v="3per"></g><g v="Anph"></g><g v="sing"></g><g v="accs"></g></l></v></tfr></token><token text="воздуха" id="668718"><tfr rev_id="1500811" t="воздуха"><v><l id="49093" t="воздух"><g v="NOUN"></g><g v="inan"></g><g v="masc"></g><g v="sing"></g><g v="gen1"></g></l></v></tfr></token><token text="-" id="668719"><tfr rev_id="1500812" t="-"><v><l id="0" t="-"><g v="PNCT"></g></l></v></tfr></token><token text="вентиляторы" id="668720"><tfr rev_id="3752156" t="вентиляторы"><v><l id="41050" t="вентилятор"><g v="NOUN"></g><g v="inan"></g><g v="masc"></g><g v="plur"></g><g v="nomn"></g></l></v></tfr></token><token text="стоят" id="668721"><tfr rev_id="1500814" t="стоят"><v><l id="336464" t="стою"><g v="VERB"></g><g v="impf"></g><g v="tran"></g><g v="plur"></g><g v="3per"></g><g v="pres"></g><g v="indc"></g></l></v><v><l id="336980" t="стою"><g v="VERB"></g><g v="impf"></g><g v="intr"></g><g v="plur"></g><g v="3per"></g><g v="pres"></g><g v="indc"></g></l></v></tfr></token><token text="." id="668722"><tfr rev_id="1500815" t="."><v><l id="0" t="."><g v="PNCT"></g></l></v></tfr></token></tokens></sentence></paragraph><paragraph id="12020"><sentence id="37409"><source>Если печь топится и прогрелась достаточно - вентиляторы крутятся и гонят воздух по трубам:</source><tokens><token text="Если" id="668723"><tfr rev_id="1500816" t="Если"><v><l id="95365" t="если"><g v="CONJ"></g></l></v></tfr></token><token text="печь" id="668724"><tfr rev_id="1712973" t="печь"><v><l id="238296" t="печь"><g v="NOUN"></g><g v="inan"></g><g v="femn"></g><g v="sing"></g><g v="nomn"></g></l></v><v><l id="238296" t="печь"><g v="NOUN"></g><g v="inan"></g><g v="femn"></g><g v="sing"></g><g v="accs"></g></l></v></tfr></token><token text="топится" id="668725"><tfr rev_id="1500818" t="топится"><v><l id="347824" t="топлюсь"><g v="VERB"></g><g v="impf"></g><g v="intr"></g><g v="sing"></g><g v="3per"></g><g v="pres"></g><g v="indc"></g></l></v></tfr></token><token text="и" id="668726"><tfr rev_id="3471157" t="и"><v><l id="116949" t="и"><g v="CONJ"></g></l></v></tfr></token><token text="прогрелась" id="668727"><tfr rev_id="1500820" t="прогрелась"><v><l id="278792" t="прогрелся"><g v="VERB"></g><g v="perf"></g><g v="intr"></g><g v="femn"></g><g v="sing"></g><g v="past"></g><g v="indc"></g></l></v></tfr></token><token text="достаточно" id="668728"><tfr rev_id="4139221" t="достаточно"><v><l id="90477" t="достаточно"><g v="ADVB"></g><g v="Prdx"></g></l></v><v><l id="90480" t="достаточен"><g v="ADJS"></g><g v="Qual"></g><g v="neut"></g><g v="sing"></g></l></v><v><l id="390153" t="достаточно"><g v="NUMR"></g><g v="accs"></g></l></v><v><l id="390153" t="достаточно"><g v="NUMR"></g><g v="nomn"></g></l></v></tfr></token><token text="-" id="668729"><tfr rev_id="1500822" t="-"><v><l id="0" t="-"><g v="PNCT"></g></l></v></tfr></token><token text="вентиляторы" id="668730"><tfr rev_id="3751268" t="вентиляторы"><v><l id="41050" t="вентилятор"><g v="NOUN"></g><g v="inan"></g><g v="masc"></g><g v="plur"></g><g v="nomn"></g></l></v></tfr></token><token text="крутятся" id="668731"><tfr rev_id="1500824" t="крутятся"><v><l id="143822" t="кручусь"><g v="VERB"></g><g v="impf"></g><g v="intr"></g><g v="plur"></g><g v="3per"></g><g v="pres"></g><g v="indc"></g></l></v></tfr></token><token text="и" id="668732"><tfr rev_id="3542364" t="и"><v><l id="116949" t="и"><g v="CONJ"></g></l></v></tfr></token><token text="гонят" id="668733"><tfr rev_id="1500826" t="гонят"><v><l id="71714" t="гоню"><g v="VERB"></g><g v="impf"></g><g v="tran"></g><g v="plur"></g><g v="3per"></g><g v="pres"></g><g v="indc"></g></l></v></tfr></token><token text="воздух" id="668734"><tfr rev_id="3486340" t="воздух"><v><l id="49093" t="воздух"><g v="NOUN"></g><g v="inan"></g><g v="masc"></g><g v="sing"></g><g v="accs"></g></l></v></tfr></token><token text="по" id="668735"><tfr rev_id="1500828" t="по"><v><l id="241240" t="по"><g v="PREP"></g></l></v></tfr></token><token text="трубам" id="668736"><tfr rev_id="1500829" t="трубам"><v><l id="350608" t="труба"><g v="NOUN"></g><g v="inan"></g><g v="femn"></g><g v="plur"></g><g v="datv"></g></l></v></tfr></token><token text=":" id="668737"><tfr rev_id="1500830" t=":"><v><l id="0" t=":"><g v="PNCT"></g></l></v></tfr></token></tokens></sentence></paragraph><paragraph id="12021"><sentence id="37410"><source>1.	Отверстие у самого пола.</source><tokens><token text="1" id="668738"><tfr rev_id="2462510" t="1"><v><l id="0" t="1"><g v="NUMB"></g></l></v></tfr></token><token text="." id="668739"><tfr rev_id="1500832" t="."><v><l id="0" t="."><g v="PNCT"></g></l></v></tfr></token><token text="Отверстие" id="668740"><tfr rev_id="1500833" t="Отверстие"><v><l id="212358" t="отверстие"><g v="NOUN"></g><g v="inan"></g><g v="neut"></g><g v="sing"></g><g v="nomn"></g></l></v><v><l id="212358" t="отверстие"><g v="NOUN"></g><g v="inan"></g><g v="neut"></g><g v="sing"></g><g v="accs"></g></l></v></tfr></token><token text="у" id="668741"><tfr rev_id="3230829" t="у"><v><l id="352818" t="у"><g v="PREP"></g></l></v></tfr></token><token text="самого" id="668742"><tfr rev_id="3823826" t="самого"><v><l id="312034" t="сам"><g v="ADJF"></g><g v="Apro"></g><g v="masc"></g><g v="sing"></g><g v="gent"></g></l></v><v><l id="312034" t="сам"><g v="ADJF"></g><g v="Apro"></g><g v="anim"></g><g v="masc"></g><g v="sing"></g><g v="accs"></g></l></v><v><l id="313174" t="самый"><g v="ADJF"></g><g v="Apro"></g><g v="masc"></g><g v="sing"></g><g v="gent"></g></l></v><v><l id="313174" t="самый"><g v="ADJF"></g><g v="Apro"></g><g v="anim"></g><g v="masc"></g><g v="sing"></g><g v="accs"></g></l></v></tfr></token><token text="пола" id="668743"><tfr rev_id="4374975" t="пола"><v><l id="255093" t="пол"><g v="NOUN"></g><g v="inan"></g><g v="masc"></g><g v="sing"></g><g v="gen1"></g></l></v></tfr></token><token text="." id="668744"><tfr rev_id="1500837" t="."><v><l id="0" t="."><g v="PNCT"></g></l></v></tfr></token></tokens></sentence><sentence id="37411"><source>Нагретый воздух выходит в самом низу печи из поворота трубы и направляется в ту часть комнаты, где надо добиться существенно лучшего обогрева.</source><tokens><token text="Нагретый" id="668745"><tfr rev_id="1500838" t="Нагретый"><v><l id="168171" t="нагретый"><g v="PRTF"></g><g v="perf"></g><g v="tran"></g><g v="past"></g><g v="pssv"></g><g v="masc"></g><g v="sing"></g><g v="nomn"></g></l></v><v><l id="168171" t="нагретый"><g v="PRTF"></g><g v="perf"></g><g v="tran"></g><g v="past"></g><g v="pssv"></g><g v="inan"></g><g v="masc"></g><g v="sing"></g><g v="accs"></g></l></v></tfr></token><token text="воздух" id="668746"><tfr rev_id="4211226" t="воздух"><v><l id="49093" t="воздух"><g v="NOUN"></g><g v="inan"></g><g v="masc"></g><g v="sing"></g><g v="nomn"></g></l></v></tfr></token><token text="выходит" id="668747"><tfr rev_id="2703882" t="выходит"><v><l id="63962" t="выхожу"><g v="VERB"></g><g v="impf"></g><g v="intr"></g><g v="sing"></g><g v="3per"></g><g v="pres"></g><g v="indc"></g></l></v></tfr></token><token text="в" id="668748"><tfr rev_id="1500841" t="в"><v><l id="37409" t="в"><g v="PREP"></g></l></v></tfr></token><token text="самом" id="668749"><tfr rev_id="3453941" t="самом"><v><l id="312034" t="сам"><g v="ADJF"></g><g v="Apro"></g><g v="masc"></g><g v="sing"></g><g v="loct"></g></l></v><v><l id="313174" t="самый"><g v="ADJF"></g><g v="Apro"></g><g v="masc"></g><g v="sing"></g><g v="loct"></g></l></v></tfr></token><token text="низу" id="668750"><tfr rev_id="2827553" t="низу"><v><l id="190564" t="низ"><g v="NOUN"></g><g v="inan"></g><g v="masc"></g><g v="sing"></g><g v="loc2"></g></l></v></tfr></token><token text="печи" id="668751"><tfr rev_id="4470206" t="печи"><v><l id="238296" t="печь"><g v="NOUN"></g><g v="inan"></g><g v="femn"></g><g v="sing"></g><g v="gent"></g></l></v></tfr></token><token text="из" id="668752"><tfr rev_id="2603675" t="из"><v><l id="117677" t="из"><g v="PREP"></g></l></v></tfr></token><token text="поворота" id="668753"><tfr rev_id="1500846" t="поворота"><v><l id="242676" t="поворот"><g v="NOUN"></g><g v="inan"></g><g v="masc"></g><g v="sing"></g><g v="gent"></g></l></v></tfr></token><token text="трубы" id="668754"><tfr rev_id="3446171" t="трубы"><v><l id="350608" t="труба"><g v="NOUN"></g><g v="inan"></g><g v="femn"></g><g v="sing"></g><g v="gent"></g></l></v></tfr></token><token text="и" id="668755"><tfr rev_id="3533104" t="и"><v><l id="116949" t="и"><g v="CONJ"></g></l></v></tfr></token><token text="направляется" id="668756"><tfr rev_id="1500849" t="направляется"><v><l id="173973" t="направляюсь"><g v="VERB"></g><g v="impf"></g><g v="intr"></g><g v="sing"></g><g v="3per"></g><g v="pres"></g><g v="indc"></g></l></v></tfr></token><token text="в" id="668757"><tfr rev_id="1500850" t="в"><v><l id="37409" t="в"><g v="PREP"></g></l></v></tfr></token><token text="ту" id="668758"><tfr rev_id="3776020" t="ту"><v><l id="348430" t="тот"><g v="ADJF"></g><g v="Subx"></g><g v="Apro"></g><g v="Anph"></g><g v="femn"></g><g v="sing"></g><g v="accs"></g></l></v></tfr></token><token text="часть" id="668759"><tfr rev_id="4107326" t="часть"><v><l id="374820" t="часть"><g v="NOUN"></g><g v="inan"></g><g v="femn"></g><g v="sing"></g><g v="accs"></g></l></v></tfr></token><token text="комнаты" id="668760"><tfr rev_id="3124727" t="комнаты"><v><l id="137100" t="комната"><g v="NOUN"></g><g v="inan"></g><g v="femn"></g><g v="sing"></g><g v="gent"></g></l></v></tfr></token><token text="," id="668761"><tfr rev_id="1500854" t=","><v><l id="0" t=","><g v="PNCT"></g></l></v></tfr></token><token text="где" id="668762"><tfr rev_id="2636504" t="где"><v><l id="67984" t="где"><g v="ADVB"></g><g v="Ques"></g></l></v><v><l id="388669" t="где"><g v="CONJ"></g></l></v></tfr></token><token text="надо" id="668763"><tfr rev_id="4320040" t="надо"><v><l id="169144" t="надо"><g v="PRED"></g><g v="pres"></g></l></v></tfr></token><token text="добиться" id="668764"><tfr rev_id="1500857" t="добиться"><v><l id="85269" t="добиться"><g v="INFN"></g><g v="perf"></g><g v="intr"></g></l></v></tfr></token><token text="существенно" id="668765"><tfr rev_id="1500858" t="существенно"><v><l id="340472" t="существенно"><g v="ADVB"></g></l></v><v><l id="340477" t="существен"><g v="ADJS"></g><g v="Qual"></g><g v="neut"></g><g v="sing"></g></l></v></tfr></token><token text="лучшего" id="668766"><tfr rev_id="4205668" t="лучшего"><v><l id="371672" t="лучший"><g v="ADJF"></g><g v="Supr"></g><g v="Qual"></g><g v="masc"></g><g v="sing"></g><g v="gent"></g></l></v><v><l id="371672" t="лучший"><g v="ADJF"></g><g v="Supr"></g><g v="Qual"></g><g v="anim"></g><g v="masc"></g><g v="sing"></g><g v="accs"></g></l></v></tfr></token><token text="обогрева" id="668767"><tfr rev_id="1500860" t="обогрева"><v><l id="198087" t="обогрев"><g v="NOUN"></g><g v="inan"></g><g v="masc"></g><g v="sing"></g><g v="gent"></g></l></v></tfr></token><token text="." id="668768"><tfr rev_id="1500861" t="."><v><l id="0" t="."><g v="PNCT"></g></l></v></tfr></token></tokens></sentence></paragraph><paragraph id="12022"><sentence id="37412"><source>2.	Труба в соседнюю комнату, опять же у самого пола.</source><tokens><token text="2" id="668769"><tfr rev_id="2462511" t="2"><v><l id="0" t="2"><g v="NUMB"></g></l></v></tfr></token><token text="." id="668770"><tfr rev_id="1500863" t="."><v><l id="0" t="."><g v="PNCT"></g></l></v></tfr></token><token text="Труба" id="668771"><tfr rev_id="1500864" t="Труба"><v><l id="350608" t="труба"><g v="NOUN"></g><g v="inan"></g><g v="femn"></g><g v="sing"></g><g v="nomn"></g></l></v></tfr></token><token text="в" id="668772"><tfr rev_id="1500865" t="в"><v><l id="37409" t="в"><g v="PREP"></g></l></v></tfr></token><token text="соседнюю" id="668773"><tfr rev_id="1500866" t="соседнюю"><v><l id="330239" t="соседний"><g v="ADJF"></g><g v="femn"></g><g v="sing"></g><g v="accs"></g></l></v></tfr></token><token text="комнату" id="668774"><tfr rev_id="1500867" t="комнату"><v><l id="137100" t="комната"><g v="NOUN"></g><g v="inan"></g><g v="femn"></g><g v="sing"></g><g v="accs"></g></l></v></tfr></token><token text="," id="668775"><tfr rev_id="1500868" t=","><v><l id="0" t=","><g v="PNCT"></g></l></v></tfr></token><token text="опять" id="668776"><tfr rev_id="1500869" t="опять"><v><l id="208612" t="опять"><g v="ADVB"></g></l></v></tfr></token><token text="же" id="668777"><tfr rev_id="1500870" t="же"><v><l id="96208" t="же"><g v="CONJ"></g></l></v><v><l id="96209" t="же"><g v="PRCL"></g></l></v></tfr></token><token text="у" id="668778"><tfr rev_id="3326351" t="у"><v><l id="352818" t="у"><g v="PREP"></g></l></v></tfr></token><token text="самого" id="668779"><tfr rev_id="3468395" t="самого"><v><l id="312034" t="сам"><g v="ADJF"></g><g v="Apro"></g><g v="masc"></g><g v="sing"></g><g v="gent"></g></l></v><v><l id="312034" t="сам"><g v="ADJF"></g><g v="Apro"></g><g v="anim"></g><g v="masc"></g><g v="sing"></g><g v="accs"></g></l></v><v><l id="313174" t="самый"><g v="ADJF"></g><g v="Apro"></g><g v="masc"></g><g v="sing"></g><g v="gent"></g></l></v><v><l id="313174" t="самый"><g v="ADJF"></g><g v="Apro"></g><g v="anim"></g><g v="masc"></g><g v="sing"></g><g v="accs"></g></l></v></tfr></token><token text="пола" id="668780"><tfr rev_id="4411154" t="пола"><v><l id="255093" t="пол"><g v="NOUN"></g><g v="inan"></g><g v="masc"></g><g v="sing"></g><g v="gen1"></g></l></v></tfr></token><token text="." id="668781"><tfr rev_id="1500874" t="."><v><l id="0" t="."><g v="PNCT"></g></l></v></tfr></token></tokens></sentence><sentence id="37413"><source>Это одна дырка, а не вынос большей части стены.</source><tokens><token text="Это" id="668782"><tfr rev_id="4441771" t="Это"><v><l id="386574" t="это"><g v="PRCL"></g></l></v><v><l id="386575" t="это"><g v="NPRO"></g><g v="neut"></g><g v="sing"></g><g v="nomn"></g></l></v><v><l id="386575" t="это"><g v="NPRO"></g><g v="neut"></g><g v="sing"></g><g v="accs"></g></l></v><v><l id="386581" t="этот"><g v="ADJF"></g><g v="Subx"></g><g v="Apro"></g><g v="Anph"></g><g v="neut"></g><g v="sing"></g><g v="nomn"></g></l></v><v><l id="386581" t="этот"><g v="ADJF"></g><g v="Subx"></g><g v="Apro"></g><g v="Anph"></g><g v="neut"></g><g v="sing"></g><g v="accs"></g></l></v></tfr></token><token text="одна" id="668783"><tfr rev_id="4301878" t="одна"><v><l id="203319" t="один"><g v="ADJF"></g><g v="Apro"></g><g v="Anum"></g><g v="femn"></g><g v="sing"></g><g v="nomn"></g></l></v></tfr></token><token text="дырка" id="668784"><tfr rev_id="1500877" t="дырка"><v><l id="93544" t="дырка"><g v="NOUN"></g><g v="inan"></g><g v="femn"></g><g v="sing"></g><g v="nomn"></g></l></v></tfr></token><token text="," id="668785"><tfr rev_id="1500878" t=","><v><l id="0" t=","><g v="PNCT"></g></l></v></tfr></token><token text="а" id="668786"><tfr rev_id="3539651" t="а"><v><l id="51" t="а"><g v="CONJ"></g></l></v></tfr></token><token text="не" id="668787"><tfr rev_id="1500880" t="не"><v><l id="178876" t="не"><g v="PRCL"></g></l></v></tfr></token><token text="вынос" id="668788"><tfr rev_id="1500881" t="вынос"><v><l id="59919" t="вынос"><g v="NOUN"></g><g v="inan"></g><g v="masc"></g><g v="sing"></g><g v="nomn"></g></l></v><v><l id="59919" t="вынос"><g v="NOUN"></g><g v="inan"></g><g v="masc"></g><g v="sing"></g><g v="accs"></g></l></v></tfr></token><token text="большей" id="668789"><tfr rev_id="4534338" t="большей"><v><l id="32439" t="больший"><g v="ADJF"></g><g v="Qual"></g><g v="femn"></g><g v="sing"></g><g v="gent"></g></l></v></tfr></token><token text="части" id="668790"><tfr rev_id="4345706" t="части"><v><l id="374820" t="часть"><g v="NOUN"></g><g v="inan"></g><g v="femn"></g><g v="sing"></g><g v="gent"></g></l></v></tfr></token><token text="стены" id="668791"><tfr rev_id="2963793" t="стены"><v><l id="335683" t="стена"><g v="NOUN"></g><g v="inan"></g><g v="femn"></g><g v="sing"></g><g v="gent"></g></l></v></tfr></token><token text="." id="668792"><tfr rev_id="1500885" t="."><v><l id="0" t="."><g v="PNCT"></g></l></v></tfr></token></tokens></sentence></paragraph><paragraph id="12023"><sentence id="37414"><source>3.	Труба на второй этаж - в этом случае вентилятор дует снизу вверх, и в нём может не быть необходимости вообще, благодаря конвекции.</source><tokens><token text="3" id="668793"><tfr rev_id="2462512" t="3"><v><l id="0" t="3"><g v="NUMB"></g></l></v></tfr></token><token text="." id="668794"><tfr rev_id="1500887" t="."><v><l id="0" t="."><g v="PNCT"></g></l></v></tfr></token><token text="Труба" id="668795"><tfr rev_id="1500888" t="Труба"><v><l id="350608" t="труба"><g v="NOUN"></g><g v="inan"></g><g v="femn"></g><g v="sing"></g><g v="nomn"></g></l></v></tfr></token><token text="на" id="668796"><tfr rev_id="3345176" t="на"><v><l id="166264" t="на"><g v="PREP"></g></l></v></tfr></token><token text="второй" id="668797"><tfr rev_id="4263311" t="второй"><v><l id="55043" t="второй"><g v="ADJF"></g><g v="Anum"></g><g v="masc"></g><g v="sing"></g><g v="nomn"></g></l></v><v><l id="55043" t="второй"><g v="ADJF"></g><g v="Anum"></g><g v="inan"></g><g v="masc"></g><g v="sing"></g><g v="accs"></g></l></v></tfr></token><token text="этаж" id="668798"><tfr rev_id="4364155" t="этаж"><v><l id="386395" t="этаж"><g v="NOUN"></g><g v="inan"></g><g v="masc"></g><g v="sing"></g><g v="accs"></g></l></v></tfr></token><token text="-" id="668799"><tfr rev_id="1500892" t="-"><v><l id="0" t="-"><g v="PNCT"></g></l></v></tfr></token><token text="в" id="668800"><tfr rev_id="1500893" t="в"><v><l id="37409" t="в"><g v="PREP"></g></l></v></tfr></token><token text="этом" id="668801"><tfr rev_id="4487140" t="этом"><v><l id="386581" t="этот"><g v="ADJF"></g><g v="Subx"></g><g v="Apro"></g><g v="Anph"></g><g v="masc"></g><g v="sing"></g><g v="loct"></g></l></v></tfr></token><token text="случае" id="668802"><tfr rev_id="1500895" t="случае"><v><l id="325472" t="случай"><g v="NOUN"></g><g v="inan"></g><g v="masc"></g><g v="sing"></g><g v="loct"></g></l></v></tfr></token><token text="вентилятор" id="668803"><tfr rev_id="4214179" t="вентилятор"><v><l id="41050" t="вентилятор"><g v="NOUN"></g><g v="inan"></g><g v="masc"></g><g v="sing"></g><g v="nomn"></g></l></v></tfr></token><token text="дует" id="668804"><tfr rev_id="1500897" t="дует"><v><l id="93271" t="дую"><g v="VERB"></g><g v="impf"></g><g v="tran"></g><g v="sing"></g><g v="3per"></g><g v="pres"></g><g v="indc"></g></l></v></tfr></token><token text="снизу" id="668805"><tfr rev_id="4422130" t="снизу"><v><l id="327376" t="снизу"><g v="ADVB"></g></l></v></tfr></token><token text="вверх" id="668806"><tfr rev_id="1500899" t="вверх"><v><l id="39688" t="вверх"><g v="ADVB"></g></l></v></tfr></token><token text="," id="668807"><tfr rev_id="1500900" t=","><v><l id="0" t=","><g v="PNCT"></g></l></v></tfr></token><token text="и" id="668808"><tfr rev_id="1500901" t="и"><v><l id="116949" t="и"><g v="CONJ"></g></l></v><v><l id="116950" t="и"><g v="INTJ"></g></l></v></tfr></token><token text="в" id="668809"><tfr rev_id="1500902" t="в"><v><l id="37409" t="в"><g v="PREP"></g></l></v></tfr></token><token text="нём" id="668810"><tfr rev_id="4530136" t="нём"><v><l id="206541" t="он"><g v="NPRO"></g><g v="masc"></g><g v="3per"></g><g v="Anph"></g><g v="sing"></g><g v="loct"></g><g v="Af-p"></g></l></v><v><l id="206649" t="оно"><g v="NPRO"></g><g v="neut"></g><g v="3per"></g><g v="Anph"></g><g v="sing"></g><g v="loct"></g><g v="Af-p"></g></l></v></tfr></token><token text="может" id="668811"><tfr rev_id="3797128" t="может"><v><l id="164485" t="могу"><g v="VERB"></g><g v="impf"></g><g v="intr"></g><g v="sing"></g><g v="3per"></g><g v="pres"></g><g v="indc"></g></l></v></tfr></token><token text="не" id="668812"><tfr rev_id="1500905" t="не"><v><l id="178876" t="не"><g v="PRCL"></g></l></v></tfr></token><token text="быть" id="668813"><tfr rev_id="1500906" t="быть"><v><l id="37266" t="быть"><g v="INFN"></g><g v="impf"></g><g v="intr"></g></l></v></tfr></token><token text="необходимости" id="668814"><tfr rev_id="4288102" t="необходимости"><v><l id="184807" t="необходимость"><g v="NOUN"></g><g v="inan"></g><g v="femn"></g><g v="sing"></g><g v="gent"></g></l></v></tfr></token><token text="вообще" id="668815"><tfr rev_id="4339750" t="вообще"><v><l id="50733" t="вообще"><g v="ADVB"></g></l></v></tfr></token><token text="," id="668816"><tfr rev_id="1500909" t=","><v><l id="0" t=","><g v="PNCT"></g></l></v></tfr></token><token text="благодаря" id="668817"><tfr rev_id="3442280" t="благодаря"><v><l id="30404" t="благодаря"><g v="PREP"></g></l></v></tfr></token><token text="конвекции" id="668818"><tfr rev_id="3764741" t="конвекции"><v><l id="137546" t="конвекция"><g v="NOUN"></g><g v="inan"></g><g v="femn"></g><g v="sing"></g><g v="datv"></g></l></v></tfr></token><token text="." id="668819"><tfr rev_id="1500912" t="."><v><l id="0" t="."><g v="PNCT"></g></l></v></tfr></token></tokens></sentence></paragraph><paragraph id="12024"><sentence id="37415"><source>Естественно, вентилятор ставится на"холодной"части трубы.</source><tokens><token text="Естественно" id="668820"><tfr rev_id="4509462" t="Естественно"><v><l id="95377" t="естественно"><g v="ADVB"></g></l></v><v><l id="95378" t="естественно"><g v="CONJ"></g><g v="Prnt"></g></l></v><v><l id="95387" t="естествен"><g v="ADJS"></g><g v="Qual"></g><g v="neut"></g><g v="sing"></g></l></v></tfr></token><token text="," id="668821"><tfr rev_id="1500914" t=","><v><l id="0" t=","><g v="PNCT"></g></l></v></tfr></token><token text="вентилятор" id="668822"><tfr rev_id="1500915" t="вентилятор"><v><l id="41050" t="вентилятор"><g v="NOUN"></g><g v="inan"></g><g v="masc"></g><g v="sing"></g><g v="nomn"></g></l></v><v><l id="41050" t="вентилятор"><g v="NOUN"></g><g v="inan"></g><g v="masc"></g><g v="sing"></g><g v="accs"></g></l></v></tfr></token><token text="ставится" id="668823"><tfr rev_id="1500916" t="ставится"><v><l id="334329" t="ставлюсь"><g v="VERB"></g><g v="impf"></g><g v="intr"></g><g v="sing"></g><g v="3per"></g><g v="pres"></g><g v="indc"></g></l></v></tfr></token><token text="на" id="668824"><tfr rev_id="3338455" t="на"><v><l id="166264" t="на"><g v="PREP"></g></l></v></tfr></token><token text="&quot;" id="668825"><tfr rev_id="1500918" t="&quot;"><v><l id="0" t="&quot;"><g v="PNCT"></g></l></v></tfr></token><token text="холодной" id="668826"><tfr rev_id="4170816" t="холодной"><v><l id="371377" t="холодный"><g v="ADJF"></g><g v="Qual"></g><g v="femn"></g><g v="sing"></g><g v="loct"></g></l></v></tfr></token><token text="&quot;" id="668827"><tfr rev_id="1500920" t="&quot;"><v><l id="0" t="&quot;"><g v="PNCT"></g></l></v></tfr></token><token text="части" id="668828"><tfr rev_id="3550929" t="части"><v><l id="374820" t="часть"><g v="NOUN"></g><g v="inan"></g><g v="femn"></g><g v="sing"></g><g v="loct"></g></l></v></tfr></token><token text="трубы" id="668829"><tfr rev_id="3457610" t="трубы"><v><l id="350608" t="труба"><g v="NOUN"></g><g v="inan"></g><g v="femn"></g><g v="sing"></g><g v="gent"></g></l></v></tfr></token><token text="." id="668830"><tfr rev_id="1500923" t="."><v><l id="0" t="."><g v="PNCT"></g></l></v></tfr></token></tokens></sentence></paragraph><paragraph id="12025"><sentence id="37416"><source>Естественно, схема может быть дополнена датчиком температуры и регулятором, выключающим соответствующий вентилятор по показаниям, снятым в другой точке помещения.</source><tokens><token text="Естественно" id="668831"><tfr rev_id="4509463" t="Естественно"><v><l id="95377" t="естественно"><g v="ADVB"></g></l></v><v><l id="95378" t="естественно"><g v="CONJ"></g><g v="Prnt"></g></l></v><v><l id="95387" t="естествен"><g v="ADJS"></g><g v="Qual"></g><g v="neut"></g><g v="sing"></g></l></v></tfr></token><token text="," id="668832"><tfr rev_id="1500925" t=","><v><l id="0" t=","><g v="PNCT"></g></l></v></tfr></token><token text="схема" id="668833"><tfr rev_id="1500926" t="схема"><v><l id="340740" t="схема"><g v="NOUN"></g><g v="inan"></g><g v="femn"></g><g v="sing"></g><g v="nomn"></g></l></v></tfr></token><token text="может" id="668834"><tfr rev_id="4216960" t="может"><v><l id="164485" t="могу"><g v="VERB"></g><g v="impf"></g><g v="intr"></g><g v="sing"></g><g v="3per"></g><g v="pres"></g><g v="indc"></g></l></v></tfr></token><token text="быть" id="668835"><tfr rev_id="1500928" t="быть"><v><l id="37266" t="быть"><g v="INFN"></g><g v="impf"></g><g v="intr"></g></l></v></tfr></token><token text="дополнена" id="668836"><tfr rev_id="1500929" t="дополнена"><v><l id="89307" t="дополнен"><g v="PRTS"></g><g v="perf"></g><g v="past"></g><g v="pssv"></g><g v="femn"></g><g v="sing"></g></l></v></tfr></token><token text="датчиком" id="668837"><tfr rev_id="1500930" t="датчиком"><v><l id="78544" t="датчик"><g v="NOUN"></g><g v="inan"></g><g v="masc"></g><g v="sing"></g><g v="ablt"></g></l></v></tfr></token><token text="температуры" id="668838"><tfr rev_id="3493940" t="температуры"><v><l id="344603" t="температура"><g v="NOUN"></g><g v="inan"></g><g v="femn"></g><g v="sing"></g><g v="gent"></g></l></v></tfr></token><token text="и" id="668839"><tfr rev_id="1500932" t="и"><v><l id="116949" t="и"><g v="CONJ"></g></l></v><v><l id="116950" t="и"><g v="INTJ"></g></l></v></tfr></token><token text="регулятором" id="668840"><tfr rev_id="1500933" t="регулятором"><v><l id="304952" t="регулятор"><g v="NOUN"></g><g v="inan"></g><g v="masc"></g><g v="sing"></g><g v="ablt"></g></l></v></tfr></token><token text="," id="668841"><tfr rev_id="1500934" t=","><v><l id="0" t=","><g v="PNCT"></g></l></v></tfr></token><token text="выключающим" id="668842"><tfr rev_id="2761053" t="выключающим"><v><l id="58202" t="выключающий"><g v="PRTF"></g><g v="impf"></g><g v="tran"></g><g v="pres"></g><g v="actv"></g><g v="masc"></g><g v="sing"></g><g v="ablt"></g></l></v></tfr></token><token text="соответствующий" id="668843"><tfr rev_id="1500936" t="соответствующий"><v><l id="329626" t="соответствующий"><g v="PRTF"></g><g v="impf"></g><g v="intr"></g><g v="pres"></g><g v="actv"></g><g v="masc"></g><g v="sing"></g><g v="nomn"></g></l></v><v><l id="329626" t="соответствующий"><g v="PRTF"></g><g v="impf"></g><g v="intr"></g><g v="pres"></g><g v="actv"></g><g v="inan"></g><g v="masc"></g><g v="sing"></g><g v="accs"></g></l></v><v><l id="329632" t="соответствующий"><g v="ADJF"></g><g v="masc"></g><g v="sing"></g><g v="nomn"></g></l></v><v><l id="329632" t="соответствующий"><g v="ADJF"></g><g v="inan"></g><g v="masc"></g><g v="sing"></g><g v="accs"></g></l></v></tfr></token><token text="вентилятор" id="668844"><tfr rev_id="1500937" t="вентилятор"><v><l id="41050" t="вентилятор"><g v="NOUN"></g><g v="inan"></g><g v="masc"></g><g v="sing"></g><g v="nomn"></g></l></v><v><l id="41050" t="вентилятор"><g v="NOUN"></g><g v="inan"></g><g v="masc"></g><g v="sing"></g><g v="accs"></g></l></v></tfr></token><token text="по" id="668845"><tfr rev_id="1500938" t="по"><v><l id="241240" t="по"><g v="PREP"></g></l></v></tfr></token><token text="показаниям" id="668846"><tfr rev_id="1500939" t="показаниям"><v><l id="253976" t="показание"><g v="NOUN"></g><g v="inan"></g><g v="neut"></g><g v="plur"></g><g v="datv"></g></l></v></tfr></token><token text="," id="668847"><tfr rev_id="1500940" t=","><v><l id="0" t=","><g v="PNCT"></g></l></v></tfr></token><token text="снятым" id="668848"><tfr rev_id="1500941" t="снятым"><v><l id="327589" t="снятой"><g v="ADJF"></g><g v="Qual"></g><g v="masc"></g><g v="sing"></g><g v="ablt"></g></l></v><v><l id="327589" t="снятой"><g v="ADJF"></g><g v="Qual"></g><g v="neut"></g><g v="sing"></g><g v="ablt"></g></l></v><v><l id="327589" t="снятой"><g v="ADJF"></g><g v="Qual"></g><g v="plur"></g><g v="datv"></g></l></v><v><l id="327596" t="снятый"><g v="PRTF"></g><g v="perf"></g><g v="tran"></g><g v="past"></g><g v="pssv"></g><g v="masc"></g><g v="sing"></g><g v="ablt"></g></l></v><v><l id="327596" t="снятый"><g v="PRTF"></g><g v="perf"></g><g v="tran"></g><g v="past"></g><g v="pssv"></g><g v="neut"></g><g v="sing"></g><g v="ablt"></g></l></v><v><l id="327596" t="снятый"><g v="PRTF"></g><g v="perf"></g><g v="tran"></g><g v="past"></g><g v="pssv"></g><g v="plur"></g><g v="datv"></g></l></v></tfr></token><token text="в" id="668849"><tfr rev_id="1500942" t="в"><v><l id="37409" t="в"><g v="PREP"></g></l></v></tfr></token><token text="другой" id="668850"><tfr rev_id="3560053" t="другой"><v><l id="92342" t="другой"><g v="ADJF"></g><g v="Apro"></g><g v="Subx"></g><g v="femn"></g><g v="sing"></g><g v="gent"></g></l></v><v><l id="92342" t="другой"><g v="ADJF"></g><g v="Apro"></g><g v="Subx"></g><g v="femn"></g><g v="sing"></g><g v="datv"></g></l></v><v><l id="92342" t="другой"><g v="ADJF"></g><g v="Apro"></g><g v="Subx"></g><g v="femn"></g><g v="sing"></g><g v="ablt"></g></l></v><v><l id="92342" t="другой"><g v="ADJF"></g><g v="Apro"></g><g v="Subx"></g><g v="femn"></g><g v="sing"></g><g v="loct"></g></l></v></tfr></token><token text="точке" id="668851"><tfr rev_id="3551178" t="точке"><v><l id="348511" t="точка"><g v="NOUN"></g><g v="inan"></g><g v="femn"></g><g v="sing"></g><g v="loct"></g></l></v></tfr></token><token text="помещения" id="668852"><tfr rev_id="3283098" t="помещения"><v><l id="257693" t="помещение"><g v="NOUN"></g><g v="inan"></g><g v="neut"></g><g v="sing"></g><g v="gent"></g></l></v></tfr></token><token text="." id="668853"><tfr rev_id="1500946" t="."><v><l id="0" t="."><g v="PNCT"></g></l></v></tfr></token></tokens></sentence></paragraph><paragraph id="12026"><sentence id="37417"><source>Да - имеется в виду прежде всего ситуация"приехали, а электричества ВНЕЗАПНО и нету!"- ибо при наличии электричества половина описанных проблем решается двумя 1.5-киловаттными тепловентиляторами на пол.</source><tokens><token text="Да" id="668854"><tfr rev_id="3410804" t="Да"><v><l id="77571" t="да"><g v="INTJ"></g></l></v></tfr></token><token text="-" id="668855"><tfr rev_id="1500948" t="-"><v><l id="0" t="-"><g v="PNCT"></g></l></v></tfr></token><token text="имеется" id="668856"><tfr rev_id="1500949" t="имеется"><v><l id="121616" t="имеюсь"><g v="VERB"></g><g v="impf"></g><g v="intr"></g><g v="sing"></g><g v="3per"></g><g v="pres"></g><g v="indc"></g></l></v></tfr></token><token text="в" id="668857"><tfr rev_id="1500950" t="в"><v><l id="37409" t="в"><g v="PREP"></g></l></v></tfr></token><token text="виду" id="668858"><tfr rev_id="3465737" t="виду"><v><l id="44437" t="вид"><g v="NOUN"></g><g v="inan"></g><g v="masc"></g><g v="sing"></g><g v="loc2"></g></l></v></tfr></token><token text="прежде" id="668859"><tfr rev_id="4396598" t="прежде"><v><l id="267400" t="прежде"><g v="PREP"></g></l></v></tfr></token><token text="всего" id="668860"><tfr rev_id="4512206" t="всего"><v><l id="42156" t="весь"><g v="ADJF"></g><g v="Subx"></g><g v="Apro"></g><g v="neut"></g><g v="sing"></g><g v="gent"></g></l></v></tfr></token><token text="ситуация" id="668861"><tfr rev_id="1500954" t="ситуация"><v><l id="321441" t="ситуация"><g v="NOUN"></g><g v="inan"></g><g v="femn"></g><g v="sing"></g><g v="nomn"></g></l></v></tfr></token><token text="&quot;" id="668862"><tfr rev_id="1500955" t="&quot;"><v><l id="0" t="&quot;"><g v="PNCT"></g></l></v></tfr></token><token text="приехали" id="668863"><tfr rev_id="1500956" t="приехали"><v><l id="270371" t="приехал"><g v="VERB"></g><g v="perf"></g><g v="intr"></g><g v="plur"></g><g v="past"></g><g v="indc"></g></l></v></tfr></token><token text="," id="668864"><tfr rev_id="1500957" t=","><v><l id="0" t=","><g v="PNCT"></g></l></v></tfr></token><token text="а" id="668865"><tfr rev_id="3411273" t="а"><v><l id="51" t="а"><g v="CONJ"></g></l></v></tfr></token><token text="электричества" id="668866"><tfr rev_id="3502110" t="электричества"><v><l id="384065" t="электричество"><g v="NOUN"></g><g v="inan"></g><g v="neut"></g><g v="sing"></g><g v="gent"></g></l></v></tfr></token><token text="ВНЕЗАПНО" id="668867"><tfr rev_id="4097366" t="ВНЕЗАПНО"><v><l id="47359" t="внезапно"><g v="ADVB"></g></l></v></tfr></token><token text="и" id="668868"><tfr rev_id="1500961" t="и"><v><l id="116949" t="и"><g v="CONJ"></g></l></v><v><l id="116950" t="и"><g v="INTJ"></g></l></v></tfr></token><token text="нету" id="668869"><tfr rev_id="1500962" t="нету"><v><l id="189075" t="нету"><g v="PRED"></g><g v="pres"></g></l></v></tfr></token><token text="!" id="668870"><tfr rev_id="1500963" t="!"><v><l id="0" t="!"><g v="PNCT"></g></l></v></tfr></token><token text="&quot;" id="668871"><tfr rev_id="1500964" t="&quot;"><v><l id="0" t="&quot;"><g v="PNCT"></g></l></v></tfr></token><token text="-" id="668872"><tfr rev_id="1500965" t="-"><v><l id="0" t="-"><g v="PNCT"></g></l></v></tfr></token><token text="ибо" id="668873"><tfr rev_id="1500966" t="ибо"><v><l id="116978" t="ибо"><g v="CONJ"></g></l></v></tfr></token><token text="при" id="668874"><tfr rev_id="2699814" t="при"><v><l id="268625" t="при"><g v="PREP"></g></l></v></tfr></token><token text="наличии" id="668875"><tfr rev_id="1500968" t="наличии"><v><l id="172022" t="наличие"><g v="NOUN"></g><g v="inan"></g><g v="neut"></g><g v="sing"></g><g v="loct"></g></l></v></tfr></token><token text="электричества" id="668876"><tfr rev_id="3474803" t="электричества"><v><l id="384065" t="электричество"><g v="NOUN"></g><g v="inan"></g><g v="neut"></g><g v="sing"></g><g v="gent"></g></l></v></tfr></token><token text="половина" id="668877"><tfr rev_id="4337566" t="половина"><v><l id="256181" t="половина"><g v="NOUN"></g><g v="inan"></g><g v="femn"></g><g v="sing"></g><g v="nomn"></g></l></v></tfr></token><token text="описанных" id="668878"><tfr rev_id="1500971" t="описанных"><v><l id="207162" t="описанный"><g v="PRTF"></g><g v="perf"></g><g v="tran"></g><g v="past"></g><g v="pssv"></g><g v="plur"></g><g v="gent"></g></l></v><v><l id="207162" t="описанный"><g v="PRTF"></g><g v="perf"></g><g v="tran"></g><g v="past"></g><g v="pssv"></g><g v="anim"></g><g v="plur"></g><g v="accs"></g></l></v><v><l id="207162" t="описанный"><g v="PRTF"></g><g v="perf"></g><g v="tran"></g><g v="past"></g><g v="pssv"></g><g v="plur"></g><g v="loct"></g></l></v></tfr></token><token text="проблем" id="668879"><tfr rev_id="1500972" t="проблем"><v><l id="277255" t="проблема"><g v="NOUN"></g><g v="inan"></g><g v="femn"></g><g v="plur"></g><g v="gent"></g></l></v></tfr></token><token text="решается" id="668880"><tfr rev_id="1500973" t="решается"><v><l id="307342" t="решаюсь"><g v="VERB"></g><g v="impf"></g><g v="intr"></g><g v="sing"></g><g v="3per"></g><g v="pres"></g><g v="indc"></g></l></v></tfr></token><token text="двумя" id="668881"><tfr rev_id="4449789" t="двумя"><v><l id="78668" t="два"><g v="NUMR"></g><g v="ablt"></g></l></v></tfr></token><token text="1.5-киловаттными" id="668882"><tfr rev_id="1500975" t="1.5-киловаттными"><v><l id="0" t="1.5-киловаттными"><g v="UNKN"></g></l></v></tfr></token><token text="тепловентиляторами" id="668883"><tfr rev_id="2508672" t="тепловентиляторами"><v><l id="388601" t="тепловентилятор"><g v="NOUN"></g><g v="inan"></g><g v="masc"></g><g v="plur"></g><g v="ablt"></g></l></v></tfr></token><token text="на" id="668884"><tfr rev_id="3337955" t="на"><v><l id="166264" t="на"><g v="PREP"></g></l></v></tfr></token><token text="пол" id="668885"><tfr rev_id="4340144" t="пол"><v><l id="255093" t="пол"><g v="NOUN"></g><g v="inan"></g><g v="masc"></g><g v="sing"></g><g v="nomn"></g></l></v><v><l id="255093" t="пол"><g v="NOUN"></g><g v="inan"></g><g v="masc"></g><g v="sing"></g><g v="accs"></g></l></v></tfr></token><token text="." id="668886"><tfr rev_id="1500979" t="."><v><l id="0" t="."><g v="PNCT"></g></l></v></tfr></token></tokens></sentence><sentence id="37418"><source>Один в одну комнату - другой в другую.</source><tokens><token text="Один" id="668887"><tfr rev_id="4299699" t="Один"><v><l id="203319" t="один"><g v="ADJF"></g><g v="Apro"></g><g v="Anum"></g><g v="masc"></g><g v="sing"></g><g v="nomn"></g></l></v><v><l id="203319" t="один"><g v="ADJF"></g><g v="Apro"></g><g v="Anum"></g><g v="inan"></g><g v="masc"></g><g v="sing"></g><g v="accs"></g></l></v></tfr></token><token text="в" id="668888"><tfr rev_id="1500981" t="в"><v><l id="37409" t="в"><g v="PREP"></g></l></v></tfr></token><token text="одну" id="668889"><tfr rev_id="4302841" t="одну"><v><l id="203319" t="один"><g v="ADJF"></g><g v="Apro"></g><g v="Anum"></g><g v="femn"></g><g v="sing"></g><g v="accs"></g></l></v></tfr></token><token text="комнату" id="668890"><tfr rev_id="1500983" t="комнату"><v><l id="137100" t="комната"><g v="NOUN"></g><g v="inan"></g><g v="femn"></g><g v="sing"></g><g v="accs"></g></l></v></tfr></token><token text="-" id="668891"><tfr rev_id="1500984" t="-"><v><l id="0" t="-"><g v="PNCT"></g></l></v></tfr></token><token text="другой" id="668892"><tfr rev_id="3560054" t="другой"><v><l id="92342" t="другой"><g v="ADJF"></g><g v="Apro"></g><g v="Subx"></g><g v="masc"></g><g v="sing"></g><g v="nomn"></g></l></v><v><l id="92342" t="другой"><g v="ADJF"></g><g v="Apro"></g><g v="Subx"></g><g v="inan"></g><g v="masc"></g><g v="sing"></g><g v="accs"></g></l></v></tfr></token><token text="в" id="668893"><tfr rev_id="1500986" t="в"><v><l id="37409" t="в"><g v="PREP"></g></l></v></tfr></token><token text="другую" id="668894"><tfr rev_id="3561021" t="другую"><v><l id="92342" t="другой"><g v="ADJF"></g><g v="Apro"></g><g v="Subx"></g><g v="femn"></g><g v="sing"></g><g v="accs"></g></l></v></tfr></token><token text="." id="668895"><tfr rev_id="1500988" t="."><v><l id="0" t="."><g v="PNCT"></g></l></v></tfr></token></tokens></sentence></paragraph></paragraphs></text>