<?xml version="1.0" encoding="utf-8"?><text parent="226" id="1334" name="01334 Главный блогер страны рекомендует"><tags><tag>url:http://www.chaskor.ru/news/glavnyj_bloger_strany_rekomenduet</tag><tag>Год: 2010</tag><tag>дата 10/09</tag><tag>Тема:ЧасКор:Общество</tag></tags><paragraphs><paragraph id="12229"><sentence id="38184"><source>Главный блогер страны рекомендует</source><tokens><token text="Главный" id="680703"><tfr rev_id="1512772" t="Главный"><v><l id="70842" t="главный"><g v="ADJF"></g><g v="Qual"></g><g v="masc"></g><g v="sing"></g><g v="nomn"></g></l></v><v><l id="70842" t="главный"><g v="ADJF"></g><g v="Qual"></g><g v="inan"></g><g v="masc"></g><g v="sing"></g><g v="accs"></g></l></v></tfr></token><token text="блогер" id="680704"><tfr rev_id="2601416" t="блогер"><v><l id="388654" t="блогер"><g v="NOUN"></g><g v="anim"></g><g v="masc"></g><g v="sing"></g><g v="nomn"></g></l></v></tfr></token><token text="страны" id="680705"><tfr rev_id="3501582" t="страны"><v><l id="337100" t="страна"><g v="NOUN"></g><g v="inan"></g><g v="femn"></g><g v="sing"></g><g v="gent"></g></l></v></tfr></token><token text="рекомендует" id="680706"><tfr rev_id="1512775" t="рекомендует"><v><l id="305730" t="рекомендовал"><g v="VERB"></g><g v="perf"></g><g v="tran"></g><g v="sing"></g><g v="3per"></g><g v="futr"></g><g v="indc"></g></l></v><v><l id="305731" t="рекомендую"><g v="VERB"></g><g v="impf"></g><g v="tran"></g><g v="sing"></g><g v="3per"></g><g v="pres"></g><g v="indc"></g></l></v></tfr></token></tokens></sentence></paragraph><paragraph id="12230"><sentence id="38185"><source>Дмитрий Медведев советует чиновникам считаться с блогосферой.</source><tokens><token text="Дмитрий" id="680707"><tfr rev_id="3503102" t="Дмитрий"><v><l id="85055" t="дмитрий"><g v="NOUN"></g><g v="anim"></g><g v="masc"></g><g v="Name"></g><g v="sing"></g><g v="nomn"></g></l></v></tfr></token><token text="Медведев" id="680708"><tfr rev_id="1512777" t="Медведев"><v><l id="156959" t="медведев"><g v="NOUN"></g><g v="anim"></g><g v="masc"></g><g v="Sgtm"></g><g v="Surn"></g><g v="sing"></g><g v="nomn"></g></l></v></tfr></token><token text="советует" id="680709"><tfr rev_id="1512778" t="советует"><v><l id="327984" t="советую"><g v="VERB"></g><g v="impf"></g><g v="intr"></g><g v="sing"></g><g v="3per"></g><g v="pres"></g><g v="indc"></g></l></v></tfr></token><token text="чиновникам" id="680710"><tfr rev_id="1512779" t="чиновникам"><v><l id="376482" t="чиновник"><g v="NOUN"></g><g v="anim"></g><g v="masc"></g><g v="plur"></g><g v="datv"></g></l></v></tfr></token><token text="считаться" id="680711"><tfr rev_id="1512780" t="считаться"><v><l id="341336" t="считаться"><g v="INFN"></g><g v="impf"></g><g v="intr"></g></l></v></tfr></token><token text="с" id="680712"><tfr rev_id="1512781" t="с"><v><l id="311151" t="с"><g v="PREP"></g></l></v></tfr></token><token text="блогосферой" id="680713"><tfr rev_id="2508461" t="блогосферой"><v><l id="388475" t="блогосфера"><g v="NOUN"></g><g v="inan"></g><g v="femn"></g><g v="sing"></g><g v="ablt"></g></l></v></tfr></token><token text="." id="680714"><tfr rev_id="1512783" t="."><v><l id="0" t="."><g v="PNCT"></g></l></v></tfr></token></tokens></sentence></paragraph><paragraph id="12231"><sentence id="38186"><source>Президент России Дмитрий Медведев рекомендует чиновникам научиться общаться с блогерами.</source><tokens><token text="Президент" id="680715"><tfr rev_id="1512784" t="Президент"><v><l id="267449" t="президент"><g v="NOUN"></g><g v="anim"></g><g v="masc"></g><g v="sing"></g><g v="nomn"></g></l></v></tfr></token><token text="России" id="680716"><tfr rev_id="3325515" t="России"><v><l id="309322" t="россия"><g v="NOUN"></g><g v="inan"></g><g v="femn"></g><g v="Sgtm"></g><g v="Geox"></g><g v="sing"></g><g v="gent"></g></l></v></tfr></token><token text="Дмитрий" id="680717"><tfr rev_id="3504695" t="Дмитрий"><v><l id="85055" t="дмитрий"><g v="NOUN"></g><g v="anim"></g><g v="masc"></g><g v="Name"></g><g v="sing"></g><g v="nomn"></g></l></v></tfr></token><token text="Медведев" id="680718"><tfr rev_id="1512787" t="Медведев"><v><l id="156959" t="медведев"><g v="NOUN"></g><g v="anim"></g><g v="masc"></g><g v="Sgtm"></g><g v="Surn"></g><g v="sing"></g><g v="nomn"></g></l></v></tfr></token><token text="рекомендует" id="680719"><tfr rev_id="1512788" t="рекомендует"><v><l id="305730" t="рекомендовал"><g v="VERB"></g><g v="perf"></g><g v="tran"></g><g v="sing"></g><g v="3per"></g><g v="futr"></g><g v="indc"></g></l></v><v><l id="305731" t="рекомендую"><g v="VERB"></g><g v="impf"></g><g v="tran"></g><g v="sing"></g><g v="3per"></g><g v="pres"></g><g v="indc"></g></l></v></tfr></token><token text="чиновникам" id="680720"><tfr rev_id="1512789" t="чиновникам"><v><l id="376482" t="чиновник"><g v="NOUN"></g><g v="anim"></g><g v="masc"></g><g v="plur"></g><g v="datv"></g></l></v></tfr></token><token text="научиться" id="680721"><tfr rev_id="1512790" t="научиться"><v><l id="177527" t="научиться"><g v="INFN"></g><g v="perf"></g><g v="intr"></g></l></v></tfr></token><token text="общаться" id="680722"><tfr rev_id="1512791" t="общаться"><v><l id="201404" t="общаться"><g v="INFN"></g><g v="impf"></g><g v="intr"></g></l></v></tfr></token><token text="с" id="680723"><tfr rev_id="1512792" t="с"><v><l id="311151" t="с"><g v="PREP"></g></l></v></tfr></token><token text="блогерами" id="680724"><tfr rev_id="2601456" t="блогерами"><v><l id="388654" t="блогер"><g v="NOUN"></g><g v="anim"></g><g v="masc"></g><g v="plur"></g><g v="ablt"></g></l></v></tfr></token><token text="." id="680725"><tfr rev_id="1512794" t="."><v><l id="0" t="."><g v="PNCT"></g></l></v></tfr></token></tokens></sentence></paragraph><paragraph id="12232"><sentence id="38187"><source>«Интернет и блоги — это быстроразвивающаяся и энергетически насыщенная политизированная среда, причём использующая иные сообщения, ломающая политические стереотипы, использующая иную политическую фразеологию.</source><tokens><token text="«" id="680726"><tfr rev_id="2446531" t="«"><v><l id="0" t="«"><g v="PNCT"></g></l></v></tfr></token><token text="Интернет" id="680727"><tfr rev_id="3531338" t="Интернет"><v><l id="123255" t="интернет"><g v="NOUN"></g><g v="inan"></g><g v="masc"></g><g v="sing"></g><g v="nomn"></g></l></v></tfr></token><token text="и" id="680728"><tfr rev_id="1512797" t="и"><v><l id="116949" t="и"><g v="CONJ"></g></l></v><v><l id="116950" t="и"><g v="INTJ"></g></l></v></tfr></token><token text="блоги" id="680729"><tfr rev_id="3765341" t="блоги"><v><l id="388678" t="блог"><g v="NOUN"></g><g v="inan"></g><g v="masc"></g><g v="plur"></g><g v="nomn"></g></l></v></tfr></token><token text="—" id="680730"><tfr rev_id="2446532" t="—"><v><l id="0" t="—"><g v="PNCT"></g></l></v></tfr></token><token text="это" id="680731"><tfr rev_id="4441811" t="это"><v><l id="386574" t="это"><g v="PRCL"></g></l></v><v><l id="386575" t="это"><g v="NPRO"></g><g v="neut"></g><g v="sing"></g><g v="nomn"></g></l></v><v><l id="386575" t="это"><g v="NPRO"></g><g v="neut"></g><g v="sing"></g><g v="accs"></g></l></v><v><l id="386581" t="этот"><g v="ADJF"></g><g v="Subx"></g><g v="Apro"></g><g v="Anph"></g><g v="neut"></g><g v="sing"></g><g v="nomn"></g></l></v><v><l id="386581" t="этот"><g v="ADJF"></g><g v="Subx"></g><g v="Apro"></g><g v="Anph"></g><g v="neut"></g><g v="sing"></g><g v="accs"></g></l></v></tfr></token><token text="быстроразвивающаяся" id="680732"><tfr rev_id="1512801" t="быстроразвивающаяся"><v><l id="37171" t="быстроразвивающийся"><g v="ADJF"></g><g v="femn"></g><g v="sing"></g><g v="nomn"></g></l></v></tfr></token><token text="и" id="680733"><tfr rev_id="1512802" t="и"><v><l id="116949" t="и"><g v="CONJ"></g></l></v><v><l id="116950" t="и"><g v="INTJ"></g></l></v></tfr></token><token text="энергетически" id="680734"><tfr rev_id="1512803" t="энергетически"><v><l id="385494" t="энергетически"><g v="ADVB"></g></l></v></tfr></token><token text="насыщенная" id="680735"><tfr rev_id="1512804" t="насыщенная"><v><l id="176649" t="насыщенный"><g v="PRTF"></g><g v="perf"></g><g v="tran"></g><g v="past"></g><g v="pssv"></g><g v="femn"></g><g v="sing"></g><g v="nomn"></g></l></v><v><l id="176677" t="насыщенный"><g v="ADJF"></g><g v="Qual"></g><g v="femn"></g><g v="sing"></g><g v="nomn"></g></l></v></tfr></token><token text="политизированная" id="680736"><tfr rev_id="1512805" t="политизированная"><v><l id="255843" t="политизированный"><g v="PRTF"></g><g v="impf"></g><g v="tran"></g><g v="past"></g><g v="pssv"></g><g v="femn"></g><g v="sing"></g><g v="nomn"></g></l></v></tfr></token><token text="среда" id="680737"><tfr rev_id="1512806" t="среда"><v><l id="333471" t="среда"><g v="NOUN"></g><g v="inan"></g><g v="femn"></g><g v="sing"></g><g v="nomn"></g></l></v></tfr></token><token text="," id="680738"><tfr rev_id="1512807" t=","><v><l id="0" t=","><g v="PNCT"></g></l></v></tfr></token><token text="причём" id="680739"><tfr rev_id="1512808" t="причём"><v><l id="276410" t="причём"><g v="CONJ"></g></l></v></tfr></token><token text="использующая" id="680740"><tfr rev_id="1512809" t="использующая"><v><l id="125422" t="использующий"><g v="PRTF"></g><g v="impf"></g><g v="tran"></g><g v="pres"></g><g v="actv"></g><g v="femn"></g><g v="sing"></g><g v="nomn"></g></l></v></tfr></token><token text="иные" id="680741"><tfr rev_id="4573038" t="иные"><v><l id="122715" t="иной"><g v="ADJF"></g><g v="Subx"></g><g v="Apro"></g><g v="inan"></g><g v="plur"></g><g v="accs"></g></l></v></tfr></token><token text="сообщения" id="680742"><tfr rev_id="3796733" t="сообщения"><v><l id="329550" t="сообщение"><g v="NOUN"></g><g v="inan"></g><g v="neut"></g><g v="plur"></g><g v="accs"></g></l></v></tfr></token><token text="," id="680743"><tfr rev_id="1512812" t=","><v><l id="0" t=","><g v="PNCT"></g></l></v></tfr></token><token text="ломающая" id="680744"><tfr rev_id="1512813" t="ломающая"><v><l id="150747" t="ломающий"><g v="PRTF"></g><g v="impf"></g><g v="tran"></g><g v="pres"></g><g v="actv"></g><g v="femn"></g><g v="sing"></g><g v="nomn"></g></l></v></tfr></token><token text="политические" id="680745"><tfr rev_id="3756832" t="политические"><v><l id="255870" t="политический"><g v="ADJF"></g><g v="inan"></g><g v="plur"></g><g v="accs"></g></l></v></tfr></token><token text="стереотипы" id="680746"><tfr rev_id="3744071" t="стереотипы"><v><l id="335886" t="стереотип"><g v="NOUN"></g><g v="inan"></g><g v="masc"></g><g v="plur"></g><g v="accs"></g></l></v></tfr></token><token text="," id="680747"><tfr rev_id="1512816" t=","><v><l id="0" t=","><g v="PNCT"></g></l></v></tfr></token><token text="использующая" id="680748"><tfr rev_id="1512817" t="использующая"><v><l id="125422" t="использующий"><g v="PRTF"></g><g v="impf"></g><g v="tran"></g><g v="pres"></g><g v="actv"></g><g v="femn"></g><g v="sing"></g><g v="nomn"></g></l></v></tfr></token><token text="иную" id="680749"><tfr rev_id="3804077" t="иную"><v><l id="122715" t="иной"><g v="ADJF"></g><g v="Subx"></g><g v="Apro"></g><g v="femn"></g><g v="sing"></g><g v="accs"></g></l></v></tfr></token><token text="политическую" id="680750"><tfr rev_id="1512819" t="политическую"><v><l id="255870" t="политический"><g v="ADJF"></g><g v="femn"></g><g v="sing"></g><g v="accs"></g></l></v></tfr></token><token text="фразеологию" id="680751"><tfr rev_id="1512820" t="фразеологию"><v><l id="367882" t="фразеология"><g v="NOUN"></g><g v="inan"></g><g v="femn"></g><g v="sing"></g><g v="accs"></g></l></v></tfr></token><token text="." id="680752"><tfr rev_id="1512821" t="."><v><l id="0" t="."><g v="PNCT"></g></l></v></tfr></token></tokens></sentence><sentence id="38188"><source>С ней необходимо считаться»,</source><tokens><token text="С" id="680753"><tfr rev_id="1512822" t="С"><v><l id="311151" t="с"><g v="PREP"></g></l></v></tfr></token><token text="ней" id="680754"><tfr rev_id="4361095" t="ней"><v><l id="206544" t="она"><g v="NPRO"></g><g v="femn"></g><g v="3per"></g><g v="Anph"></g><g v="sing"></g><g v="ablt"></g><g v="Af-p"></g></l></v></tfr></token><token text="необходимо" id="680755"><tfr rev_id="1512824" t="необходимо"><v><l id="184806" t="необходимо"><g v="PRED"></g><g v="pres"></g></l></v><v><l id="184810" t="необходим"><g v="ADJS"></g><g v="Qual"></g><g v="neut"></g><g v="sing"></g></l></v></tfr></token><token text="считаться" id="680756"><tfr rev_id="1512825" t="считаться"><v><l id="341336" t="считаться"><g v="INFN"></g><g v="impf"></g><g v="intr"></g></l></v></tfr></token><token text="»" id="680757"><tfr rev_id="2446533" t="»"><v><l id="0" t="»"><g v="PNCT"></g></l></v></tfr></token><token text="," id="680758"><tfr rev_id="1512827" t=","><v><l id="0" t=","><g v="PNCT"></g></l></v></tfr></token></tokens></sentence><sentence id="38189"><source>— заявил Медведев, выступая на Мировом политическом форуме в Ярославле.</source><tokens><token text="—" id="680759"><tfr rev_id="2446534" t="—"><v><l id="0" t="—"><g v="PNCT"></g></l></v></tfr></token><token text="заявил" id="680760"><tfr rev_id="1512829" t="заявил"><v><l id="114300" t="заявил"><g v="VERB"></g><g v="perf"></g><g v="tran"></g><g v="masc"></g><g v="sing"></g><g v="past"></g><g v="indc"></g></l></v></tfr></token><token text="Медведев" id="680761"><tfr rev_id="1512830" t="Медведев"><v><l id="156959" t="медведев"><g v="NOUN"></g><g v="anim"></g><g v="masc"></g><g v="Sgtm"></g><g v="Surn"></g><g v="sing"></g><g v="nomn"></g></l></v></tfr></token><token text="," id="680762"><tfr rev_id="1512831" t=","><v><l id="0" t=","><g v="PNCT"></g></l></v></tfr></token><token text="выступая" id="680763"><tfr rev_id="1512832" t="выступая"><v><l id="62884" t="выступая"><g v="GRND"></g><g v="impf"></g><g v="intr"></g><g v="pres"></g></l></v></tfr></token><token text="на" id="680764"><tfr rev_id="3345928" t="на"><v><l id="166264" t="на"><g v="PREP"></g></l></v></tfr></token><token text="Мировом" id="680765"><tfr rev_id="4318649" t="Мировом"><v><l id="160894" t="мировой"><g v="ADJF"></g><g v="masc"></g><g v="sing"></g><g v="loct"></g></l></v></tfr></token><token text="политическом" id="680766"><tfr rev_id="3431048" t="политическом"><v><l id="255870" t="политический"><g v="ADJF"></g><g v="masc"></g><g v="sing"></g><g v="loct"></g></l></v></tfr></token><token text="форуме" id="680767"><tfr rev_id="1512836" t="форуме"><v><l id="367349" t="форум"><g v="NOUN"></g><g v="inan"></g><g v="masc"></g><g v="sing"></g><g v="loct"></g></l></v></tfr></token><token text="в" id="680768"><tfr rev_id="1512837" t="в"><v><l id="37409" t="в"><g v="PREP"></g></l></v></tfr></token><token text="Ярославле" id="680769"><tfr rev_id="1512838" t="Ярославле"><v><l id="388141" t="ярославль"><g v="NOUN"></g><g v="inan"></g><g v="masc"></g><g v="Sgtm"></g><g v="Geox"></g><g v="sing"></g><g v="loct"></g></l></v></tfr></token><token text="." id="680770"><tfr rev_id="1512839" t="."><v><l id="0" t="."><g v="PNCT"></g></l></v></tfr></token></tokens></sentence></paragraph><paragraph id="12233"><sentence id="38190"><source>Дмитрий Медведев — активный пользователь интернета.</source><tokens><token text="Дмитрий" id="680771"><tfr rev_id="3490002" t="Дмитрий"><v><l id="85055" t="дмитрий"><g v="NOUN"></g><g v="anim"></g><g v="masc"></g><g v="Name"></g><g v="sing"></g><g v="nomn"></g></l></v></tfr></token><token text="Медведев" id="680772"><tfr rev_id="1512841" t="Медведев"><v><l id="156959" t="медведев"><g v="NOUN"></g><g v="anim"></g><g v="masc"></g><g v="Sgtm"></g><g v="Surn"></g><g v="sing"></g><g v="nomn"></g></l></v></tfr></token><token text="—" id="680773"><tfr rev_id="2446535" t="—"><v><l id="0" t="—"><g v="PNCT"></g></l></v></tfr></token><token text="активный" id="680774"><tfr rev_id="4360876" t="активный"><v><l id="7665" t="активный"><g v="ADJF"></g><g v="Qual"></g><g v="masc"></g><g v="sing"></g><g v="nomn"></g></l></v></tfr></token><token text="пользователь" id="680775"><tfr rev_id="1512844" t="пользователь"><v><l id="257079" t="пользователь"><g v="NOUN"></g><g v="anim"></g><g v="masc"></g><g v="sing"></g><g v="nomn"></g></l></v></tfr></token><token text="интернета" id="680776"><tfr rev_id="1512845" t="интернета"><v><l id="123255" t="интернет"><g v="NOUN"></g><g v="inan"></g><g v="masc"></g><g v="sing"></g><g v="gent"></g></l></v></tfr></token><token text="." id="680777"><tfr rev_id="1512846" t="."><v><l id="0" t="."><g v="PNCT"></g></l></v></tfr></token></tokens></sentence><sentence id="38191"><source>У него есть аккаунты в ЖЖ и Twitter.</source><tokens><token text="У" id="680778"><tfr rev_id="3326055" t="У"><v><l id="352818" t="у"><g v="PREP"></g></l></v></tfr></token><token text="него" id="680779"><tfr rev_id="4528208" t="него"><v><l id="206541" t="он"><g v="NPRO"></g><g v="masc"></g><g v="3per"></g><g v="Anph"></g><g v="sing"></g><g v="gent"></g><g v="Af-p"></g></l></v><v><l id="206649" t="оно"><g v="NPRO"></g><g v="neut"></g><g v="3per"></g><g v="Anph"></g><g v="sing"></g><g v="gent"></g><g v="Af-p"></g></l></v></tfr></token><token text="есть" id="680780"><tfr rev_id="4391049" t="есть"><v><l id="37265" t="есть"><g v="VERB"></g><g v="impf"></g><g v="intr"></g><g v="sing"></g><g v="3per"></g><g v="pres"></g><g v="indc"></g></l></v><v><l id="37265" t="есть"><g v="VERB"></g><g v="impf"></g><g v="intr"></g><g v="plur"></g><g v="3per"></g><g v="pres"></g><g v="indc"></g></l></v></tfr></token><token text="аккаунты" id="680781"><tfr rev_id="3752192" t="аккаунты"><v><l id="7070" t="аккаунт"><g v="NOUN"></g><g v="inan"></g><g v="masc"></g><g v="plur"></g><g v="nomn"></g></l></v></tfr></token><token text="в" id="680782"><tfr rev_id="1512851" t="в"><v><l id="37409" t="в"><g v="PREP"></g></l></v></tfr></token><token text="ЖЖ" id="680783"><tfr rev_id="3808207" t="ЖЖ"><v><l id="389060" t="жж"><g v="NOUN"></g><g v="inan"></g><g v="masc"></g><g v="Fixd"></g><g v="Abbr"></g><g v="Sgtm"></g><g v="sing"></g><g v="loct"></g></l></v></tfr></token><token text="и" id="680784"><tfr rev_id="1512853" t="и"><v><l id="116949" t="и"><g v="CONJ"></g></l></v><v><l id="116950" t="и"><g v="INTJ"></g></l></v></tfr></token><token text="Twitter" id="680785"><tfr rev_id="2475337" t="Twitter"><v><l id="0" t="Twitter"><g v="LATN"></g></l></v></tfr></token><token text="." id="680786"><tfr rev_id="1512855" t="."><v><l id="0" t="."><g v="PNCT"></g></l></v></tfr></token></tokens></sentence></paragraph><paragraph id="12234"><sentence id="38192"><source>«Нам всем, и политикам прежде всего, необходимо научиться общаться по-новому.</source><tokens><token text="«" id="680787"><tfr rev_id="2446536" t="«"><v><l id="0" t="«"><g v="PNCT"></g></l></v></tfr></token><token text="Нам" id="680788"><tfr rev_id="1512857" t="Нам"><v><l id="165750" t="мы"><g v="NPRO"></g><g v="1per"></g><g v="plur"></g><g v="datv"></g></l></v></tfr></token><token text="всем" id="680789"><tfr rev_id="4130518" t="всем"><v><l id="42156" t="весь"><g v="ADJF"></g><g v="Subx"></g><g v="Apro"></g><g v="plur"></g><g v="datv"></g></l></v></tfr></token><token text="," id="680790"><tfr rev_id="1512859" t=","><v><l id="0" t=","><g v="PNCT"></g></l></v></tfr></token><token text="и" id="680791"><tfr rev_id="3690643" t="и"><v><l id="116949" t="и"><g v="CONJ"></g></l></v></tfr></token><token text="политикам" id="680792"><tfr rev_id="3806343" t="политикам"><v><l id="255852" t="политик"><g v="NOUN"></g><g v="anim"></g><g v="masc"></g><g v="plur"></g><g v="datv"></g></l></v></tfr></token><token text="прежде" id="680793"><tfr rev_id="4422290" t="прежде"><v><l id="267400" t="прежде"><g v="PREP"></g></l></v></tfr></token><token text="всего" id="680794"><tfr rev_id="4496457" t="всего"><v><l id="42156" t="весь"><g v="ADJF"></g><g v="Subx"></g><g v="Apro"></g><g v="masc"></g><g v="sing"></g><g v="gent"></g></l></v><v><l id="42156" t="весь"><g v="ADJF"></g><g v="Subx"></g><g v="Apro"></g><g v="anim"></g><g v="masc"></g><g v="sing"></g><g v="accs"></g></l></v><v><l id="42156" t="весь"><g v="ADJF"></g><g v="Subx"></g><g v="Apro"></g><g v="neut"></g><g v="sing"></g><g v="gent"></g></l></v></tfr></token><token text="," id="680795"><tfr rev_id="1512864" t=","><v><l id="0" t=","><g v="PNCT"></g></l></v></tfr></token><token text="необходимо" id="680796"><tfr rev_id="1512865" t="необходимо"><v><l id="184806" t="необходимо"><g v="PRED"></g><g v="pres"></g></l></v><v><l id="184810" t="необходим"><g v="ADJS"></g><g v="Qual"></g><g v="neut"></g><g v="sing"></g></l></v></tfr></token><token text="научиться" id="680797"><tfr rev_id="1512866" t="научиться"><v><l id="177527" t="научиться"><g v="INFN"></g><g v="perf"></g><g v="intr"></g></l></v></tfr></token><token text="общаться" id="680798"><tfr rev_id="1512867" t="общаться"><v><l id="201404" t="общаться"><g v="INFN"></g><g v="impf"></g><g v="intr"></g></l></v></tfr></token><token text="по-новому" id="680799"><tfr rev_id="1512868" t="по-новому"><v><l id="241300" t="по-новому"><g v="ADVB"></g></l></v></tfr></token><token text="." id="680800"><tfr rev_id="1512869" t="."><v><l id="0" t="."><g v="PNCT"></g></l></v></tfr></token></tokens></sentence><sentence id="38193"><source>Не плестись в хвосте общественных тенденций, а стараться быть в мейнстриме, тогда есть возможность сохраниться, быть интересными для людей и правильным образом отвечать на их запросы, — поделился своим опытом интернет-общения президент.</source><tokens><token text="Не" id="680801"><tfr rev_id="1512870" t="Не"><v><l id="178876" t="не"><g v="PRCL"></g></l></v></tfr></token><token text="плестись" id="680802"><tfr rev_id="1512871" t="плестись"><v><l id="240375" t="плестись"><g v="INFN"></g><g v="impf"></g><g v="intr"></g></l></v></tfr></token><token text="в" id="680803"><tfr rev_id="1512872" t="в"><v><l id="37409" t="в"><g v="PREP"></g></l></v></tfr></token><token text="хвосте" id="680804"><tfr rev_id="3424980" t="хвосте"><v><l id="369895" t="хвост"><g v="NOUN"></g><g v="inan"></g><g v="masc"></g><g v="sing"></g><g v="loc1"></g></l></v></tfr></token><token text="общественных" id="680805"><tfr rev_id="4095836" t="общественных"><v><l id="201612" t="общественный"><g v="ADJF"></g><g v="plur"></g><g v="gent"></g></l></v></tfr></token><token text="тенденций" id="680806"><tfr rev_id="1512875" t="тенденций"><v><l id="344675" t="тенденция"><g v="NOUN"></g><g v="inan"></g><g v="femn"></g><g v="plur"></g><g v="gent"></g></l></v></tfr></token><token text="," id="680807"><tfr rev_id="1512876" t=","><v><l id="0" t=","><g v="PNCT"></g></l></v></tfr></token><token text="а" id="680808"><tfr rev_id="1512877" t="а"><v><l id="51" t="а"><g v="CONJ"></g></l></v><v><l id="52" t="а"><g v="INTJ"></g></l></v><v><l id="53" t="а"><g v="PRCL"></g></l></v></tfr></token><token text="стараться" id="680809"><tfr rev_id="1512878" t="стараться"><v><l id="334747" t="стараться"><g v="INFN"></g><g v="impf"></g><g v="intr"></g></l></v></tfr></token><token text="быть" id="680810"><tfr rev_id="1512879" t="быть"><v><l id="37266" t="быть"><g v="INFN"></g><g v="impf"></g><g v="intr"></g></l></v></tfr></token><token text="в" id="680811"><tfr rev_id="1512880" t="в"><v><l id="37409" t="в"><g v="PREP"></g></l></v></tfr></token><token text="мейнстриме" id="680812"><tfr rev_id="4539939" t="мейнстриме"><v><l id="392467" t="мейнстрим"><g v="NOUN"></g><g v="inan"></g><g v="masc"></g><g v="sing"></g><g v="loct"></g></l></v></tfr></token><token text="," id="680813"><tfr rev_id="1512882" t=","><v><l id="0" t=","><g v="PNCT"></g></l></v></tfr></token><token text="тогда" id="680814"><tfr rev_id="1512883" t="тогда"><v><l id="346921" t="тогда"><g v="ADVB"></g><g v="Dmns"></g></l></v></tfr></token><token text="есть" id="680815"><tfr rev_id="4372029" t="есть"><v><l id="37265" t="есть"><g v="VERB"></g><g v="impf"></g><g v="intr"></g><g v="sing"></g><g v="3per"></g><g v="pres"></g><g v="indc"></g></l></v><v><l id="37265" t="есть"><g v="VERB"></g><g v="impf"></g><g v="intr"></g><g v="plur"></g><g v="3per"></g><g v="pres"></g><g v="indc"></g></l></v></tfr></token><token text="возможность" id="680816"><tfr rev_id="1512885" t="возможность"><v><l id="49410" t="возможность"><g v="NOUN"></g><g v="inan"></g><g v="femn"></g><g v="sing"></g><g v="nomn"></g></l></v><v><l id="49410" t="возможность"><g v="NOUN"></g><g v="inan"></g><g v="femn"></g><g v="sing"></g><g v="accs"></g></l></v></tfr></token><token text="сохраниться" id="680817"><tfr rev_id="1512886" t="сохраниться"><v><l id="330995" t="сохраниться"><g v="INFN"></g><g v="perf"></g><g v="intr"></g></l></v></tfr></token><token text="," id="680818"><tfr rev_id="1512887" t=","><v><l id="0" t=","><g v="PNCT"></g></l></v></tfr></token><token text="быть" id="680819"><tfr rev_id="1512888" t="быть"><v><l id="37266" t="быть"><g v="INFN"></g><g v="impf"></g><g v="intr"></g></l></v></tfr></token><token text="интересными" id="680820"><tfr rev_id="1512889" t="интересными"><v><l id="123172" t="интересный"><g v="ADJF"></g><g v="Qual"></g><g v="plur"></g><g v="ablt"></g></l></v></tfr></token><token text="для" id="680821"><tfr rev_id="3418183" t="для"><v><l id="85032" t="для"><g v="PREP"></g></l></v></tfr></token><token text="людей" id="680822"><tfr rev_id="4200198" t="людей"><v><l id="375073" t="человек"><g v="NOUN"></g><g v="anim"></g><g v="masc"></g><g v="plur"></g><g v="gent"></g></l></v></tfr></token><token text="и" id="680823"><tfr rev_id="1512892" t="и"><v><l id="116949" t="и"><g v="CONJ"></g></l></v><v><l id="116950" t="и"><g v="INTJ"></g></l></v></tfr></token><token text="правильным" id="680824"><tfr rev_id="4308460" t="правильным"><v><l id="265622" t="правильный"><g v="ADJF"></g><g v="Qual"></g><g v="masc"></g><g v="sing"></g><g v="ablt"></g></l></v></tfr></token><token text="образом" id="680825"><tfr rev_id="1512894" t="образом"><v><l id="198787" t="образ"><g v="NOUN"></g><g v="inan"></g><g v="masc"></g><g v="sing"></g><g v="ablt"></g></l></v></tfr></token><token text="отвечать" id="680826"><tfr rev_id="1512895" t="отвечать"><v><l id="212455" t="отвечать"><g v="INFN"></g><g v="impf"></g><g v="intr"></g></l></v></tfr></token><token text="на" id="680827"><tfr rev_id="3340501" t="на"><v><l id="166264" t="на"><g v="PREP"></g></l></v></tfr></token><token text="их" id="680828"><tfr rev_id="4478877" t="их"><v><l id="127205" t="их"><g v="ADJF"></g><g v="Fixd"></g><g v="Apro"></g><g v="Anph"></g><g v="plur"></g><g v="nomn"></g></l></v><v><l id="127205" t="их"><g v="ADJF"></g><g v="Fixd"></g><g v="Apro"></g><g v="Anph"></g><g v="plur"></g><g v="gent"></g></l></v><v><l id="127205" t="их"><g v="ADJF"></g><g v="Fixd"></g><g v="Apro"></g><g v="Anph"></g><g v="plur"></g><g v="datv"></g></l></v><v><l id="127205" t="их"><g v="ADJF"></g><g v="Fixd"></g><g v="Apro"></g><g v="Anph"></g><g v="plur"></g><g v="accs"></g></l></v><v><l id="127205" t="их"><g v="ADJF"></g><g v="Fixd"></g><g v="Apro"></g><g v="Anph"></g><g v="plur"></g><g v="ablt"></g></l></v><v><l id="127205" t="их"><g v="ADJF"></g><g v="Fixd"></g><g v="Apro"></g><g v="Anph"></g><g v="plur"></g><g v="loct"></g></l></v></tfr></token><token text="запросы" id="680829"><tfr rev_id="3757236" t="запросы"><v><l id="108050" t="запрос"><g v="NOUN"></g><g v="inan"></g><g v="masc"></g><g v="plur"></g><g v="accs"></g></l></v></tfr></token><token text="," id="680830"><tfr rev_id="1512899" t=","><v><l id="0" t=","><g v="PNCT"></g></l></v></tfr></token><token text="—" id="680831"><tfr rev_id="2446537" t="—"><v><l id="0" t="—"><g v="PNCT"></g></l></v></tfr></token><token text="поделился" id="680832"><tfr rev_id="1512901" t="поделился"><v><l id="245537" t="поделился"><g v="VERB"></g><g v="perf"></g><g v="intr"></g><g v="masc"></g><g v="sing"></g><g v="past"></g><g v="indc"></g></l></v></tfr></token><token text="своим" id="680833"><tfr rev_id="3668785" t="своим"><v><l id="316379" t="свой"><g v="ADJF"></g><g v="Apro"></g><g v="Anph"></g><g v="masc"></g><g v="sing"></g><g v="ablt"></g></l></v><v><l id="316379" t="свой"><g v="ADJF"></g><g v="Apro"></g><g v="Anph"></g><g v="neut"></g><g v="sing"></g><g v="ablt"></g></l></v></tfr></token><token text="опытом" id="680834"><tfr rev_id="1512903" t="опытом"><v><l id="208575" t="опыт"><g v="NOUN"></g><g v="inan"></g><g v="masc"></g><g v="sing"></g><g v="ablt"></g></l></v></tfr></token><token text="интернет-общения" id="680835"><tfr rev_id="1512904" t="интернет-общения"><v><l id="0" t="интернет-общения"><g v="UNKN"></g></l></v></tfr></token><token text="президент" id="680836"><tfr rev_id="1512905" t="президент"><v><l id="267449" t="президент"><g v="NOUN"></g><g v="anim"></g><g v="masc"></g><g v="sing"></g><g v="nomn"></g></l></v></tfr></token><token text="." id="680837"><tfr rev_id="1512906" t="."><v><l id="0" t="."><g v="PNCT"></g></l></v></tfr></token></tokens></sentence><sentence id="38194"><source>— Ни для кого не является табу встретиться с представителями блогосферы, которые исповедуют очень жёсткие позиции».</source><tokens><token text="—" id="680838"><tfr rev_id="2446538" t="—"><v><l id="0" t="—"><g v="PNCT"></g></l></v></tfr></token><token text="Ни" id="680839"><tfr rev_id="1512908" t="Ни"><v><l id="190307" t="ни"><g v="CONJ"></g></l></v><v><l id="190308" t="ни"><g v="PRCL"></g></l></v></tfr></token><token text="для" id="680840"><tfr rev_id="3452585" t="для"><v><l id="85032" t="для"><g v="PREP"></g></l></v></tfr></token><token text="кого" id="680841"><tfr rev_id="2850151" t="кого"><v><l id="144216" t="кто"><g v="NPRO"></g><g v="masc"></g><g v="sing"></g><g v="gent"></g></l></v></tfr></token><token text="не" id="680842"><tfr rev_id="1512911" t="не"><v><l id="178876" t="не"><g v="PRCL"></g></l></v></tfr></token><token text="является" id="680843"><tfr rev_id="1512912" t="является"><v><l id="387385" t="являюсь"><g v="VERB"></g><g v="impf"></g><g v="intr"></g><g v="sing"></g><g v="3per"></g><g v="pres"></g><g v="indc"></g></l></v></tfr></token><token text="табу" id="680844"><tfr rev_id="3860628" t="табу"><v><l id="342122" t="табу"><g v="NOUN"></g><g v="inan"></g><g v="neut"></g><g v="Fixd"></g><g v="sing"></g><g v="ablt"></g></l></v></tfr></token><token text="встретиться" id="680845"><tfr rev_id="1512914" t="встретиться"><v><l id="54527" t="встретиться"><g v="INFN"></g><g v="perf"></g><g v="intr"></g></l></v></tfr></token><token text="с" id="680846"><tfr rev_id="1512915" t="с"><v><l id="311151" t="с"><g v="PREP"></g></l></v></tfr></token><token text="представителями" id="680847"><tfr rev_id="1512916" t="представителями"><v><l id="267083" t="представитель"><g v="NOUN"></g><g v="anim"></g><g v="masc"></g><g v="plur"></g><g v="ablt"></g></l></v></tfr></token><token text="блогосферы" id="680848"><tfr rev_id="3556054" t="блогосферы"><v><l id="388475" t="блогосфера"><g v="NOUN"></g><g v="inan"></g><g v="femn"></g><g v="sing"></g><g v="gent"></g></l></v></tfr></token><token text="," id="680849"><tfr rev_id="1512918" t=","><v><l id="0" t=","><g v="PNCT"></g></l></v></tfr></token><token text="которые" id="680850"><tfr rev_id="3815094" t="которые"><v><l id="141203" t="который"><g v="ADJF"></g><g v="Apro"></g><g v="Subx"></g><g v="Anph"></g><g v="plur"></g><g v="nomn"></g></l></v></tfr></token><token text="исповедуют" id="680851"><tfr rev_id="1512920" t="исповедуют"><v><l id="125268" t="исповедовал"><g v="VERB"></g><g v="perf"></g><g v="tran"></g><g v="plur"></g><g v="3per"></g><g v="futr"></g><g v="indc"></g></l></v><v><l id="125269" t="исповедую"><g v="VERB"></g><g v="impf"></g><g v="tran"></g><g v="plur"></g><g v="3per"></g><g v="pres"></g><g v="indc"></g></l></v></tfr></token><token text="очень" id="680852"><tfr rev_id="1512921" t="очень"><v><l id="221681" t="очень"><g v="ADVB"></g></l></v></tfr></token><token text="жёсткие" id="680853"><tfr rev_id="3814132" t="жёсткие"><v><l id="95578" t="жёсткий"><g v="ADJF"></g><g v="Qual"></g><g v="inan"></g><g v="plur"></g><g v="accs"></g></l></v></tfr></token><token text="позиции" id="680854"><tfr rev_id="3796504" t="позиции"><v><l id="253607" t="позиция"><g v="NOUN"></g><g v="inan"></g><g v="femn"></g><g v="plur"></g><g v="accs"></g></l></v></tfr></token><token text="»" id="680855"><tfr rev_id="2446539" t="»"><v><l id="0" t="»"><g v="PNCT"></g></l></v></tfr></token><token text="." id="680856"><tfr rev_id="1512925" t="."><v><l id="0" t="."><g v="PNCT"></g></l></v></tfr></token></tokens></sentence></paragraph><paragraph id="12235"><sentence id="38195"><source>Также Медведев подчеркнул, что Россия не будет ограничивать возможности интернета, контролируя и регулируя его, так как это противоречило бы принципам демократии.</source><tokens><token text="Также" id="680857"><tfr rev_id="4267820" t="Также"><v><l id="342482" t="также"><g v="PRCL"></g></l></v></tfr></token><token text="Медведев" id="680858"><tfr rev_id="1512927" t="Медведев"><v><l id="156959" t="медведев"><g v="NOUN"></g><g v="anim"></g><g v="masc"></g><g v="Sgtm"></g><g v="Surn"></g><g v="sing"></g><g v="nomn"></g></l></v></tfr></token><token text="подчеркнул" id="680859"><tfr rev_id="1512928" t="подчеркнул"><v><l id="252370" t="подчеркнул"><g v="VERB"></g><g v="perf"></g><g v="tran"></g><g v="masc"></g><g v="sing"></g><g v="past"></g><g v="indc"></g></l></v></tfr></token><token text="," id="680860"><tfr rev_id="1512929" t=","><v><l id="0" t=","><g v="PNCT"></g></l></v></tfr></token><token text="что" id="680861"><tfr rev_id="3197605" t="что"><v><l id="377004" t="что"><g v="CONJ"></g></l></v><v><l id="377005" t="что"><g v="NPRO"></g><g v="neut"></g><g v="sing"></g><g v="nomn"></g></l></v><v><l id="377005" t="что"><g v="NPRO"></g><g v="neut"></g><g v="sing"></g><g v="accs"></g></l></v><v><l id="377006" t="что"><g v="ADVB"></g><g v="Ques"></g></l></v><v><l id="388695" t="что"><g v="PRCL"></g></l></v></tfr></token><token text="Россия" id="680862"><tfr rev_id="1512931" t="Россия"><v><l id="309322" t="россия"><g v="NOUN"></g><g v="inan"></g><g v="femn"></g><g v="Sgtm"></g><g v="Geox"></g><g v="sing"></g><g v="nomn"></g></l></v></tfr></token><token text="не" id="680863"><tfr rev_id="1512932" t="не"><v><l id="178876" t="не"><g v="PRCL"></g></l></v></tfr></token><token text="будет" id="680864"><tfr rev_id="1512933" t="будет"><v><l id="37265" t="есть"><g v="VERB"></g><g v="impf"></g><g v="intr"></g><g v="sing"></g><g v="3per"></g><g v="futr"></g><g v="indc"></g></l></v></tfr></token><token text="ограничивать" id="680865"><tfr rev_id="1512934" t="ограничивать"><v><l id="202922" t="ограничивать"><g v="INFN"></g><g v="impf"></g><g v="tran"></g></l></v></tfr></token><token text="возможности" id="680866"><tfr rev_id="3801023" t="возможности"><v><l id="49410" t="возможность"><g v="NOUN"></g><g v="inan"></g><g v="femn"></g><g v="plur"></g><g v="accs"></g></l></v></tfr></token><token text="интернета" id="680867"><tfr rev_id="1512936" t="интернета"><v><l id="123255" t="интернет"><g v="NOUN"></g><g v="inan"></g><g v="masc"></g><g v="sing"></g><g v="gent"></g></l></v></tfr></token><token text="," id="680868"><tfr rev_id="1512937" t=","><v><l id="0" t=","><g v="PNCT"></g></l></v></tfr></token><token text="контролируя" id="680869"><tfr rev_id="1512938" t="контролируя"><v><l id="138603" t="контролируя"><g v="GRND"></g><g v="impf"></g><g v="tran"></g><g v="pres"></g></l></v></tfr></token><token text="и" id="680870"><tfr rev_id="1512939" t="и"><v><l id="116949" t="и"><g v="CONJ"></g></l></v><v><l id="116950" t="и"><g v="INTJ"></g></l></v></tfr></token><token text="регулируя" id="680871"><tfr rev_id="1512940" t="регулируя"><v><l id="304928" t="регулируя"><g v="GRND"></g><g v="impf"></g><g v="tran"></g><g v="pres"></g></l></v></tfr></token><token text="его" id="680872"><tfr rev_id="4531846" t="его"><v><l id="206541" t="он"><g v="NPRO"></g><g v="masc"></g><g v="3per"></g><g v="Anph"></g><g v="sing"></g><g v="gent"></g></l></v><v><l id="206541" t="он"><g v="NPRO"></g><g v="masc"></g><g v="3per"></g><g v="Anph"></g><g v="sing"></g><g v="accs"></g></l></v><v><l id="206649" t="оно"><g v="NPRO"></g><g v="neut"></g><g v="3per"></g><g v="Anph"></g><g v="sing"></g><g v="gent"></g></l></v><v><l id="206649" t="оно"><g v="NPRO"></g><g v="neut"></g><g v="3per"></g><g v="Anph"></g><g v="sing"></g><g v="accs"></g></l></v></tfr></token><token text="," id="680873"><tfr rev_id="1512942" t=","><v><l id="0" t=","><g v="PNCT"></g></l></v></tfr></token><token text="так" id="680874"><tfr rev_id="1512943" t="так"><v><l id="342451" t="так"><g v="CONJ"></g></l></v><v><l id="342452" t="так"><g v="PRCL"></g></l></v><v><l id="342453" t="так"><g v="ADVB"></g><g v="Dmns"></g></l></v></tfr></token><token text="как" id="680875"><tfr rev_id="1512944" t="как"><v><l id="128190" t="как"><g v="CONJ"></g></l></v><v><l id="128191" t="как"><g v="PRCL"></g></l></v><v><l id="128192" t="как"><g v="ADVB"></g><g v="Ques"></g></l></v></tfr></token><token text="это" id="680876"><tfr rev_id="4441812" t="это"><v><l id="386574" t="это"><g v="PRCL"></g></l></v><v><l id="386575" t="это"><g v="NPRO"></g><g v="neut"></g><g v="sing"></g><g v="nomn"></g></l></v><v><l id="386575" t="это"><g v="NPRO"></g><g v="neut"></g><g v="sing"></g><g v="accs"></g></l></v><v><l id="386581" t="этот"><g v="ADJF"></g><g v="Subx"></g><g v="Apro"></g><g v="Anph"></g><g v="neut"></g><g v="sing"></g><g v="nomn"></g></l></v><v><l id="386581" t="этот"><g v="ADJF"></g><g v="Subx"></g><g v="Apro"></g><g v="Anph"></g><g v="neut"></g><g v="sing"></g><g v="accs"></g></l></v></tfr></token><token text="противоречило" id="680877"><tfr rev_id="1512946" t="противоречило"><v><l id="286122" t="противоречу"><g v="VERB"></g><g v="impf"></g><g v="intr"></g><g v="neut"></g><g v="sing"></g><g v="past"></g><g v="indc"></g></l></v></tfr></token><token text="бы" id="680878"><tfr rev_id="1512947" t="бы"><v><l id="36985" t="бы"><g v="PRCL"></g></l></v></tfr></token><token text="принципам" id="680879"><tfr rev_id="1512948" t="принципам"><v><l id="272678" t="принцип"><g v="NOUN"></g><g v="inan"></g><g v="masc"></g><g v="plur"></g><g v="datv"></g></l></v></tfr></token><token text="демократии" id="680880"><tfr rev_id="3764801" t="демократии"><v><l id="80998" t="демократия"><g v="NOUN"></g><g v="inan"></g><g v="femn"></g><g v="sing"></g><g v="gent"></g></l></v></tfr></token><token text="." id="680881"><tfr rev_id="1512950" t="."><v><l id="0" t="."><g v="PNCT"></g></l></v></tfr></token></tokens></sentence></paragraph><paragraph id="12236"><sentence id="38196"><source>«Российское правительство, в отличие от некоторых других стран, вообще не занимается интернетом»,</source><tokens><token text="«" id="680882"><tfr rev_id="2446540" t="«"><v><l id="0" t="«"><g v="PNCT"></g></l></v></tfr></token><token text="Российское" id="680883"><tfr rev_id="1512952" t="Российское"><v><l id="309319" t="российский"><g v="ADJF"></g><g v="neut"></g><g v="sing"></g><g v="nomn"></g></l></v><v><l id="309319" t="российский"><g v="ADJF"></g><g v="neut"></g><g v="sing"></g><g v="accs"></g></l></v></tfr></token><token text="правительство" id="680884"><tfr rev_id="4214026" t="правительство"><v><l id="265638" t="правительство"><g v="NOUN"></g><g v="inan"></g><g v="neut"></g><g v="sing"></g><g v="nomn"></g></l></v></tfr></token><token text="," id="680885"><tfr rev_id="1512954" t=","><v><l id="0" t=","><g v="PNCT"></g></l></v></tfr></token><token text="в" id="680886"><tfr rev_id="1512955" t="в"><v><l id="37409" t="в"><g v="PREP"></g></l></v></tfr></token><token text="отличие" id="680887"><tfr rev_id="1512956" t="отличие"><v><l id="215156" t="отличие"><g v="NOUN"></g><g v="inan"></g><g v="neut"></g><g v="sing"></g><g v="nomn"></g></l></v><v><l id="215156" t="отличие"><g v="NOUN"></g><g v="inan"></g><g v="neut"></g><g v="sing"></g><g v="accs"></g></l></v></tfr></token><token text="от" id="680888"><tfr rev_id="1512957" t="от"><v><l id="211644" t="от"><g v="PREP"></g></l></v></tfr></token><token text="некоторых" id="680889"><tfr rev_id="3884988" t="некоторых"><v><l id="183542" t="некоторый"><g v="ADJF"></g><g v="Apro"></g><g v="plur"></g><g v="gent"></g></l></v><v><l id="183542" t="некоторый"><g v="ADJF"></g><g v="Apro"></g><g v="anim"></g><g v="plur"></g><g v="accs"></g></l></v><v><l id="183542" t="некоторый"><g v="ADJF"></g><g v="Apro"></g><g v="plur"></g><g v="loct"></g></l></v></tfr></token><token text="других" id="680890"><tfr rev_id="3562134" t="других"><v><l id="92342" t="другой"><g v="ADJF"></g><g v="Apro"></g><g v="Subx"></g><g v="plur"></g><g v="gent"></g></l></v></tfr></token><token text="стран" id="680891"><tfr rev_id="1512960" t="стран"><v><l id="337100" t="страна"><g v="NOUN"></g><g v="inan"></g><g v="femn"></g><g v="plur"></g><g v="gent"></g></l></v></tfr></token><token text="," id="680892"><tfr rev_id="1512961" t=","><v><l id="0" t=","><g v="PNCT"></g></l></v></tfr></token><token text="вообще" id="680893"><tfr rev_id="1512962" t="вообще"><v><l id="50732" t="вообще"><g v="CONJ"></g><g v="Prnt"></g></l></v><v><l id="50733" t="вообще"><g v="ADVB"></g></l></v></tfr></token><token text="не" id="680894"><tfr rev_id="1512963" t="не"><v><l id="178876" t="не"><g v="PRCL"></g></l></v></tfr></token><token text="занимается" id="680895"><tfr rev_id="1512964" t="занимается"><v><l id="106419" t="занимаюсь"><g v="VERB"></g><g v="impf"></g><g v="intr"></g><g v="sing"></g><g v="3per"></g><g v="pres"></g><g v="indc"></g></l></v></tfr></token><token text="интернетом" id="680896"><tfr rev_id="1512965" t="интернетом"><v><l id="123255" t="интернет"><g v="NOUN"></g><g v="inan"></g><g v="masc"></g><g v="sing"></g><g v="ablt"></g></l></v></tfr></token><token text="»" id="680897"><tfr rev_id="2446541" t="»"><v><l id="0" t="»"><g v="PNCT"></g></l></v></tfr></token><token text="," id="680898"><tfr rev_id="1512967" t=","><v><l id="0" t=","><g v="PNCT"></g></l></v></tfr></token></tokens></sentence><sentence id="38197"><source>— отметил президент.</source><tokens><token text="—" id="680899"><tfr rev_id="2446542" t="—"><v><l id="0" t="—"><g v="PNCT"></g></l></v></tfr></token><token text="отметил" id="680900"><tfr rev_id="1512969" t="отметил"><v><l id="215584" t="отметил"><g v="VERB"></g><g v="perf"></g><g v="tran"></g><g v="masc"></g><g v="sing"></g><g v="past"></g><g v="indc"></g></l></v></tfr></token><token text="президент" id="680901"><tfr rev_id="1512970" t="президент"><v><l id="267449" t="президент"><g v="NOUN"></g><g v="anim"></g><g v="masc"></g><g v="sing"></g><g v="nomn"></g></l></v></tfr></token><token text="." id="680902"><tfr rev_id="1512971" t="."><v><l id="0" t="."><g v="PNCT"></g></l></v></tfr></token></tokens></sentence></paragraph></paragraphs></text>