<?xml version="1.0" encoding="utf-8"?><text parent="511" id="1340" name="0085588 Широко известна версия шахмат"><tags><tag>url:http://fat-crocodile.livejournal.com/85588.html</tag><tag>Год:2008</tag><tag>Дата:06/09</tag><tag>Время:01:24</tag><tag>ЖЖ:Метка:главное</tag><tag>ЖЖ:Метка:мысли</tag></tags><paragraphs><paragraph id="12274"><sentence id="38334"><source>Широко известна версия шахмат, в которой у белых только король и пешка, но зато они делают два хода подряд.</source><tokens><token text="Широко" id="683420"><tfr rev_id="3526350" t="Широко"><v><l id="379823" t="широко"><g v="ADVB"></g></l></v></tfr></token><token text="известна" id="683421"><tfr rev_id="1515285" t="известна"><v><l id="118146" t="известен"><g v="ADJS"></g><g v="Qual"></g><g v="femn"></g><g v="sing"></g></l></v></tfr></token><token text="версия" id="683422"><tfr rev_id="1515286" t="версия"><v><l id="41566" t="версия"><g v="NOUN"></g><g v="inan"></g><g v="femn"></g><g v="sing"></g><g v="nomn"></g></l></v></tfr></token><token text="шахмат" id="683423"><tfr rev_id="1515287" t="шахмат"><v><l id="378578" t="шахматы"><g v="NOUN"></g><g v="inan"></g><g v="GNdr"></g><g v="Pltm"></g><g v="plur"></g><g v="gent"></g></l></v></tfr></token><token text="," id="683424"><tfr rev_id="1515288" t=","><v><l id="0" t=","><g v="PNCT"></g></l></v></tfr></token><token text="в" id="683425"><tfr rev_id="1515289" t="в"><v><l id="37409" t="в"><g v="PREP"></g></l></v></tfr></token><token text="которой" id="683426"><tfr rev_id="3640490" t="которой"><v><l id="141203" t="который"><g v="ADJF"></g><g v="Apro"></g><g v="Subx"></g><g v="Anph"></g><g v="femn"></g><g v="sing"></g><g v="loct"></g></l></v></tfr></token><token text="у" id="683427"><tfr rev_id="3327456" t="у"><v><l id="352818" t="у"><g v="PREP"></g></l></v></tfr></token><token text="белых" id="683428"><tfr rev_id="4402098" t="белых"><v><l id="27333" t="белые"><g v="NOUN"></g><g v="anim"></g><g v="GNdr"></g><g v="Pltm"></g><g v="plur"></g><g v="gent"></g></l></v><v><l id="27333" t="белые"><g v="NOUN"></g><g v="anim"></g><g v="GNdr"></g><g v="Pltm"></g><g v="plur"></g><g v="accs"></g></l></v><v><l id="27333" t="белые"><g v="NOUN"></g><g v="anim"></g><g v="GNdr"></g><g v="Pltm"></g><g v="plur"></g><g v="loct"></g></l></v><v><l id="27345" t="белых"><g v="NOUN"></g><g v="anim"></g><g v="ms-f"></g><g v="Fixd"></g><g v="Surn"></g><g v="sing"></g><g v="nomn"></g></l></v><v><l id="27345" t="белых"><g v="NOUN"></g><g v="anim"></g><g v="ms-f"></g><g v="Fixd"></g><g v="Surn"></g><g v="sing"></g><g v="gent"></g></l></v><v><l id="27345" t="белых"><g v="NOUN"></g><g v="anim"></g><g v="ms-f"></g><g v="Fixd"></g><g v="Surn"></g><g v="sing"></g><g v="datv"></g></l></v><v><l id="27345" t="белых"><g v="NOUN"></g><g v="anim"></g><g v="ms-f"></g><g v="Fixd"></g><g v="Surn"></g><g v="sing"></g><g v="accs"></g></l></v><v><l id="27345" t="белых"><g v="NOUN"></g><g v="anim"></g><g v="ms-f"></g><g v="Fixd"></g><g v="Surn"></g><g v="sing"></g><g v="ablt"></g></l></v><v><l id="27345" t="белых"><g v="NOUN"></g><g v="anim"></g><g v="ms-f"></g><g v="Fixd"></g><g v="Surn"></g><g v="sing"></g><g v="loct"></g></l></v><v><l id="27345" t="белых"><g v="NOUN"></g><g v="anim"></g><g v="ms-f"></g><g v="Fixd"></g><g v="Surn"></g><g v="plur"></g><g v="nomn"></g></l></v><v><l id="27345" t="белых"><g v="NOUN"></g><g v="anim"></g><g v="ms-f"></g><g v="Fixd"></g><g v="Surn"></g><g v="plur"></g><g v="gent"></g></l></v><v><l id="27345" t="белых"><g v="NOUN"></g><g v="anim"></g><g v="ms-f"></g><g v="Fixd"></g><g v="Surn"></g><g v="plur"></g><g v="datv"></g></l></v><v><l id="27345" t="белых"><g v="NOUN"></g><g v="anim"></g><g v="ms-f"></g><g v="Fixd"></g><g v="Surn"></g><g v="plur"></g><g v="accs"></g></l></v><v><l id="27345" t="белых"><g v="NOUN"></g><g v="anim"></g><g v="ms-f"></g><g v="Fixd"></g><g v="Surn"></g><g v="plur"></g><g v="ablt"></g></l></v><v><l id="27345" t="белых"><g v="NOUN"></g><g v="anim"></g><g v="ms-f"></g><g v="Fixd"></g><g v="Surn"></g><g v="plur"></g><g v="loct"></g></l></v></tfr></token><token text="только" id="683429"><tfr rev_id="3784187" t="только"><v><l id="347395" t="только"><g v="CONJ"></g></l></v><v><l id="347396" t="только"><g v="PRCL"></g></l></v><v><l id="390053" t="только"><g v="ADVB"></g></l></v></tfr></token><token text="король" id="683430"><tfr rev_id="1515294" t="король"><v><l id="139936" t="король"><g v="NOUN"></g><g v="anim"></g><g v="masc"></g><g v="sing"></g><g v="nomn"></g></l></v></tfr></token><token text="и" id="683431"><tfr rev_id="3813556" t="и"><v><l id="116949" t="и"><g v="CONJ"></g></l></v></tfr></token><token text="пешка" id="683432"><tfr rev_id="4162981" t="пешка"><v><l id="238317" t="пешка"><g v="NOUN"></g><g v="inan"></g><g v="femn"></g><g v="Inmx"></g><g v="sing"></g><g v="nomn"></g></l></v></tfr></token><token text="," id="683433"><tfr rev_id="1515297" t=","><v><l id="0" t=","><g v="PNCT"></g></l></v></tfr></token><token text="но" id="683434"><tfr rev_id="1515298" t="но"><v><l id="191429" t="но"><g v="CONJ"></g></l></v><v><l id="191430" t="но"><g v="INTJ"></g></l></v></tfr></token><token text="зато" id="683435"><tfr rev_id="1515299" t="зато"><v><l id="111564" t="зато"><g v="CONJ"></g></l></v></tfr></token><token text="они" id="683436"><tfr rev_id="3599455" t="они"><v><l id="206619" t="они"><g v="NPRO"></g><g v="3per"></g><g v="Anph"></g><g v="plur"></g><g v="nomn"></g></l></v></tfr></token><token text="делают" id="683437"><tfr rev_id="1515301" t="делают"><v><l id="80526" t="делаю"><g v="VERB"></g><g v="impf"></g><g v="tran"></g><g v="plur"></g><g v="3per"></g><g v="pres"></g><g v="indc"></g></l></v></tfr></token><token text="два" id="683438"><tfr rev_id="4450464" t="два"><v><l id="78668" t="два"><g v="NUMR"></g><g v="masc"></g><g v="nomn"></g></l></v><v><l id="78668" t="два"><g v="NUMR"></g><g v="inan"></g><g v="masc"></g><g v="accs"></g></l></v><v><l id="78668" t="два"><g v="NUMR"></g><g v="neut"></g><g v="nomn"></g></l></v><v><l id="78668" t="два"><g v="NUMR"></g><g v="inan"></g><g v="neut"></g><g v="accs"></g></l></v></tfr></token><token text="хода" id="683439"><tfr rev_id="3433009" t="хода"><v><l id="371078" t="ход"><g v="NOUN"></g><g v="inan"></g><g v="masc"></g><g v="sing"></g><g v="gen1"></g></l></v></tfr></token><token text="подряд" id="683440"><tfr rev_id="4242659" t="подряд"><v><l id="249979" t="подряд"><g v="ADVB"></g></l></v></tfr></token><token text="." id="683441"><tfr rev_id="1515305" t="."><v><l id="0" t="."><g v="PNCT"></g></l></v></tfr></token></tokens></sentence><sentence id="38335"><source>У чёрных полный комплект...</source><tokens><token text="У" id="683442"><tfr rev_id="3230695" t="У"><v><l id="352818" t="у"><g v="PREP"></g></l></v></tfr></token><token text="чёрных" id="683443"><tfr rev_id="4264225" t="чёрных"><v><l id="374408" t="чёрный"><g v="ADJF"></g><g v="Qual"></g><g v="plur"></g><g v="gent"></g></l></v><v><l id="374408" t="чёрный"><g v="ADJF"></g><g v="Qual"></g><g v="anim"></g><g v="plur"></g><g v="accs"></g></l></v><v><l id="374408" t="чёрный"><g v="ADJF"></g><g v="Qual"></g><g v="plur"></g><g v="loct"></g></l></v></tfr></token><token text="полный" id="683444"><tfr rev_id="1515308" t="полный"><v><l id="256169" t="полный"><g v="ADJF"></g><g v="Qual"></g><g v="masc"></g><g v="sing"></g><g v="nomn"></g></l></v><v><l id="256169" t="полный"><g v="ADJF"></g><g v="Qual"></g><g v="inan"></g><g v="masc"></g><g v="sing"></g><g v="accs"></g></l></v></tfr></token><token text="комплект" id="683445"><tfr rev_id="3531442" t="комплект"><v><l id="137256" t="комплект"><g v="NOUN"></g><g v="inan"></g><g v="masc"></g><g v="sing"></g><g v="nomn"></g></l></v></tfr></token><token text="..." id="683446"><tfr rev_id="1515310" t="..."><v><l id="0" t="..."><g v="PNCT"></g></l></v></tfr></token></tokens></sentence><sentence id="38336"><source>Но, при правильной игре белых, чёрные проигрывают всегда и очень быстро.</source><tokens><token text="Но" id="683447"><tfr rev_id="1515311" t="Но"><v><l id="191429" t="но"><g v="CONJ"></g></l></v><v><l id="191430" t="но"><g v="INTJ"></g></l></v></tfr></token><token text="," id="683448"><tfr rev_id="1515312" t=","><v><l id="0" t=","><g v="PNCT"></g></l></v></tfr></token><token text="при" id="683449"><tfr rev_id="2601359" t="при"><v><l id="268625" t="при"><g v="PREP"></g></l></v></tfr></token><token text="правильной" id="683450"><tfr rev_id="4571937" t="правильной"><v><l id="265622" t="правильный"><g v="ADJF"></g><g v="Qual"></g><g v="femn"></g><g v="sing"></g><g v="loct"></g></l></v></tfr></token><token text="игре" id="683451"><tfr rev_id="2623233" t="игре"><v><l id="117293" t="игра"><g v="NOUN"></g><g v="inan"></g><g v="femn"></g><g v="sing"></g><g v="loct"></g></l></v></tfr></token><token text="белых" id="683452"><tfr rev_id="4404065" t="белых"><v><l id="27333" t="белые"><g v="NOUN"></g><g v="anim"></g><g v="GNdr"></g><g v="Pltm"></g><g v="plur"></g><g v="gent"></g></l></v><v><l id="27333" t="белые"><g v="NOUN"></g><g v="anim"></g><g v="GNdr"></g><g v="Pltm"></g><g v="plur"></g><g v="accs"></g></l></v><v><l id="27333" t="белые"><g v="NOUN"></g><g v="anim"></g><g v="GNdr"></g><g v="Pltm"></g><g v="plur"></g><g v="loct"></g></l></v><v><l id="27345" t="белых"><g v="NOUN"></g><g v="anim"></g><g v="ms-f"></g><g v="Fixd"></g><g v="Surn"></g><g v="sing"></g><g v="nomn"></g></l></v><v><l id="27345" t="белых"><g v="NOUN"></g><g v="anim"></g><g v="ms-f"></g><g v="Fixd"></g><g v="Surn"></g><g v="sing"></g><g v="gent"></g></l></v><v><l id="27345" t="белых"><g v="NOUN"></g><g v="anim"></g><g v="ms-f"></g><g v="Fixd"></g><g v="Surn"></g><g v="sing"></g><g v="datv"></g></l></v><v><l id="27345" t="белых"><g v="NOUN"></g><g v="anim"></g><g v="ms-f"></g><g v="Fixd"></g><g v="Surn"></g><g v="sing"></g><g v="accs"></g></l></v><v><l id="27345" t="белых"><g v="NOUN"></g><g v="anim"></g><g v="ms-f"></g><g v="Fixd"></g><g v="Surn"></g><g v="sing"></g><g v="ablt"></g></l></v><v><l id="27345" t="белых"><g v="NOUN"></g><g v="anim"></g><g v="ms-f"></g><g v="Fixd"></g><g v="Surn"></g><g v="sing"></g><g v="loct"></g></l></v><v><l id="27345" t="белых"><g v="NOUN"></g><g v="anim"></g><g v="ms-f"></g><g v="Fixd"></g><g v="Surn"></g><g v="plur"></g><g v="nomn"></g></l></v><v><l id="27345" t="белых"><g v="NOUN"></g><g v="anim"></g><g v="ms-f"></g><g v="Fixd"></g><g v="Surn"></g><g v="plur"></g><g v="gent"></g></l></v><v><l id="27345" t="белых"><g v="NOUN"></g><g v="anim"></g><g v="ms-f"></g><g v="Fixd"></g><g v="Surn"></g><g v="plur"></g><g v="datv"></g></l></v><v><l id="27345" t="белых"><g v="NOUN"></g><g v="anim"></g><g v="ms-f"></g><g v="Fixd"></g><g v="Surn"></g><g v="plur"></g><g v="accs"></g></l></v><v><l id="27345" t="белых"><g v="NOUN"></g><g v="anim"></g><g v="ms-f"></g><g v="Fixd"></g><g v="Surn"></g><g v="plur"></g><g v="ablt"></g></l></v><v><l id="27345" t="белых"><g v="NOUN"></g><g v="anim"></g><g v="ms-f"></g><g v="Fixd"></g><g v="Surn"></g><g v="plur"></g><g v="loct"></g></l></v></tfr></token><token text="," id="683453"><tfr rev_id="1515317" t=","><v><l id="0" t=","><g v="PNCT"></g></l></v></tfr></token><token text="чёрные" id="683454"><tfr rev_id="4264227" t="чёрные"><v><l id="374408" t="чёрный"><g v="ADJF"></g><g v="Qual"></g><g v="plur"></g><g v="nomn"></g></l></v><v><l id="374408" t="чёрный"><g v="ADJF"></g><g v="Qual"></g><g v="inan"></g><g v="plur"></g><g v="accs"></g></l></v></tfr></token><token text="проигрывают" id="683455"><tfr rev_id="1515319" t="проигрывают"><v><l id="280066" t="проигрываю"><g v="VERB"></g><g v="impf"></g><g v="tran"></g><g v="plur"></g><g v="3per"></g><g v="pres"></g><g v="indc"></g></l></v></tfr></token><token text="всегда" id="683456"><tfr rev_id="1515320" t="всегда"><v><l id="53369" t="всегда"><g v="ADVB"></g></l></v></tfr></token><token text="и" id="683457"><tfr rev_id="1515321" t="и"><v><l id="116949" t="и"><g v="CONJ"></g></l></v><v><l id="116950" t="и"><g v="INTJ"></g></l></v></tfr></token><token text="очень" id="683458"><tfr rev_id="1515322" t="очень"><v><l id="221681" t="очень"><g v="ADVB"></g></l></v></tfr></token><token text="быстро" id="683459"><tfr rev_id="1515323" t="быстро"><v><l id="37073" t="быстро"><g v="ADVB"></g></l></v><v><l id="37234" t="быстр"><g v="ADJS"></g><g v="Qual"></g><g v="neut"></g><g v="sing"></g></l></v></tfr></token><token text="." id="683460"><tfr rev_id="1515324" t="."><v><l id="0" t="."><g v="PNCT"></g></l></v></tfr></token></tokens></sentence></paragraph><paragraph id="12275"><sentence id="38337"><source>Очевидные философские выводы оставляю вам :)</source><tokens><token text="Очевидные" id="683461"><tfr rev_id="4076332" t="Очевидные"><v><l id="221652" t="очевидный"><g v="ADJF"></g><g v="Qual"></g><g v="inan"></g><g v="plur"></g><g v="accs"></g></l></v></tfr></token><token text="философские" id="683462"><tfr rev_id="3825640" t="философские"><v><l id="365982" t="философский"><g v="ADJF"></g><g v="inan"></g><g v="plur"></g><g v="accs"></g></l></v></tfr></token><token text="выводы" id="683463"><tfr rev_id="3727316" t="выводы"><v><l id="56345" t="вывод"><g v="NOUN"></g><g v="inan"></g><g v="masc"></g><g v="plur"></g><g v="accs"></g></l></v></tfr></token><token text="оставляю" id="683464"><tfr rev_id="1515328" t="оставляю"><v><l id="210824" t="оставляю"><g v="VERB"></g><g v="impf"></g><g v="tran"></g><g v="sing"></g><g v="1per"></g><g v="pres"></g><g v="indc"></g></l></v></tfr></token><token text="вам" id="683465"><tfr rev_id="1515329" t="вам"><v><l id="55560" t="вы"><g v="NPRO"></g><g v="2per"></g><g v="plur"></g><g v="datv"></g></l></v></tfr></token><token text=":)" id="683466"><tfr rev_id="1515330" t=":)"><v><l id="0" t=":)"><g v="PNCT"></g></l></v></tfr></token></tokens></sentence></paragraph><paragraph id="12276"><sentence id="38338"><source>Upd: всё гораздо интереснее</source><tokens><token text="Upd" id="683467"><tfr rev_id="2475359" t="Upd"><v><l id="0" t="Upd"><g v="LATN"></g></l></v></tfr></token><token text=":" id="683468"><tfr rev_id="1515332" t=":"><v><l id="0" t=":"><g v="PNCT"></g></l></v></tfr></token><token text="всё" id="683469"><tfr rev_id="4419658" t="всё"><v><l id="42156" t="весь"><g v="ADJF"></g><g v="Subx"></g><g v="Apro"></g><g v="neut"></g><g v="sing"></g><g v="accs"></g></l></v><v><l id="42156" t="весь"><g v="ADJF"></g><g v="Subx"></g><g v="Apro"></g><g v="neut"></g><g v="sing"></g><g v="nomn"></g></l></v></tfr></token><token text="гораздо" id="683470"><tfr rev_id="1515334" t="гораздо"><v><l id="73047" t="горазд"><g v="ADJS"></g><g v="neut"></g><g v="sing"></g></l></v><v><l id="73048" t="гораздо"><g v="ADVB"></g></l></v></tfr></token><token text="интереснее" id="683471"><tfr rev_id="1515335" t="интереснее"><v><l id="123175" t="интереснее"><g v="COMP"></g><g v="Qual"></g></l></v></tfr></token></tokens></sentence></paragraph></paragraphs></text>