<?xml version="1.0" encoding="utf-8"?><text parent="574" id="1355" name="0061581 Языком вбок"><tags><tag>url:http://fregimus.livejournal.com/61581.html</tag><tag>Год:2009</tag><tag>Дата:03/07</tag><tag>Время:03:05</tag><tag>ЖЖ:Метка:language</tag><tag>ЖЖ:Метка:latin</tag><tag>ЖЖ:Метка:russian</tag></tags><paragraphs><paragraph id="12343"><sentence id="38517"><source>Мне часто приходится слышать, будто в пространственно-временных метафорах у греков и римлян впереди находилось прошлое, а позади — будущее.</source><tokens><token text="Мне" id="686762"><tfr rev_id="4236506" t="Мне"><v><l id="387317" t="я"><g v="NPRO"></g><g v="1per"></g><g v="sing"></g><g v="datv"></g></l></v></tfr></token><token text="часто" id="686763"><tfr rev_id="1518627" t="часто"><v><l id="374798" t="часто"><g v="ADVB"></g></l></v><v><l id="374818" t="част"><g v="ADJS"></g><g v="Qual"></g><g v="neut"></g><g v="sing"></g></l></v></tfr></token><token text="приходится" id="686764"><tfr rev_id="1518628" t="приходится"><v><l id="276254" t="прихожусь"><g v="VERB"></g><g v="impf"></g><g v="intr"></g><g v="sing"></g><g v="3per"></g><g v="pres"></g><g v="indc"></g></l></v></tfr></token><token text="слышать" id="686765"><tfr rev_id="1518629" t="слышать"><v><l id="325564" t="слышать"><g v="INFN"></g><g v="impf"></g><g v="tran"></g></l></v></tfr></token><token text="," id="686766"><tfr rev_id="1518630" t=","><v><l id="0" t=","><g v="PNCT"></g></l></v></tfr></token><token text="будто" id="686767"><tfr rev_id="1518631" t="будто"><v><l id="35148" t="будто"><g v="CONJ"></g></l></v><v><l id="35149" t="будто"><g v="PRCL"></g></l></v></tfr></token><token text="в" id="686768"><tfr rev_id="1518632" t="в"><v><l id="37409" t="в"><g v="PREP"></g></l></v></tfr></token><token text="пространственно-временных" id="686769"><tfr rev_id="4408884" t="пространственно-временных"><v><l id="285118" t="пространственно-временной"><g v="ADJF"></g><g v="plur"></g><g v="loct"></g></l></v></tfr></token><token text="метафорах" id="686770"><tfr rev_id="1518634" t="метафорах"><v><l id="159114" t="метафора"><g v="NOUN"></g><g v="inan"></g><g v="femn"></g><g v="plur"></g><g v="loct"></g></l></v></tfr></token><token text="у" id="686771"><tfr rev_id="3301648" t="у"><v><l id="352818" t="у"><g v="PREP"></g></l></v></tfr></token><token text="греков" id="686772"><tfr rev_id="4459907" t="греков"><v><l id="75018" t="грек"><g v="NOUN"></g><g v="anim"></g><g v="masc"></g><g v="plur"></g><g v="gent"></g></l></v></tfr></token><token text="и" id="686773"><tfr rev_id="3533635" t="и"><v><l id="116949" t="и"><g v="CONJ"></g></l></v></tfr></token><token text="римлян" id="686774"><tfr rev_id="4260268" t="римлян"><v><l id="307703" t="римлянин"><g v="NOUN"></g><g v="anim"></g><g v="masc"></g><g v="plur"></g><g v="gent"></g></l></v></tfr></token><token text="впереди" id="686775"><tfr rev_id="4421924" t="впереди"><v><l id="52356" t="впереди"><g v="ADVB"></g></l></v></tfr></token><token text="находилось" id="686776"><tfr rev_id="1518640" t="находилось"><v><l id="177898" t="нахожусь"><g v="VERB"></g><g v="impf"></g><g v="intr"></g><g v="neut"></g><g v="sing"></g><g v="past"></g><g v="indc"></g></l></v><v><l id="177903" t="находился"><g v="VERB"></g><g v="perf"></g><g v="intr"></g><g v="neut"></g><g v="sing"></g><g v="past"></g><g v="indc"></g></l></v></tfr></token><token text="прошлое" id="686777"><tfr rev_id="4260115" t="прошлое"><v><l id="287714" t="прошлое"><g v="NOUN"></g><g v="inan"></g><g v="neut"></g><g v="sing"></g><g v="nomn"></g></l></v><v><l id="287714" t="прошлое"><g v="NOUN"></g><g v="inan"></g><g v="neut"></g><g v="sing"></g><g v="accs"></g></l></v></tfr></token><token text="," id="686778"><tfr rev_id="1518642" t=","><v><l id="0" t=","><g v="PNCT"></g></l></v></tfr></token><token text="а" id="686779"><tfr rev_id="3487650" t="а"><v><l id="51" t="а"><g v="CONJ"></g></l></v></tfr></token><token text="позади" id="686780"><tfr rev_id="4422410" t="позади"><v><l id="253359" t="позади"><g v="ADVB"></g></l></v></tfr></token><token text="—" id="686781"><tfr rev_id="2446749" t="—"><v><l id="0" t="—"><g v="PNCT"></g></l></v></tfr></token><token text="будущее" id="686782"><tfr rev_id="4283042" t="будущее"><v><l id="35163" t="будущее"><g v="NOUN"></g><g v="inan"></g><g v="neut"></g><g v="sing"></g><g v="nomn"></g></l></v><v><l id="35163" t="будущее"><g v="NOUN"></g><g v="inan"></g><g v="neut"></g><g v="sing"></g><g v="accs"></g></l></v></tfr></token><token text="." id="686783"><tfr rev_id="1518647" t="."><v><l id="0" t="."><g v="PNCT"></g></l></v></tfr></token></tokens></sentence><sentence id="38518"><source>Это правда — но не вся правда.</source><tokens><token text="Это" id="686784"><tfr rev_id="4441829" t="Это"><v><l id="386574" t="это"><g v="PRCL"></g></l></v><v><l id="386575" t="это"><g v="NPRO"></g><g v="neut"></g><g v="sing"></g><g v="nomn"></g></l></v><v><l id="386575" t="это"><g v="NPRO"></g><g v="neut"></g><g v="sing"></g><g v="accs"></g></l></v><v><l id="386581" t="этот"><g v="ADJF"></g><g v="Subx"></g><g v="Apro"></g><g v="Anph"></g><g v="neut"></g><g v="sing"></g><g v="nomn"></g></l></v><v><l id="386581" t="этот"><g v="ADJF"></g><g v="Subx"></g><g v="Apro"></g><g v="Anph"></g><g v="neut"></g><g v="sing"></g><g v="accs"></g></l></v></tfr></token><token text="правда" id="686785"><tfr rev_id="2625161" t="правда"><v><l id="265572" t="правда"><g v="NOUN"></g><g v="inan"></g><g v="femn"></g><g v="sing"></g><g v="nomn"></g></l></v><v><l id="265574" t="правда"><g v="PRCL"></g></l></v><v><l id="265575" t="правда"><g v="CONJ"></g><g v="Prnt"></g></l></v></tfr></token><token text="—" id="686786"><tfr rev_id="2446750" t="—"><v><l id="0" t="—"><g v="PNCT"></g></l></v></tfr></token><token text="но" id="686787"><tfr rev_id="3542319" t="но"><v><l id="191429" t="но"><g v="CONJ"></g></l></v></tfr></token><token text="не" id="686788"><tfr rev_id="1518652" t="не"><v><l id="178876" t="не"><g v="PRCL"></g></l></v></tfr></token><token text="вся" id="686789"><tfr rev_id="4130857" t="вся"><v><l id="42156" t="весь"><g v="ADJF"></g><g v="Subx"></g><g v="Apro"></g><g v="femn"></g><g v="sing"></g><g v="nomn"></g></l></v></tfr></token><token text="правда" id="686790"><tfr rev_id="2625162" t="правда"><v><l id="265572" t="правда"><g v="NOUN"></g><g v="inan"></g><g v="femn"></g><g v="sing"></g><g v="nomn"></g></l></v><v><l id="265574" t="правда"><g v="PRCL"></g></l></v><v><l id="265575" t="правда"><g v="CONJ"></g><g v="Prnt"></g></l></v></tfr></token><token text="." id="686791"><tfr rev_id="1518655" t="."><v><l id="0" t="."><g v="PNCT"></g></l></v></tfr></token></tokens></sentence></paragraph><paragraph id="12344"><sentence id="38519"><source>Подкрепления этой мысли аргументами серьезнее семантических мне не встречалось (если таковые есть, мне бы очень хотелось о них узнать).</source><tokens><token text="Подкрепления" id="686792"><tfr rev_id="3507480" t="Подкрепления"><v><l id="246763" t="подкрепление"><g v="NOUN"></g><g v="inan"></g><g v="neut"></g><g v="sing"></g><g v="gent"></g></l></v></tfr></token><token text="этой" id="686793"><tfr rev_id="4495177" t="этой"><v><l id="386581" t="этот"><g v="ADJF"></g><g v="Subx"></g><g v="Apro"></g><g v="Anph"></g><g v="femn"></g><g v="sing"></g><g v="datv"></g></l></v></tfr></token><token text="мысли" id="686794"><tfr rev_id="4344295" t="мысли"><v><l id="165873" t="мысль"><g v="NOUN"></g><g v="inan"></g><g v="femn"></g><g v="sing"></g><g v="gent"></g></l></v></tfr></token><token text="аргументами" id="686795"><tfr rev_id="1518659" t="аргументами"><v><l id="15995" t="аргумент"><g v="NOUN"></g><g v="inan"></g><g v="masc"></g><g v="plur"></g><g v="ablt"></g></l></v></tfr></token><token text="серьезнее" id="686796"><tfr rev_id="1518660" t="серьезнее"><v><l id="319561" t="серьёзнее"><g v="COMP"></g><g v="Qual"></g></l></v></tfr></token><token text="семантических" id="686797"><tfr rev_id="3709308" t="семантических"><v><l id="318469" t="семантический"><g v="ADJF"></g><g v="plur"></g><g v="gent"></g></l></v></tfr></token><token text="мне" id="686798"><tfr rev_id="4236729" t="мне"><v><l id="387317" t="я"><g v="NPRO"></g><g v="1per"></g><g v="sing"></g><g v="datv"></g></l></v></tfr></token><token text="не" id="686799"><tfr rev_id="1518663" t="не"><v><l id="178876" t="не"><g v="PRCL"></g></l></v></tfr></token><token text="встречалось" id="686800"><tfr rev_id="1518664" t="встречалось"><v><l id="54539" t="встречаюсь"><g v="VERB"></g><g v="impf"></g><g v="intr"></g><g v="neut"></g><g v="sing"></g><g v="past"></g><g v="indc"></g></l></v></tfr></token><token text="(" id="686801"><tfr rev_id="1518665" t="("><v><l id="0" t="("><g v="PNCT"></g></l></v></tfr></token><token text="если" id="686802"><tfr rev_id="1518666" t="если"><v><l id="95365" t="если"><g v="CONJ"></g></l></v></tfr></token><token text="таковые" id="686803"><tfr rev_id="4074870" t="таковые"><v><l id="342486" t="таковой"><g v="ADJF"></g><g v="Apro"></g><g v="plur"></g><g v="nomn"></g></l></v></tfr></token><token text="есть" id="686804"><tfr rev_id="4385112" t="есть"><v><l id="37265" t="есть"><g v="VERB"></g><g v="impf"></g><g v="intr"></g><g v="sing"></g><g v="3per"></g><g v="pres"></g><g v="indc"></g></l></v><v><l id="37265" t="есть"><g v="VERB"></g><g v="impf"></g><g v="intr"></g><g v="plur"></g><g v="3per"></g><g v="pres"></g><g v="indc"></g></l></v></tfr></token><token text="," id="686805"><tfr rev_id="1518669" t=","><v><l id="0" t=","><g v="PNCT"></g></l></v></tfr></token><token text="мне" id="686806"><tfr rev_id="4202334" t="мне"><v><l id="387317" t="я"><g v="NPRO"></g><g v="1per"></g><g v="sing"></g><g v="datv"></g></l></v></tfr></token><token text="бы" id="686807"><tfr rev_id="1518671" t="бы"><v><l id="36985" t="бы"><g v="PRCL"></g></l></v></tfr></token><token text="очень" id="686808"><tfr rev_id="1518672" t="очень"><v><l id="221681" t="очень"><g v="ADVB"></g></l></v></tfr></token><token text="хотелось" id="686809"><tfr rev_id="1518673" t="хотелось"><v><l id="371718" t="хотелось"><g v="VERB"></g><g v="impf"></g><g v="intr"></g><g v="Impe"></g><g v="neut"></g><g v="sing"></g><g v="past"></g><g v="indc"></g></l></v></tfr></token><token text="о" id="686810"><tfr rev_id="3226621" t="о"><v><l id="192977" t="о"><g v="PREP"></g></l></v></tfr></token><token text="них" id="686811"><tfr rev_id="3603719" t="них"><v><l id="206619" t="они"><g v="NPRO"></g><g v="3per"></g><g v="Anph"></g><g v="plur"></g><g v="loct"></g><g v="Af-p"></g></l></v></tfr></token><token text="узнать" id="686812"><tfr rev_id="1518676" t="узнать"><v><l id="355807" t="узнать"><g v="INFN"></g><g v="perf"></g><g v="tran"></g></l></v></tfr></token><token text=")" id="686813"><tfr rev_id="1518677" t=")"><v><l id="0" t=")"><g v="PNCT"></g></l></v></tfr></token><token text="." id="686814"><tfr rev_id="1518678" t="."><v><l id="0" t="."><g v="PNCT"></g></l></v></tfr></token></tokens></sentence><sentence id="38520"><source>Действительно, на примере латинских слов, обозначающих отношения следования, хорошо видно такое совпадение.</source><tokens><token text="Действительно" id="686815"><tfr rev_id="4508988" t="Действительно"><v><l id="80092" t="действительно"><g v="ADVB"></g></l></v><v><l id="80093" t="действительно"><g v="CONJ"></g><g v="Prnt"></g></l></v><v><l id="80099" t="действителен"><g v="ADJS"></g><g v="Qual"></g><g v="neut"></g><g v="sing"></g></l></v></tfr></token><token text="," id="686816"><tfr rev_id="1518680" t=","><v><l id="0" t=","><g v="PNCT"></g></l></v></tfr></token><token text="на" id="686817"><tfr rev_id="3335195" t="на"><v><l id="166264" t="на"><g v="PREP"></g></l></v></tfr></token><token text="примере" id="686818"><tfr rev_id="1518682" t="примере"><v><l id="271975" t="пример"><g v="NOUN"></g><g v="inan"></g><g v="masc"></g><g v="sing"></g><g v="loct"></g></l></v></tfr></token><token text="латинских" id="686819"><tfr rev_id="4099862" t="латинских"><v><l id="147116" t="латинский"><g v="ADJF"></g><g v="plur"></g><g v="gent"></g></l></v></tfr></token><token text="слов" id="686820"><tfr rev_id="1518684" t="слов"><v><l id="325168" t="слово"><g v="NOUN"></g><g v="inan"></g><g v="neut"></g><g v="plur"></g><g v="gent"></g></l></v></tfr></token><token text="," id="686821"><tfr rev_id="1518685" t=","><v><l id="0" t=","><g v="PNCT"></g></l></v></tfr></token><token text="обозначающих" id="686822"><tfr rev_id="3944133" t="обозначающих"><v><l id="198251" t="обозначающий"><g v="PRTF"></g><g v="impf"></g><g v="tran"></g><g v="pres"></g><g v="actv"></g><g v="plur"></g><g v="gent"></g></l></v></tfr></token><token text="отношения" id="686823"><tfr rev_id="3796001" t="отношения"><v><l id="215944" t="отношение"><g v="NOUN"></g><g v="inan"></g><g v="neut"></g><g v="plur"></g><g v="accs"></g></l></v></tfr></token><token text="следования" id="686824"><tfr rev_id="3451403" t="следования"><v><l id="324738" t="следование"><g v="NOUN"></g><g v="inan"></g><g v="neut"></g><g v="sing"></g><g v="gent"></g></l></v></tfr></token><token text="," id="686825"><tfr rev_id="1518689" t=","><v><l id="0" t=","><g v="PNCT"></g></l></v></tfr></token><token text="хорошо" id="686826"><tfr rev_id="1518690" t="хорошо"><v><l id="371669" t="хорош"><g v="ADJS"></g><g v="Qual"></g><g v="neut"></g><g v="sing"></g></l></v><v><l id="371678" t="хорошо"><g v="ADVB"></g><g v="Prdx"></g></l></v><v><l id="371679" t="хорошо"><g v="PRCL"></g></l></v><v><l id="371680" t="хорошо"><g v="PRED"></g><g v="pres"></g></l></v></tfr></token><token text="видно" id="686827"><tfr rev_id="1518691" t="видно"><v><l id="44600" t="видно"><g v="CONJ"></g><g v="Prnt"></g></l></v><v><l id="44601" t="видно"><g v="PRED"></g><g v="pres"></g></l></v><v><l id="44611" t="виден"><g v="ADJS"></g><g v="Qual"></g><g v="neut"></g><g v="sing"></g></l></v></tfr></token><token text="такое" id="686828"><tfr rev_id="1518692" t="такое"><v><l id="342491" t="такой"><g v="ADJF"></g><g v="Apro"></g><g v="neut"></g><g v="sing"></g><g v="nomn"></g></l></v><v><l id="342491" t="такой"><g v="ADJF"></g><g v="Apro"></g><g v="neut"></g><g v="sing"></g><g v="accs"></g></l></v></tfr></token><token text="совпадение" id="686829"><tfr rev_id="1518693" t="совпадение"><v><l id="328173" t="совпадение"><g v="NOUN"></g><g v="inan"></g><g v="neut"></g><g v="sing"></g><g v="nomn"></g></l></v><v><l id="328173" t="совпадение"><g v="NOUN"></g><g v="inan"></g><g v="neut"></g><g v="sing"></g><g v="accs"></g></l></v></tfr></token><token text="." id="686830"><tfr rev_id="1518694" t="."><v><l id="0" t="."><g v="PNCT"></g></l></v></tfr></token></tokens></sentence><sentence id="38521"><source>Прилагательное prior означает ведущий, находящийся впереди, но также и бывший ранее, прошлый.</source><tokens><token text="Прилагательное" id="686831"><tfr rev_id="4094070" t="Прилагательное"><v><l id="271452" t="прилагательное"><g v="NOUN"></g><g v="inan"></g><g v="neut"></g><g v="sing"></g><g v="nomn"></g></l></v></tfr></token><token text="prior" id="686832"><tfr rev_id="2475395" t="prior"><v><l id="0" t="prior"><g v="LATN"></g></l></v></tfr></token><token text="означает" id="686833"><tfr rev_id="1518697" t="означает"><v><l id="204299" t="означаю"><g v="VERB"></g><g v="impf"></g><g v="tran"></g><g v="sing"></g><g v="3per"></g><g v="pres"></g><g v="indc"></g></l></v></tfr></token><token text="ведущий" id="686834"><tfr rev_id="1518698" t="ведущий"><v><l id="40370" t="ведущий"><g v="ADJF"></g><g v="Subx"></g><g v="masc"></g><g v="sing"></g><g v="nomn"></g></l></v><v><l id="40370" t="ведущий"><g v="ADJF"></g><g v="Subx"></g><g v="inan"></g><g v="masc"></g><g v="sing"></g><g v="accs"></g></l></v><v><l id="42112" t="ведущий"><g v="PRTF"></g><g v="Subx"></g><g v="impf"></g><g v="tran"></g><g v="pres"></g><g v="actv"></g><g v="masc"></g><g v="sing"></g><g v="nomn"></g></l></v><v><l id="42112" t="ведущий"><g v="PRTF"></g><g v="Subx"></g><g v="impf"></g><g v="tran"></g><g v="pres"></g><g v="actv"></g><g v="inan"></g><g v="masc"></g><g v="sing"></g><g v="accs"></g></l></v></tfr></token><token text="," id="686835"><tfr rev_id="1518699" t=","><v><l id="0" t=","><g v="PNCT"></g></l></v></tfr></token><token text="находящийся" id="686836"><tfr rev_id="1518700" t="находящийся"><v><l id="177900" t="находящийся"><g v="PRTF"></g><g v="impf"></g><g v="intr"></g><g v="pres"></g><g v="actv"></g><g v="masc"></g><g v="sing"></g><g v="nomn"></g></l></v><v><l id="177900" t="находящийся"><g v="PRTF"></g><g v="impf"></g><g v="intr"></g><g v="pres"></g><g v="actv"></g><g v="inan"></g><g v="masc"></g><g v="sing"></g><g v="accs"></g></l></v></tfr></token><token text="впереди" id="686837"><tfr rev_id="4420936" t="впереди"><v><l id="52356" t="впереди"><g v="ADVB"></g></l></v></tfr></token><token text="," id="686838"><tfr rev_id="1518702" t=","><v><l id="0" t=","><g v="PNCT"></g></l></v></tfr></token><token text="но" id="686839"><tfr rev_id="1518703" t="но"><v><l id="191429" t="но"><g v="CONJ"></g></l></v><v><l id="191430" t="но"><g v="INTJ"></g></l></v></tfr></token><token text="также" id="686840"><tfr rev_id="4267834" t="также"><v><l id="342482" t="также"><g v="PRCL"></g></l></v></tfr></token><token text="и" id="686841"><tfr rev_id="3675224" t="и"><v><l id="116949" t="и"><g v="CONJ"></g></l></v></tfr></token><token text="бывший" id="686842"><tfr rev_id="1518706" t="бывший"><v><l id="37002" t="бывший"><g v="ADJF"></g><g v="masc"></g><g v="sing"></g><g v="nomn"></g></l></v><v><l id="37002" t="бывший"><g v="ADJF"></g><g v="inan"></g><g v="masc"></g><g v="sing"></g><g v="accs"></g></l></v><v><l id="37267" t="бывший"><g v="PRTF"></g><g v="impf"></g><g v="intr"></g><g v="past"></g><g v="actv"></g><g v="masc"></g><g v="sing"></g><g v="nomn"></g></l></v><v><l id="37267" t="бывший"><g v="PRTF"></g><g v="impf"></g><g v="intr"></g><g v="past"></g><g v="actv"></g><g v="inan"></g><g v="masc"></g><g v="sing"></g><g v="accs"></g></l></v></tfr></token><token text="ранее" id="686843"><tfr rev_id="1518707" t="ранее"><v><l id="297884" t="ранее"><g v="ADVB"></g></l></v></tfr></token><token text="," id="686844"><tfr rev_id="1518708" t=","><v><l id="0" t=","><g v="PNCT"></g></l></v></tfr></token><token text="прошлый" id="686845"><tfr rev_id="1518709" t="прошлый"><v><l id="287715" t="прошлый"><g v="ADJF"></g><g v="masc"></g><g v="sing"></g><g v="nomn"></g></l></v><v><l id="287715" t="прошлый"><g v="ADJF"></g><g v="inan"></g><g v="masc"></g><g v="sing"></g><g v="accs"></g></l></v></tfr></token><token text="." id="686846"><tfr rev_id="1518710" t="."><v><l id="0" t="."><g v="PNCT"></g></l></v></tfr></token></tokens></sentence><sentence id="38522"><source>Существительное prior означает уже только предок.</source><tokens><token text="Существительное" id="686847"><tfr rev_id="4209775" t="Существительное"><v><l id="340479" t="существительное"><g v="NOUN"></g><g v="inan"></g><g v="neut"></g><g v="sing"></g><g v="nomn"></g></l></v></tfr></token><token text="prior" id="686848"><tfr rev_id="2475396" t="prior"><v><l id="0" t="prior"><g v="LATN"></g></l></v></tfr></token><token text="означает" id="686849"><tfr rev_id="1518713" t="означает"><v><l id="204299" t="означаю"><g v="VERB"></g><g v="impf"></g><g v="tran"></g><g v="sing"></g><g v="3per"></g><g v="pres"></g><g v="indc"></g></l></v></tfr></token><token text="уже" id="686850"><tfr rev_id="2692884" t="уже"><v><l id="355422" t="уж"><g v="NOUN"></g><g v="anim"></g><g v="masc"></g><g v="sing"></g><g v="loct"></g></l></v><v><l id="355498" t="уже"><g v="ADVB"></g></l></v><v><l id="355674" t="уже"><g v="COMP"></g><g v="Qual"></g></l></v><v><l id="388673" t="уже"><g v="PRCL"></g></l></v></tfr></token><token text="только" id="686851"><tfr rev_id="3784196" t="только"><v><l id="347395" t="только"><g v="CONJ"></g></l></v><v><l id="347396" t="только"><g v="PRCL"></g></l></v><v><l id="390053" t="только"><g v="ADVB"></g></l></v></tfr></token><token text="предок" id="686852"><tfr rev_id="1518716" t="предок"><v><l id="266630" t="предок"><g v="NOUN"></g><g v="anim"></g><g v="masc"></g><g v="sing"></g><g v="nomn"></g></l></v></tfr></token><token text="." id="686853"><tfr rev_id="1518717" t="."><v><l id="0" t="."><g v="PNCT"></g></l></v></tfr></token></tokens></sentence><sentence id="38523"><source>Точно так же, posterus означает не только следующий позади, но и, в субстантивном значении, будущие поколения.</source><tokens><token text="Точно" id="686854"><tfr rev_id="4509229" t="Точно"><v><l id="348514" t="точно"><g v="ADVB"></g></l></v><v><l id="348515" t="точно"><g v="CONJ"></g></l></v><v><l id="348521" t="точен"><g v="ADJS"></g><g v="Qual"></g><g v="neut"></g><g v="sing"></g></l></v></tfr></token><token text="так" id="686855"><tfr rev_id="1518719" t="так"><v><l id="342451" t="так"><g v="CONJ"></g></l></v><v><l id="342452" t="так"><g v="PRCL"></g></l></v><v><l id="342453" t="так"><g v="ADVB"></g><g v="Dmns"></g></l></v></tfr></token><token text="же" id="686856"><tfr rev_id="1518720" t="же"><v><l id="96208" t="же"><g v="CONJ"></g></l></v><v><l id="96209" t="же"><g v="PRCL"></g></l></v></tfr></token><token text="," id="686857"><tfr rev_id="1518721" t=","><v><l id="0" t=","><g v="PNCT"></g></l></v></tfr></token><token text="posterus" id="686858"><tfr rev_id="2475397" t="posterus"><v><l id="0" t="posterus"><g v="LATN"></g></l></v></tfr></token><token text="означает" id="686859"><tfr rev_id="1518723" t="означает"><v><l id="204299" t="означаю"><g v="VERB"></g><g v="impf"></g><g v="tran"></g><g v="sing"></g><g v="3per"></g><g v="pres"></g><g v="indc"></g></l></v></tfr></token><token text="не" id="686860"><tfr rev_id="1518724" t="не"><v><l id="178876" t="не"><g v="PRCL"></g></l></v></tfr></token><token text="только" id="686861"><tfr rev_id="3784197" t="только"><v><l id="347395" t="только"><g v="CONJ"></g></l></v><v><l id="347396" t="только"><g v="PRCL"></g></l></v><v><l id="390053" t="только"><g v="ADVB"></g></l></v></tfr></token><token text="следующий" id="686862"><tfr rev_id="1518726" t="следующий"><v><l id="324749" t="следующий"><g v="PRTF"></g><g v="impf"></g><g v="intr"></g><g v="pres"></g><g v="actv"></g><g v="masc"></g><g v="sing"></g><g v="nomn"></g></l></v><v><l id="324749" t="следующий"><g v="PRTF"></g><g v="impf"></g><g v="intr"></g><g v="pres"></g><g v="actv"></g><g v="inan"></g><g v="masc"></g><g v="sing"></g><g v="accs"></g></l></v><v><l id="324769" t="следующий"><g v="ADJF"></g><g v="masc"></g><g v="sing"></g><g v="nomn"></g></l></v><v><l id="324769" t="следующий"><g v="ADJF"></g><g v="inan"></g><g v="masc"></g><g v="sing"></g><g v="accs"></g></l></v></tfr></token><token text="позади" id="686863"><tfr rev_id="4231603" t="позади"><v><l id="253359" t="позади"><g v="ADVB"></g></l></v></tfr></token><token text="," id="686864"><tfr rev_id="1518728" t=","><v><l id="0" t=","><g v="PNCT"></g></l></v></tfr></token><token text="но" id="686865"><tfr rev_id="1518729" t="но"><v><l id="191429" t="но"><g v="CONJ"></g></l></v><v><l id="191430" t="но"><g v="INTJ"></g></l></v></tfr></token><token text="и" id="686866"><tfr rev_id="1518730" t="и"><v><l id="116949" t="и"><g v="CONJ"></g></l></v><v><l id="116950" t="и"><g v="INTJ"></g></l></v></tfr></token><token text="," id="686867"><tfr rev_id="1518731" t=","><v><l id="0" t=","><g v="PNCT"></g></l></v></tfr></token><token text="в" id="686868"><tfr rev_id="1518732" t="в"><v><l id="37409" t="в"><g v="PREP"></g></l></v></tfr></token><token text="субстантивном" id="686869"><tfr rev_id="3449311" t="субстантивном"><v><l id="338729" t="субстантивный"><g v="ADJF"></g><g v="neut"></g><g v="sing"></g><g v="loct"></g></l></v></tfr></token><token text="значении" id="686870"><tfr rev_id="1518734" t="значении"><v><l id="116016" t="значение"><g v="NOUN"></g><g v="inan"></g><g v="neut"></g><g v="sing"></g><g v="loct"></g></l></v></tfr></token><token text="," id="686871"><tfr rev_id="1518735" t=","><v><l id="0" t=","><g v="PNCT"></g></l></v></tfr></token><token text="будущие" id="686872"><tfr rev_id="4260116" t="будущие"><v><l id="35164" t="будущий"><g v="ADJF"></g><g v="plur"></g><g v="nomn"></g></l></v><v><l id="35164" t="будущий"><g v="ADJF"></g><g v="inan"></g><g v="plur"></g><g v="accs"></g></l></v></tfr></token><token text="поколения" id="686873"><tfr rev_id="3799998" t="поколения"><v><l id="254517" t="поколение"><g v="NOUN"></g><g v="inan"></g><g v="neut"></g><g v="plur"></g><g v="accs"></g></l></v></tfr></token><token text="." id="686874"><tfr rev_id="1518738" t="."><v><l id="0" t="."><g v="PNCT"></g></l></v></tfr></token></tokens></sentence></paragraph><paragraph id="12345"><sentence id="38524"><source>Однако, явление это обнаруживается, в том числе, и в русском языке.</source><tokens><token text="Однако" id="686875"><tfr rev_id="2624605" t="Однако"><v><l id="203386" t="однако"><g v="INTJ"></g></l></v><v><l id="203387" t="однако"><g v="CONJ"></g><g v="Prnt"></g></l></v></tfr></token><token text="," id="686876"><tfr rev_id="1518740" t=","><v><l id="0" t=","><g v="PNCT"></g></l></v></tfr></token><token text="явление" id="686877"><tfr rev_id="3706310" t="явление"><v><l id="387370" t="явление"><g v="NOUN"></g><g v="inan"></g><g v="neut"></g><g v="sing"></g><g v="nomn"></g></l></v></tfr></token><token text="это" id="686878"><tfr rev_id="4441830" t="это"><v><l id="386574" t="это"><g v="PRCL"></g></l></v><v><l id="386575" t="это"><g v="NPRO"></g><g v="neut"></g><g v="sing"></g><g v="nomn"></g></l></v><v><l id="386575" t="это"><g v="NPRO"></g><g v="neut"></g><g v="sing"></g><g v="accs"></g></l></v><v><l id="386581" t="этот"><g v="ADJF"></g><g v="Subx"></g><g v="Apro"></g><g v="Anph"></g><g v="neut"></g><g v="sing"></g><g v="nomn"></g></l></v><v><l id="386581" t="этот"><g v="ADJF"></g><g v="Subx"></g><g v="Apro"></g><g v="Anph"></g><g v="neut"></g><g v="sing"></g><g v="accs"></g></l></v></tfr></token><token text="обнаруживается" id="686879"><tfr rev_id="1518743" t="обнаруживается"><v><l id="197772" t="обнаруживаюсь"><g v="VERB"></g><g v="impf"></g><g v="intr"></g><g v="sing"></g><g v="3per"></g><g v="pres"></g><g v="indc"></g></l></v></tfr></token><token text="," id="686880"><tfr rev_id="1518744" t=","><v><l id="0" t=","><g v="PNCT"></g></l></v></tfr></token><token text="в" id="686881"><tfr rev_id="1518745" t="в"><v><l id="37409" t="в"><g v="PREP"></g></l></v></tfr></token><token text="том" id="686882"><tfr rev_id="4412155" t="том"><v><l id="348430" t="тот"><g v="ADJF"></g><g v="Subx"></g><g v="Apro"></g><g v="Anph"></g><g v="neut"></g><g v="sing"></g><g v="loct"></g></l></v></tfr></token><token text="числе" id="686883"><tfr rev_id="1518747" t="числе"><v><l id="376585" t="число"><g v="NOUN"></g><g v="inan"></g><g v="neut"></g><g v="sing"></g><g v="loct"></g></l></v></tfr></token><token text="," id="686884"><tfr rev_id="1518748" t=","><v><l id="0" t=","><g v="PNCT"></g></l></v></tfr></token><token text="и" id="686885"><tfr rev_id="4199986" t="и"><v><l id="116949" t="и"><g v="CONJ"></g></l></v></tfr></token><token text="в" id="686886"><tfr rev_id="1518750" t="в"><v><l id="37409" t="в"><g v="PREP"></g></l></v></tfr></token><token text="русском" id="686887"><tfr rev_id="3449027" t="русском"><v><l id="310321" t="русский"><g v="ADJF"></g><g v="Subx"></g><g v="masc"></g><g v="sing"></g><g v="loct"></g></l></v></tfr></token><token text="языке" id="686888"><tfr rev_id="3492803" t="языке"><v><l id="387573" t="язык"><g v="NOUN"></g><g v="inan"></g><g v="masc"></g><g v="sing"></g><g v="loc1"></g></l></v></tfr></token><token text="." id="686889"><tfr rev_id="1518753" t="."><v><l id="0" t="."><g v="PNCT"></g></l></v></tfr></token></tokens></sentence><sentence id="38525"><source>Рассматривая его, тоже можно было бы подумать, что мы стоим к будущему задом, к прошлому передом.</source><tokens><token text="Рассматривая" id="686890"><tfr rev_id="1518754" t="Рассматривая"><v><l id="301130" t="рассматривая"><g v="GRND"></g><g v="impf"></g><g v="tran"></g><g v="pres"></g></l></v></tfr></token><token text="его" id="686891"><tfr rev_id="4527860" t="его"><v><l id="206541" t="он"><g v="NPRO"></g><g v="masc"></g><g v="3per"></g><g v="Anph"></g><g v="sing"></g><g v="gent"></g></l></v><v><l id="206541" t="он"><g v="NPRO"></g><g v="masc"></g><g v="3per"></g><g v="Anph"></g><g v="sing"></g><g v="accs"></g></l></v><v><l id="206649" t="оно"><g v="NPRO"></g><g v="neut"></g><g v="3per"></g><g v="Anph"></g><g v="sing"></g><g v="gent"></g></l></v><v><l id="206649" t="оно"><g v="NPRO"></g><g v="neut"></g><g v="3per"></g><g v="Anph"></g><g v="sing"></g><g v="accs"></g></l></v></tfr></token><token text="," id="686892"><tfr rev_id="1518756" t=","><v><l id="0" t=","><g v="PNCT"></g></l></v></tfr></token><token text="тоже" id="686893"><tfr rev_id="4271163" t="тоже"><v><l id="346946" t="тоже"><g v="PRCL"></g></l></v></tfr></token><token text="можно" id="686894"><tfr rev_id="1518758" t="можно"><v><l id="162467" t="можно"><g v="PRED"></g><g v="pres"></g></l></v></tfr></token><token text="было" id="686895"><tfr rev_id="3124942" t="было"><v><l id="37265" t="есть"><g v="VERB"></g><g v="impf"></g><g v="intr"></g><g v="neut"></g><g v="sing"></g><g v="past"></g><g v="indc"></g></l></v></tfr></token><token text="бы" id="686896"><tfr rev_id="1518760" t="бы"><v><l id="36985" t="бы"><g v="PRCL"></g></l></v></tfr></token><token text="подумать" id="686897"><tfr rev_id="1518761" t="подумать"><v><l id="251927" t="подумать"><g v="INFN"></g><g v="perf"></g><g v="intr"></g></l></v></tfr></token><token text="," id="686898"><tfr rev_id="1518762" t=","><v><l id="0" t=","><g v="PNCT"></g></l></v></tfr></token><token text="что" id="686899"><tfr rev_id="3197662" t="что"><v><l id="377004" t="что"><g v="CONJ"></g></l></v><v><l id="377005" t="что"><g v="NPRO"></g><g v="neut"></g><g v="sing"></g><g v="nomn"></g></l></v><v><l id="377005" t="что"><g v="NPRO"></g><g v="neut"></g><g v="sing"></g><g v="accs"></g></l></v><v><l id="377006" t="что"><g v="ADVB"></g><g v="Ques"></g></l></v><v><l id="388695" t="что"><g v="PRCL"></g></l></v></tfr></token><token text="мы" id="686900"><tfr rev_id="1518764" t="мы"><v><l id="165750" t="мы"><g v="NPRO"></g><g v="1per"></g><g v="plur"></g><g v="nomn"></g></l></v></tfr></token><token text="стоим" id="686901"><tfr rev_id="1518765" t="стоим"><v><l id="336464" t="стою"><g v="VERB"></g><g v="impf"></g><g v="tran"></g><g v="plur"></g><g v="1per"></g><g v="pres"></g><g v="indc"></g></l></v><v><l id="336980" t="стою"><g v="VERB"></g><g v="impf"></g><g v="intr"></g><g v="plur"></g><g v="1per"></g><g v="pres"></g><g v="indc"></g></l></v></tfr></token><token text="к" id="686902"><tfr rev_id="1518766" t="к"><v><l id="127460" t="к"><g v="PREP"></g></l></v></tfr></token><token text="будущему" id="686903"><tfr rev_id="3411995" t="будущему"><v><l id="35163" t="будущее"><g v="NOUN"></g><g v="inan"></g><g v="neut"></g><g v="sing"></g><g v="datv"></g></l></v></tfr></token><token text="задом" id="686904"><tfr rev_id="4277300" t="задом"><v><l id="101683" t="задом"><g v="ADVB"></g></l></v></tfr></token><token text="," id="686905"><tfr rev_id="1518769" t=","><v><l id="0" t=","><g v="PNCT"></g></l></v></tfr></token><token text="к" id="686906"><tfr rev_id="1518770" t="к"><v><l id="127460" t="к"><g v="PREP"></g></l></v></tfr></token><token text="прошлому" id="686907"><tfr rev_id="4260117" t="прошлому"><v><l id="287714" t="прошлое"><g v="NOUN"></g><g v="inan"></g><g v="neut"></g><g v="sing"></g><g v="datv"></g></l></v></tfr></token><token text="передом" id="686908"><tfr rev_id="4263778" t="передом"><v><l id="228417" t="передом"><g v="ADVB"></g></l></v></tfr></token><token text="." id="686909"><tfr rev_id="1518773" t="."><v><l id="0" t="."><g v="PNCT"></g></l></v></tfr></token></tokens></sentence><sentence id="38526"><source>Слово предшествующий имеет оба значения латинского prior — и шествующий впереди, и бывший ранее, и — тоже в форме существительного — предшественник.</source><tokens><token text="Слово" id="686910"><tfr rev_id="1518774" t="Слово"><v><l id="325168" t="слово"><g v="NOUN"></g><g v="inan"></g><g v="neut"></g><g v="sing"></g><g v="nomn"></g></l></v><v><l id="325168" t="слово"><g v="NOUN"></g><g v="inan"></g><g v="neut"></g><g v="sing"></g><g v="accs"></g></l></v></tfr></token><token text="предшествующий" id="686911"><tfr rev_id="3684957" t="предшествующий"><v><l id="267357" t="предшествующий"><g v="PRTF"></g><g v="impf"></g><g v="intr"></g><g v="pres"></g><g v="actv"></g><g v="Adjx"></g><g v="masc"></g><g v="sing"></g><g v="nomn"></g></l></v><v><l id="267357" t="предшествующий"><g v="PRTF"></g><g v="impf"></g><g v="intr"></g><g v="pres"></g><g v="actv"></g><g v="Adjx"></g><g v="inan"></g><g v="masc"></g><g v="sing"></g><g v="accs"></g></l></v></tfr></token><token text="имеет" id="686912"><tfr rev_id="1518776" t="имеет"><v><l id="121610" t="имею"><g v="VERB"></g><g v="impf"></g><g v="tran"></g><g v="sing"></g><g v="3per"></g><g v="pres"></g><g v="indc"></g></l></v></tfr></token><token text="оба" id="686913"><tfr rev_id="1518777" t="оба"><v><l id="193002" t="оба"><g v="NUMR"></g><g v="masc"></g><g v="nomn"></g></l></v><v><l id="193002" t="оба"><g v="NUMR"></g><g v="inan"></g><g v="masc"></g><g v="accs"></g></l></v><v><l id="193002" t="оба"><g v="NUMR"></g><g v="neut"></g><g v="nomn"></g></l></v><v><l id="193002" t="оба"><g v="NUMR"></g><g v="inan"></g><g v="neut"></g><g v="accs"></g></l></v></tfr></token><token text="значения" id="686914"><tfr rev_id="2908790" t="значения"><v><l id="116016" t="значение"><g v="NOUN"></g><g v="inan"></g><g v="neut"></g><g v="sing"></g><g v="gent"></g></l></v></tfr></token><token text="латинского" id="686915"><tfr rev_id="4165332" t="латинского"><v><l id="147116" t="латинский"><g v="ADJF"></g><g v="neut"></g><g v="sing"></g><g v="gent"></g></l></v></tfr></token><token text="prior" id="686916"><tfr rev_id="2475398" t="prior"><v><l id="0" t="prior"><g v="LATN"></g></l></v></tfr></token><token text="—" id="686917"><tfr rev_id="2446751" t="—"><v><l id="0" t="—"><g v="PNCT"></g></l></v></tfr></token><token text="и" id="686918"><tfr rev_id="3690653" t="и"><v><l id="116949" t="и"><g v="CONJ"></g></l></v></tfr></token><token text="шествующий" id="686919"><tfr rev_id="1518783" t="шествующий"><v><l id="379362" t="шествующий"><g v="PRTF"></g><g v="impf"></g><g v="intr"></g><g v="pres"></g><g v="actv"></g><g v="masc"></g><g v="sing"></g><g v="nomn"></g></l></v><v><l id="379362" t="шествующий"><g v="PRTF"></g><g v="impf"></g><g v="intr"></g><g v="pres"></g><g v="actv"></g><g v="inan"></g><g v="masc"></g><g v="sing"></g><g v="accs"></g></l></v></tfr></token><token text="впереди" id="686920"><tfr rev_id="4231474" t="впереди"><v><l id="52356" t="впереди"><g v="ADVB"></g></l></v></tfr></token><token text="," id="686921"><tfr rev_id="1518785" t=","><v><l id="0" t=","><g v="PNCT"></g></l></v></tfr></token><token text="и" id="686922"><tfr rev_id="1518786" t="и"><v><l id="116949" t="и"><g v="CONJ"></g></l></v><v><l id="116950" t="и"><g v="INTJ"></g></l></v></tfr></token><token text="бывший" id="686923"><tfr rev_id="1518787" t="бывший"><v><l id="37002" t="бывший"><g v="ADJF"></g><g v="masc"></g><g v="sing"></g><g v="nomn"></g></l></v><v><l id="37002" t="бывший"><g v="ADJF"></g><g v="inan"></g><g v="masc"></g><g v="sing"></g><g v="accs"></g></l></v><v><l id="37267" t="бывший"><g v="PRTF"></g><g v="impf"></g><g v="intr"></g><g v="past"></g><g v="actv"></g><g v="masc"></g><g v="sing"></g><g v="nomn"></g></l></v><v><l id="37267" t="бывший"><g v="PRTF"></g><g v="impf"></g><g v="intr"></g><g v="past"></g><g v="actv"></g><g v="inan"></g><g v="masc"></g><g v="sing"></g><g v="accs"></g></l></v></tfr></token><token text="ранее" id="686924"><tfr rev_id="1518788" t="ранее"><v><l id="297884" t="ранее"><g v="ADVB"></g></l></v></tfr></token><token text="," id="686925"><tfr rev_id="1518789" t=","><v><l id="0" t=","><g v="PNCT"></g></l></v></tfr></token><token text="и" id="686926"><tfr rev_id="1518790" t="и"><v><l id="116949" t="и"><g v="CONJ"></g></l></v><v><l id="116950" t="и"><g v="INTJ"></g></l></v></tfr></token><token text="—" id="686927"><tfr rev_id="2446752" t="—"><v><l id="0" t="—"><g v="PNCT"></g></l></v></tfr></token><token text="тоже" id="686928"><tfr rev_id="4271164" t="тоже"><v><l id="346946" t="тоже"><g v="PRCL"></g></l></v></tfr></token><token text="в" id="686929"><tfr rev_id="1518793" t="в"><v><l id="37409" t="в"><g v="PREP"></g></l></v></tfr></token><token text="форме" id="686930"><tfr rev_id="3500359" t="форме"><v><l id="367077" t="форма"><g v="NOUN"></g><g v="inan"></g><g v="femn"></g><g v="sing"></g><g v="loct"></g></l></v></tfr></token><token text="существительного" id="686931"><tfr rev_id="1518795" t="существительного"><v><l id="340479" t="существительное"><g v="NOUN"></g><g v="inan"></g><g v="neut"></g><g v="sing"></g><g v="gent"></g></l></v></tfr></token><token text="—" id="686932"><tfr rev_id="2446753" t="—"><v><l id="0" t="—"><g v="PNCT"></g></l></v></tfr></token><token text="предшественник" id="686933"><tfr rev_id="1518797" t="предшественник"><v><l id="267351" t="предшественник"><g v="NOUN"></g><g v="anim"></g><g v="masc"></g><g v="sing"></g><g v="nomn"></g></l></v></tfr></token><token text="." id="686934"><tfr rev_id="1518798" t="."><v><l id="0" t="."><g v="PNCT"></g></l></v></tfr></token></tokens></sentence><sentence id="38527"><source>Точно так же, значение прилагательного последующий — и идущий по следам, и будущий, как, например, последующие поколения.</source><tokens><token text="Точно" id="686935"><tfr rev_id="4509230" t="Точно"><v><l id="348514" t="точно"><g v="ADVB"></g></l></v><v><l id="348515" t="точно"><g v="CONJ"></g></l></v><v><l id="348521" t="точен"><g v="ADJS"></g><g v="Qual"></g><g v="neut"></g><g v="sing"></g></l></v></tfr></token><token text="так" id="686936"><tfr rev_id="1518800" t="так"><v><l id="342451" t="так"><g v="CONJ"></g></l></v><v><l id="342452" t="так"><g v="PRCL"></g></l></v><v><l id="342453" t="так"><g v="ADVB"></g><g v="Dmns"></g></l></v></tfr></token><token text="же" id="686937"><tfr rev_id="1518801" t="же"><v><l id="96208" t="же"><g v="CONJ"></g></l></v><v><l id="96209" t="же"><g v="PRCL"></g></l></v></tfr></token><token text="," id="686938"><tfr rev_id="1518802" t=","><v><l id="0" t=","><g v="PNCT"></g></l></v></tfr></token><token text="значение" id="686939"><tfr rev_id="3300823" t="значение"><v><l id="116016" t="значение"><g v="NOUN"></g><g v="inan"></g><g v="neut"></g><g v="sing"></g><g v="nomn"></g></l></v></tfr></token><token text="прилагательного" id="686940"><tfr rev_id="1518804" t="прилагательного"><v><l id="271452" t="прилагательное"><g v="NOUN"></g><g v="inan"></g><g v="neut"></g><g v="sing"></g><g v="gent"></g></l></v></tfr></token><token text="последующий" id="686941"><tfr rev_id="1518805" t="последующий"><v><l id="261588" t="последующий"><g v="ADJF"></g><g v="masc"></g><g v="sing"></g><g v="nomn"></g></l></v><v><l id="261588" t="последующий"><g v="ADJF"></g><g v="inan"></g><g v="masc"></g><g v="sing"></g><g v="accs"></g></l></v></tfr></token><token text="—" id="686942"><tfr rev_id="2446754" t="—"><v><l id="0" t="—"><g v="PNCT"></g></l></v></tfr></token><token text="и" id="686943"><tfr rev_id="1518807" t="и"><v><l id="116949" t="и"><g v="CONJ"></g></l></v><v><l id="116950" t="и"><g v="INTJ"></g></l></v></tfr></token><token text="идущий" id="686944"><tfr rev_id="1518808" t="идущий"><v><l id="117568" t="идущий"><g v="PRTF"></g><g v="impf"></g><g v="intr"></g><g v="pres"></g><g v="actv"></g><g v="masc"></g><g v="sing"></g><g v="nomn"></g></l></v><v><l id="117568" t="идущий"><g v="PRTF"></g><g v="impf"></g><g v="intr"></g><g v="pres"></g><g v="actv"></g><g v="inan"></g><g v="masc"></g><g v="sing"></g><g v="accs"></g></l></v></tfr></token><token text="по" id="686945"><tfr rev_id="1518809" t="по"><v><l id="241240" t="по"><g v="PREP"></g></l></v></tfr></token><token text="следам" id="686946"><tfr rev_id="1518810" t="следам"><v><l id="324729" t="след"><g v="NOUN"></g><g v="inan"></g><g v="masc"></g><g v="plur"></g><g v="datv"></g></l></v></tfr></token><token text="," id="686947"><tfr rev_id="1518811" t=","><v><l id="0" t=","><g v="PNCT"></g></l></v></tfr></token><token text="и" id="686948"><tfr rev_id="1518812" t="и"><v><l id="116949" t="и"><g v="CONJ"></g></l></v><v><l id="116950" t="и"><g v="INTJ"></g></l></v></tfr></token><token text="будущий" id="686949"><tfr rev_id="1518813" t="будущий"><v><l id="35164" t="будущий"><g v="ADJF"></g><g v="masc"></g><g v="sing"></g><g v="nomn"></g></l></v><v><l id="35164" t="будущий"><g v="ADJF"></g><g v="inan"></g><g v="masc"></g><g v="sing"></g><g v="accs"></g></l></v></tfr></token><token text="," id="686950"><tfr rev_id="1518814" t=","><v><l id="0" t=","><g v="PNCT"></g></l></v></tfr></token><token text="как" id="686951"><tfr rev_id="1518815" t="как"><v><l id="128190" t="как"><g v="CONJ"></g></l></v><v><l id="128191" t="как"><g v="PRCL"></g></l></v><v><l id="128192" t="как"><g v="ADVB"></g><g v="Ques"></g></l></v></tfr></token><token text="," id="686952"><tfr rev_id="1518816" t=","><v><l id="0" t=","><g v="PNCT"></g></l></v></tfr></token><token text="например" id="686953"><tfr rev_id="1518817" t="например"><v><l id="174036" t="например"><g v="CONJ"></g><g v="Prnt"></g></l></v></tfr></token><token text="," id="686954"><tfr rev_id="1518818" t=","><v><l id="0" t=","><g v="PNCT"></g></l></v></tfr></token><token text="последующие" id="686955"><tfr rev_id="3795129" t="последующие"><v><l id="261588" t="последующий"><g v="ADJF"></g><g v="plur"></g><g v="nomn"></g></l></v></tfr></token><token text="поколения" id="686956"><tfr rev_id="3726586" t="поколения"><v><l id="254517" t="поколение"><g v="NOUN"></g><g v="inan"></g><g v="neut"></g><g v="plur"></g><g v="nomn"></g></l></v></tfr></token><token text="." id="686957"><tfr rev_id="1518821" t="."><v><l id="0" t="."><g v="PNCT"></g></l></v></tfr></token></tokens></sentence></paragraph><paragraph id="12346"><sentence id="38528"><source>Видимая путаница здесь возникает только от неверного выбора точки отсчета.</source><tokens><token text="Видимая" id="686958"><tfr rev_id="1518822" t="Видимая"><v><l id="44568" t="видимый"><g v="PRTF"></g><g v="impf"></g><g v="tran"></g><g v="pres"></g><g v="pssv"></g><g v="femn"></g><g v="sing"></g><g v="nomn"></g></l></v><v><l id="44588" t="видимый"><g v="ADJF"></g><g v="Qual"></g><g v="femn"></g><g v="sing"></g><g v="nomn"></g></l></v></tfr></token><token text="путаница" id="686959"><tfr rev_id="1518823" t="путаница"><v><l id="289502" t="путаница"><g v="NOUN"></g><g v="inan"></g><g v="femn"></g><g v="sing"></g><g v="nomn"></g></l></v></tfr></token><token text="здесь" id="686960"><tfr rev_id="1518824" t="здесь"><v><l id="114703" t="здесь"><g v="ADVB"></g><g v="Prdx"></g></l></v></tfr></token><token text="возникает" id="686961"><tfr rev_id="1518825" t="возникает"><v><l id="49514" t="возникаю"><g v="VERB"></g><g v="impf"></g><g v="intr"></g><g v="sing"></g><g v="3per"></g><g v="pres"></g><g v="indc"></g></l></v></tfr></token><token text="только" id="686962"><tfr rev_id="3784198" t="только"><v><l id="347395" t="только"><g v="CONJ"></g></l></v><v><l id="347396" t="только"><g v="PRCL"></g></l></v><v><l id="390053" t="только"><g v="ADVB"></g></l></v></tfr></token><token text="от" id="686963"><tfr rev_id="1518827" t="от"><v><l id="211644" t="от"><g v="PREP"></g></l></v></tfr></token><token text="неверного" id="686964"><tfr rev_id="4373777" t="неверного"><v><l id="179667" t="неверный"><g v="ADJF"></g><g v="masc"></g><g v="sing"></g><g v="gent"></g></l></v><v><l id="179667" t="неверный"><g v="ADJF"></g><g v="anim"></g><g v="masc"></g><g v="sing"></g><g v="accs"></g></l></v></tfr></token><token text="выбора" id="686965"><tfr rev_id="1518829" t="выбора"><v><l id="55719" t="выбор"><g v="NOUN"></g><g v="inan"></g><g v="masc"></g><g v="sing"></g><g v="gent"></g></l></v></tfr></token><token text="точки" id="686966"><tfr rev_id="2963866" t="точки"><v><l id="348511" t="точка"><g v="NOUN"></g><g v="inan"></g><g v="femn"></g><g v="sing"></g><g v="gent"></g></l></v></tfr></token><token text="отсчета" id="686967"><tfr rev_id="1518831" t="отсчета"><v><l id="218732" t="отсчёт"><g v="NOUN"></g><g v="inan"></g><g v="masc"></g><g v="sing"></g><g v="gent"></g></l></v></tfr></token><token text="." id="686968"><tfr rev_id="1518832" t="."><v><l id="0" t="."><g v="PNCT"></g></l></v></tfr></token></tokens></sentence><sentence id="38529"><source>Не мы движемся из прошлого в будущее вперед затылком.</source><tokens><token text="Не" id="686969"><tfr rev_id="1518833" t="Не"><v><l id="178876" t="не"><g v="PRCL"></g></l></v></tfr></token><token text="мы" id="686970"><tfr rev_id="1518834" t="мы"><v><l id="165750" t="мы"><g v="NPRO"></g><g v="1per"></g><g v="plur"></g><g v="nomn"></g></l></v></tfr></token><token text="движемся" id="686971"><tfr rev_id="1518835" t="движемся"><v><l id="78827" t="двигаюсь"><g v="VERB"></g><g v="impf"></g><g v="intr"></g><g v="plur"></g><g v="1per"></g><g v="pres"></g><g v="indc"></g><g v="Infr"></g></l></v></tfr></token><token text="из" id="686972"><tfr rev_id="2560324" t="из"><v><l id="117677" t="из"><g v="PREP"></g></l></v></tfr></token><token text="прошлого" id="686973"><tfr rev_id="4260119" t="прошлого"><v><l id="287714" t="прошлое"><g v="NOUN"></g><g v="inan"></g><g v="neut"></g><g v="sing"></g><g v="gent"></g></l></v></tfr></token><token text="в" id="686974"><tfr rev_id="1518838" t="в"><v><l id="37409" t="в"><g v="PREP"></g></l></v></tfr></token><token text="будущее" id="686975"><tfr rev_id="4250818" t="будущее"><v><l id="35163" t="будущее"><g v="NOUN"></g><g v="inan"></g><g v="neut"></g><g v="sing"></g><g v="nomn"></g></l></v><v><l id="35163" t="будущее"><g v="NOUN"></g><g v="inan"></g><g v="neut"></g><g v="sing"></g><g v="accs"></g></l></v></tfr></token><token text="вперед" id="686976"><tfr rev_id="4485474" t="вперед"><v><l id="52340" t="вперёд"><g v="ADVB"></g></l></v></tfr></token><token text="затылком" id="686977"><tfr rev_id="1518841" t="затылком"><v><l id="112175" t="затылок"><g v="NOUN"></g><g v="inan"></g><g v="masc"></g><g v="sing"></g><g v="ablt"></g></l></v></tfr></token><token text="." id="686978"><tfr rev_id="1518842" t="."><v><l id="0" t="."><g v="PNCT"></g></l></v></tfr></token></tokens></sentence><sentence id="38530"><source>Наоборот, мы смотрим, как мимо нас проходит сначала предшествующее, прошлое, а затем последующее, будущее относительно этого прошлого.</source><tokens><token text="Наоборот" id="686979"><tfr rev_id="1518843" t="Наоборот"><v><l id="173044" t="наоборот"><g v="ADVB"></g></l></v></tfr></token><token text="," id="686980"><tfr rev_id="1518844" t=","><v><l id="0" t=","><g v="PNCT"></g></l></v></tfr></token><token text="мы" id="686981"><tfr rev_id="1518845" t="мы"><v><l id="165750" t="мы"><g v="NPRO"></g><g v="1per"></g><g v="plur"></g><g v="nomn"></g></l></v></tfr></token><token text="смотрим" id="686982"><tfr rev_id="1518846" t="смотрим"><v><l id="326798" t="смотрю"><g v="VERB"></g><g v="impf"></g><g v="tran"></g><g v="plur"></g><g v="1per"></g><g v="pres"></g><g v="indc"></g></l></v></tfr></token><token text="," id="686983"><tfr rev_id="1518847" t=","><v><l id="0" t=","><g v="PNCT"></g></l></v></tfr></token><token text="как" id="686984"><tfr rev_id="1518848" t="как"><v><l id="128190" t="как"><g v="CONJ"></g></l></v><v><l id="128191" t="как"><g v="PRCL"></g></l></v><v><l id="128192" t="как"><g v="ADVB"></g><g v="Ques"></g></l></v></tfr></token><token text="мимо" id="686985"><tfr rev_id="4456212" t="мимо"><v><l id="160405" t="мимо"><g v="PREP"></g></l></v></tfr></token><token text="нас" id="686986"><tfr rev_id="3499185" t="нас"><v><l id="165750" t="мы"><g v="NPRO"></g><g v="1per"></g><g v="plur"></g><g v="gent"></g></l></v></tfr></token><token text="проходит" id="686987"><tfr rev_id="1518851" t="проходит"><v><l id="287183" t="прохожу"><g v="VERB"></g><g v="impf"></g><g v="tran"></g><g v="sing"></g><g v="3per"></g><g v="pres"></g><g v="indc"></g></l></v><v><l id="287190" t="проходил"><g v="VERB"></g><g v="perf"></g><g v="intr"></g><g v="sing"></g><g v="3per"></g><g v="futr"></g><g v="indc"></g></l></v></tfr></token><token text="сначала" id="686988"><tfr rev_id="1518852" t="сначала"><v><l id="327200" t="сначала"><g v="ADVB"></g></l></v></tfr></token><token text="предшествующее" id="686989"><tfr rev_id="3684947" t="предшествующее"><v><l id="267357" t="предшествующий"><g v="PRTF"></g><g v="impf"></g><g v="intr"></g><g v="pres"></g><g v="actv"></g><g v="Adjx"></g><g v="neut"></g><g v="sing"></g><g v="nomn"></g></l></v><v><l id="267357" t="предшествующий"><g v="PRTF"></g><g v="impf"></g><g v="intr"></g><g v="pres"></g><g v="actv"></g><g v="Adjx"></g><g v="neut"></g><g v="sing"></g><g v="accs"></g></l></v></tfr></token><token text="," id="686990"><tfr rev_id="1518854" t=","><v><l id="0" t=","><g v="PNCT"></g></l></v></tfr></token><token text="прошлое" id="686991"><tfr rev_id="4260120" t="прошлое"><v><l id="287714" t="прошлое"><g v="NOUN"></g><g v="inan"></g><g v="neut"></g><g v="sing"></g><g v="nomn"></g></l></v><v><l id="287714" t="прошлое"><g v="NOUN"></g><g v="inan"></g><g v="neut"></g><g v="sing"></g><g v="accs"></g></l></v></tfr></token><token text="," id="686992"><tfr rev_id="1518856" t=","><v><l id="0" t=","><g v="PNCT"></g></l></v></tfr></token><token text="а" id="686993"><tfr rev_id="1518857" t="а"><v><l id="51" t="а"><g v="CONJ"></g></l></v><v><l id="52" t="а"><g v="INTJ"></g></l></v><v><l id="53" t="а"><g v="PRCL"></g></l></v></tfr></token><token text="затем" id="686994"><tfr rev_id="1518858" t="затем"><v><l id="111250" t="затем"><g v="ADVB"></g><g v="Dmns"></g></l></v></tfr></token><token text="последующее" id="686995"><tfr rev_id="3810417" t="последующее"><v><l id="261588" t="последующий"><g v="ADJF"></g><g v="neut"></g><g v="sing"></g><g v="nomn"></g></l></v><v><l id="261588" t="последующий"><g v="ADJF"></g><g v="neut"></g><g v="sing"></g><g v="accs"></g></l></v></tfr></token><token text="," id="686996"><tfr rev_id="1518860" t=","><v><l id="0" t=","><g v="PNCT"></g></l></v></tfr></token><token text="будущее" id="686997"><tfr rev_id="4278773" t="будущее"><v><l id="35163" t="будущее"><g v="NOUN"></g><g v="inan"></g><g v="neut"></g><g v="sing"></g><g v="nomn"></g></l></v><v><l id="35163" t="будущее"><g v="NOUN"></g><g v="inan"></g><g v="neut"></g><g v="sing"></g><g v="accs"></g></l></v></tfr></token><token text="относительно" id="686998"><tfr rev_id="4484706" t="относительно"><v><l id="215910" t="относительно"><g v="PREP"></g></l></v></tfr></token><token text="этого" id="686999"><tfr rev_id="4487150" t="этого"><v><l id="386581" t="этот"><g v="ADJF"></g><g v="Subx"></g><g v="Apro"></g><g v="Anph"></g><g v="neut"></g><g v="sing"></g><g v="gent"></g></l></v></tfr></token><token text="прошлого" id="687000"><tfr rev_id="4260121" t="прошлого"><v><l id="287714" t="прошлое"><g v="NOUN"></g><g v="inan"></g><g v="neut"></g><g v="sing"></g><g v="gent"></g></l></v></tfr></token><token text="." id="687001"><tfr rev_id="1518865" t="."><v><l id="0" t="."><g v="PNCT"></g></l></v></tfr></token></tokens></sentence><sentence id="38531"><source>Ведь нам куда привычнее считать точкой отсчета себя, а не абстрактную точку нуля на оси времени.</source><tokens><token text="Ведь" id="687002"><tfr rev_id="1518866" t="Ведь"><v><l id="40374" t="ведь"><g v="PRCL"></g></l></v><v><l id="40375" t="ведь"><g v="CONJ"></g></l></v></tfr></token><token text="нам" id="687003"><tfr rev_id="1518867" t="нам"><v><l id="165750" t="мы"><g v="NPRO"></g><g v="1per"></g><g v="plur"></g><g v="datv"></g></l></v></tfr></token><token text="куда" id="687004"><tfr rev_id="4508664" t="куда"><v><l id="144374" t="куда"><g v="ADVB"></g><g v="Ques"></g></l></v><v><l id="144375" t="куда"><g v="NOUN"></g><g v="inan"></g><g v="femn"></g><g v="Sgtm"></g><g v="Geox"></g><g v="sing"></g><g v="nomn"></g></l></v><v><l id="390062" t="куда"><g v="PRCL"></g></l></v><v><l id="390962" t="куда"><g v="CONJ"></g></l></v></tfr></token><token text="привычнее" id="687005"><tfr rev_id="1518869" t="привычнее"><v><l id="269602" t="привычнее"><g v="COMP"></g><g v="Qual"></g></l></v></tfr></token><token text="считать" id="687006"><tfr rev_id="1518870" t="считать"><v><l id="341321" t="считать"><g v="INFN"></g><g v="impf"></g><g v="tran"></g></l></v><v><l id="341330" t="считать"><g v="INFN"></g><g v="perf"></g><g v="tran"></g></l></v></tfr></token><token text="точкой" id="687007"><tfr rev_id="1518871" t="точкой"><v><l id="348511" t="точка"><g v="NOUN"></g><g v="inan"></g><g v="femn"></g><g v="sing"></g><g v="ablt"></g></l></v></tfr></token><token text="отсчета" id="687008"><tfr rev_id="1518872" t="отсчета"><v><l id="218732" t="отсчёт"><g v="NOUN"></g><g v="inan"></g><g v="masc"></g><g v="sing"></g><g v="gent"></g></l></v></tfr></token><token text="себя" id="687009"><tfr rev_id="3634997" t="себя"><v><l id="317456" t="себя"><g v="NPRO"></g><g v="Anph"></g><g v="sing"></g><g v="accs"></g></l></v></tfr></token><token text="," id="687010"><tfr rev_id="1518874" t=","><v><l id="0" t=","><g v="PNCT"></g></l></v></tfr></token><token text="а" id="687011"><tfr rev_id="3539697" t="а"><v><l id="51" t="а"><g v="CONJ"></g></l></v></tfr></token><token text="не" id="687012"><tfr rev_id="1518876" t="не"><v><l id="178876" t="не"><g v="PRCL"></g></l></v></tfr></token><token text="абстрактную" id="687013"><tfr rev_id="1518877" t="абстрактную"><v><l id="1916" t="абстрактный"><g v="ADJF"></g><g v="Qual"></g><g v="femn"></g><g v="sing"></g><g v="accs"></g></l></v></tfr></token><token text="точку" id="687014"><tfr rev_id="1518878" t="точку"><v><l id="348511" t="точка"><g v="NOUN"></g><g v="inan"></g><g v="femn"></g><g v="sing"></g><g v="accs"></g></l></v></tfr></token><token text="нуля" id="687015"><tfr rev_id="1518879" t="нуля"><v><l id="192634" t="нуль"><g v="NOUN"></g><g v="inan"></g><g v="masc"></g><g v="sing"></g><g v="gent"></g></l></v></tfr></token><token text="на" id="687016"><tfr rev_id="3395180" t="на"><v><l id="166264" t="на"><g v="PREP"></g></l></v></tfr></token><token text="оси" id="687017"><tfr rev_id="4565689" t="оси"><v><l id="211602" t="ось"><g v="NOUN"></g><g v="inan"></g><g v="femn"></g><g v="sing"></g><g v="loc1"></g></l></v><v><l id="211602" t="ось"><g v="NOUN"></g><g v="inan"></g><g v="femn"></g><g v="sing"></g><g v="loc2"></g></l></v></tfr></token><token text="времени" id="687018"><tfr rev_id="3545023" t="времени"><v><l id="53149" t="время"><g v="NOUN"></g><g v="inan"></g><g v="neut"></g><g v="sing"></g><g v="gent"></g></l></v></tfr></token><token text="." id="687019"><tfr rev_id="1518883" t="."><v><l id="0" t="."><g v="PNCT"></g></l></v></tfr></token></tokens></sentence></paragraph><paragraph id="12347"><sentence id="38532"><source>Последнее рассуждение, конечно же, от лукавого.</source><tokens><token text="Последнее" id="687020"><tfr rev_id="3809310" t="Последнее"><v><l id="261565" t="последний"><g v="ADJF"></g><g v="neut"></g><g v="sing"></g><g v="nomn"></g></l></v><v><l id="261565" t="последний"><g v="ADJF"></g><g v="neut"></g><g v="sing"></g><g v="accs"></g></l></v></tfr></token><token text="рассуждение" id="687021"><tfr rev_id="4348392" t="рассуждение"><v><l id="301606" t="рассуждение"><g v="NOUN"></g><g v="inan"></g><g v="neut"></g><g v="sing"></g><g v="nomn"></g></l></v></tfr></token><token text="," id="687022"><tfr rev_id="1518886" t=","><v><l id="0" t=","><g v="PNCT"></g></l></v></tfr></token><token text="конечно" id="687023"><tfr rev_id="1518887" t="конечно"><v><l id="137817" t="конечно"><g v="CONJ"></g><g v="Prnt"></g></l></v><v><l id="137818" t="конечно"><g v="PRCL"></g></l></v><v><l id="137822" t="конечен"><g v="ADJS"></g><g v="Qual"></g><g v="neut"></g><g v="sing"></g></l></v></tfr></token><token text="же" id="687024"><tfr rev_id="1518888" t="же"><v><l id="96208" t="же"><g v="CONJ"></g></l></v><v><l id="96209" t="же"><g v="PRCL"></g></l></v></tfr></token><token text="," id="687025"><tfr rev_id="1518889" t=","><v><l id="0" t=","><g v="PNCT"></g></l></v></tfr></token><token text="от" id="687026"><tfr rev_id="1518890" t="от"><v><l id="211644" t="от"><g v="PREP"></g></l></v></tfr></token><token text="лукавого" id="687027"><tfr rev_id="4260122" t="лукавого"><v><l id="151396" t="лукавый"><g v="NOUN"></g><g v="anim"></g><g v="masc"></g><g v="sing"></g><g v="gent"></g></l></v><v><l id="151396" t="лукавый"><g v="NOUN"></g><g v="anim"></g><g v="masc"></g><g v="sing"></g><g v="accs"></g></l></v></tfr></token><token text="." id="687028"><tfr rev_id="1518892" t="."><v><l id="0" t="."><g v="PNCT"></g></l></v></tfr></token></tokens></sentence><sentence id="38533"><source>Оно как будто все объясняет, сводит в систему, но пользы нам от этого якобы объяснения никакого нет, ведь оно не ведет к последующему шагу, к новому выводу.</source><tokens><token text="Оно" id="687029"><tfr rev_id="3590796" t="Оно"><v><l id="206649" t="оно"><g v="NPRO"></g><g v="neut"></g><g v="3per"></g><g v="Anph"></g><g v="sing"></g><g v="nomn"></g></l></v></tfr></token><token text="как" id="687030"><tfr rev_id="1518894" t="как"><v><l id="128190" t="как"><g v="CONJ"></g></l></v><v><l id="128191" t="как"><g v="PRCL"></g></l></v><v><l id="128192" t="как"><g v="ADVB"></g><g v="Ques"></g></l></v></tfr></token><token text="будто" id="687031"><tfr rev_id="1518895" t="будто"><v><l id="35148" t="будто"><g v="CONJ"></g></l></v><v><l id="35149" t="будто"><g v="PRCL"></g></l></v></tfr></token><token text="все" id="687032"><tfr rev_id="4538242" t="все"><v><l id="42156" t="весь"><g v="ADJF"></g><g v="Subx"></g><g v="Apro"></g><g v="neut"></g><g v="sing"></g><g v="accs"></g></l></v><v><l id="42156" t="весь"><g v="ADJF"></g><g v="Subx"></g><g v="Apro"></g><g v="neut"></g><g v="sing"></g><g v="nomn"></g></l></v></tfr></token><token text="объясняет" id="687033"><tfr rev_id="1518897" t="объясняет"><v><l id="201933" t="объясняю"><g v="VERB"></g><g v="impf"></g><g v="tran"></g><g v="sing"></g><g v="3per"></g><g v="pres"></g><g v="indc"></g></l></v></tfr></token><token text="," id="687034"><tfr rev_id="1518898" t=","><v><l id="0" t=","><g v="PNCT"></g></l></v></tfr></token><token text="сводит" id="687035"><tfr rev_id="1518899" t="сводит"><v><l id="316258" t="свожу"><g v="VERB"></g><g v="impf"></g><g v="tran"></g><g v="sing"></g><g v="3per"></g><g v="pres"></g><g v="indc"></g></l></v><v><l id="316265" t="сводил"><g v="VERB"></g><g v="perf"></g><g v="tran"></g><g v="sing"></g><g v="3per"></g><g v="futr"></g><g v="indc"></g></l></v></tfr></token><token text="в" id="687036"><tfr rev_id="1518900" t="в"><v><l id="37409" t="в"><g v="PREP"></g></l></v></tfr></token><token text="систему" id="687037"><tfr rev_id="1518901" t="систему"><v><l id="321350" t="система"><g v="NOUN"></g><g v="inan"></g><g v="femn"></g><g v="sing"></g><g v="accs"></g></l></v></tfr></token><token text="," id="687038"><tfr rev_id="1518902" t=","><v><l id="0" t=","><g v="PNCT"></g></l></v></tfr></token><token text="но" id="687039"><tfr rev_id="1518903" t="но"><v><l id="191429" t="но"><g v="CONJ"></g></l></v><v><l id="191430" t="но"><g v="INTJ"></g></l></v></tfr></token><token text="пользы" id="687040"><tfr rev_id="3505371" t="пользы"><v><l id="257077" t="польза"><g v="NOUN"></g><g v="inan"></g><g v="femn"></g><g v="sing"></g><g v="gent"></g></l></v></tfr></token><token text="нам" id="687041"><tfr rev_id="1518905" t="нам"><v><l id="165750" t="мы"><g v="NPRO"></g><g v="1per"></g><g v="plur"></g><g v="datv"></g></l></v></tfr></token><token text="от" id="687042"><tfr rev_id="1518906" t="от"><v><l id="211644" t="от"><g v="PREP"></g></l></v></tfr></token><token text="этого" id="687043"><tfr rev_id="4487026" t="этого"><v><l id="386581" t="этот"><g v="ADJF"></g><g v="Subx"></g><g v="Apro"></g><g v="Anph"></g><g v="neut"></g><g v="sing"></g><g v="gent"></g></l></v></tfr></token><token text="якобы" id="687044"><tfr rev_id="4469555" t="якобы"><v><l id="387706" t="якобы"><g v="CONJ"></g></l></v><v><l id="387707" t="якобы"><g v="PRCL"></g></l></v></tfr></token><token text="объяснения" id="687045"><tfr rev_id="3457380" t="объяснения"><v><l id="201915" t="объяснение"><g v="NOUN"></g><g v="inan"></g><g v="neut"></g><g v="sing"></g><g v="gent"></g></l></v></tfr></token><token text="никакого" id="687046"><tfr rev_id="3823745" t="никакого"><v><l id="190841" t="никакой"><g v="ADJF"></g><g v="Apro"></g><g v="neut"></g><g v="sing"></g><g v="gent"></g></l></v></tfr></token><token text="нет" id="687047"><tfr rev_id="3752501" t="нет"><v><l id="389552" t="нет"><g v="PRED"></g><g v="pres"></g></l></v></tfr></token><token text="," id="687048"><tfr rev_id="1518912" t=","><v><l id="0" t=","><g v="PNCT"></g></l></v></tfr></token><token text="ведь" id="687049"><tfr rev_id="1518913" t="ведь"><v><l id="40374" t="ведь"><g v="PRCL"></g></l></v><v><l id="40375" t="ведь"><g v="CONJ"></g></l></v></tfr></token><token text="оно" id="687050"><tfr rev_id="3590797" t="оно"><v><l id="206649" t="оно"><g v="NPRO"></g><g v="neut"></g><g v="3per"></g><g v="Anph"></g><g v="sing"></g><g v="nomn"></g></l></v></tfr></token><token text="не" id="687051"><tfr rev_id="1518915" t="не"><v><l id="178876" t="не"><g v="PRCL"></g></l></v></tfr></token><token text="ведет" id="687052"><tfr rev_id="1518916" t="ведет"><v><l id="42110" t="веду"><g v="VERB"></g><g v="impf"></g><g v="tran"></g><g v="sing"></g><g v="3per"></g><g v="pres"></g><g v="indc"></g></l></v></tfr></token><token text="к" id="687053"><tfr rev_id="1518917" t="к"><v><l id="127460" t="к"><g v="PREP"></g></l></v></tfr></token><token text="последующему" id="687054"><tfr rev_id="3454601" t="последующему"><v><l id="261588" t="последующий"><g v="ADJF"></g><g v="masc"></g><g v="sing"></g><g v="datv"></g></l></v></tfr></token><token text="шагу" id="687055"><tfr rev_id="1518919" t="шагу"><v><l id="377653" t="шаг"><g v="NOUN"></g><g v="inan"></g><g v="masc"></g><g v="sing"></g><g v="datv"></g></l></v></tfr></token><token text="," id="687056"><tfr rev_id="1518920" t=","><v><l id="0" t=","><g v="PNCT"></g></l></v></tfr></token><token text="к" id="687057"><tfr rev_id="1518921" t="к"><v><l id="127460" t="к"><g v="PREP"></g></l></v></tfr></token><token text="новому" id="687058"><tfr rev_id="4310547" t="новому"><v><l id="191918" t="новый"><g v="ADJF"></g><g v="Qual"></g><g v="masc"></g><g v="sing"></g><g v="datv"></g></l></v></tfr></token><token text="выводу" id="687059"><tfr rev_id="1518923" t="выводу"><v><l id="56345" t="вывод"><g v="NOUN"></g><g v="inan"></g><g v="masc"></g><g v="sing"></g><g v="datv"></g></l></v></tfr></token><token text="." id="687060"><tfr rev_id="1518924" t="."><v><l id="0" t="."><g v="PNCT"></g></l></v></tfr></token></tokens></sentence><sentence id="38534"><source>А на самом деле?</source><tokens><token text="А" id="687061"><tfr rev_id="1518925" t="А"><v><l id="51" t="а"><g v="CONJ"></g></l></v><v><l id="52" t="а"><g v="INTJ"></g></l></v><v><l id="53" t="а"><g v="PRCL"></g></l></v></tfr></token><token text="на" id="687062"><tfr rev_id="3335686" t="на"><v><l id="166264" t="на"><g v="PREP"></g></l></v></tfr></token><token text="самом" id="687063"><tfr rev_id="4094213" t="самом"><v><l id="312034" t="сам"><g v="ADJF"></g><g v="Apro"></g><g v="neut"></g><g v="sing"></g><g v="loct"></g></l></v><v><l id="313174" t="самый"><g v="ADJF"></g><g v="Apro"></g><g v="neut"></g><g v="sing"></g><g v="loct"></g></l></v></tfr></token><token text="деле" id="687064"><tfr rev_id="1518928" t="деле"><v><l id="80628" t="дело"><g v="NOUN"></g><g v="inan"></g><g v="neut"></g><g v="sing"></g><g v="loct"></g></l></v></tfr></token><token text="?" id="687065"><tfr rev_id="1518929" t="?"><v><l id="0" t="?"><g v="PNCT"></g></l></v></tfr></token></tokens></sentence><sentence id="38535"><source>А на самом деле мы пока не знаем, отчего язык так работает.</source><tokens><token text="А" id="687066"><tfr rev_id="1518930" t="А"><v><l id="51" t="а"><g v="CONJ"></g></l></v><v><l id="52" t="а"><g v="INTJ"></g></l></v><v><l id="53" t="а"><g v="PRCL"></g></l></v></tfr></token><token text="на" id="687067"><tfr rev_id="3397877" t="на"><v><l id="166264" t="на"><g v="PREP"></g></l></v></tfr></token><token text="самом" id="687068"><tfr rev_id="4205002" t="самом"><v><l id="312034" t="сам"><g v="ADJF"></g><g v="Apro"></g><g v="neut"></g><g v="sing"></g><g v="loct"></g></l></v><v><l id="313174" t="самый"><g v="ADJF"></g><g v="Apro"></g><g v="neut"></g><g v="sing"></g><g v="loct"></g></l></v></tfr></token><token text="деле" id="687069"><tfr rev_id="1518933" t="деле"><v><l id="80628" t="дело"><g v="NOUN"></g><g v="inan"></g><g v="neut"></g><g v="sing"></g><g v="loct"></g></l></v></tfr></token><token text="мы" id="687070"><tfr rev_id="1518934" t="мы"><v><l id="165750" t="мы"><g v="NPRO"></g><g v="1per"></g><g v="plur"></g><g v="nomn"></g></l></v></tfr></token><token text="пока" id="687071"><tfr rev_id="3191002" t="пока"><v><l id="253968" t="пока"><g v="ADVB"></g></l></v><v><l id="253969" t="пока"><g v="CONJ"></g></l></v><v><l id="253970" t="пока"><g v="INTJ"></g></l></v></tfr></token><token text="не" id="687072"><tfr rev_id="1518936" t="не"><v><l id="178876" t="не"><g v="PRCL"></g></l></v></tfr></token><token text="знаем" id="687073"><tfr rev_id="2635078" t="знаем"><v><l id="115989" t="знаю"><g v="VERB"></g><g v="impf"></g><g v="tran"></g><g v="plur"></g><g v="1per"></g><g v="pres"></g><g v="indc"></g></l></v></tfr></token><token text="," id="687074"><tfr rev_id="1518938" t=","><v><l id="0" t=","><g v="PNCT"></g></l></v></tfr></token><token text="отчего" id="687075"><tfr rev_id="1518939" t="отчего"><v><l id="220032" t="отчего"><g v="CONJ"></g></l></v><v><l id="220033" t="отчего"><g v="ADVB"></g><g v="Ques"></g></l></v><v><l id="220133" t="отчий"><g v="ADJF"></g><g v="masc"></g><g v="sing"></g><g v="gent"></g></l></v><v><l id="220133" t="отчий"><g v="ADJF"></g><g v="anim"></g><g v="masc"></g><g v="sing"></g><g v="accs"></g></l></v><v><l id="220133" t="отчий"><g v="ADJF"></g><g v="neut"></g><g v="sing"></g><g v="gent"></g></l></v></tfr></token><token text="язык" id="687076"><tfr rev_id="4282626" t="язык"><v><l id="387573" t="язык"><g v="NOUN"></g><g v="inan"></g><g v="masc"></g><g v="sing"></g><g v="nomn"></g></l></v></tfr></token><token text="так" id="687077"><tfr rev_id="1518941" t="так"><v><l id="342451" t="так"><g v="CONJ"></g></l></v><v><l id="342452" t="так"><g v="PRCL"></g></l></v><v><l id="342453" t="так"><g v="ADVB"></g><g v="Dmns"></g></l></v></tfr></token><token text="работает" id="687078"><tfr rev_id="1518942" t="работает"><v><l id="290502" t="работаю"><g v="VERB"></g><g v="impf"></g><g v="intr"></g><g v="sing"></g><g v="3per"></g><g v="pres"></g><g v="indc"></g></l></v></tfr></token><token text="." id="687079"><tfr rev_id="1518943" t="."><v><l id="0" t="."><g v="PNCT"></g></l></v></tfr></token></tokens></sentence><sentence id="38536"><source>Лингвистика еще только начинает робко ставить вопросы не только как устроен язык, но и почему он так устроен.</source><tokens><token text="Лингвистика" id="687080"><tfr rev_id="1518944" t="Лингвистика"><v><l id="149360" t="лингвистика"><g v="NOUN"></g><g v="inan"></g><g v="femn"></g><g v="sing"></g><g v="nomn"></g></l></v></tfr></token><token text="еще" id="687081"><tfr rev_id="1518945" t="еще"><v><l id="95551" t="ещё"><g v="PRCL"></g></l></v><v><l id="95552" t="ещё"><g v="ADVB"></g></l></v></tfr></token><token text="только" id="687082"><tfr rev_id="3784199" t="только"><v><l id="347395" t="только"><g v="CONJ"></g></l></v><v><l id="347396" t="только"><g v="PRCL"></g></l></v><v><l id="390053" t="только"><g v="ADVB"></g></l></v></tfr></token><token text="начинает" id="687083"><tfr rev_id="1518947" t="начинает"><v><l id="178340" t="начинаю"><g v="VERB"></g><g v="impf"></g><g v="tran"></g><g v="sing"></g><g v="3per"></g><g v="pres"></g><g v="indc"></g></l></v></tfr></token><token text="робко" id="687084"><tfr rev_id="4239310" t="робко"><v><l id="308073" t="робко"><g v="ADVB"></g></l></v></tfr></token><token text="ставить" id="687085"><tfr rev_id="1518949" t="ставить"><v><l id="334321" t="ставить"><g v="INFN"></g><g v="impf"></g><g v="tran"></g></l></v></tfr></token><token text="вопросы" id="687086"><tfr rev_id="3757257" t="вопросы"><v><l id="50830" t="вопрос"><g v="NOUN"></g><g v="inan"></g><g v="masc"></g><g v="plur"></g><g v="accs"></g></l></v></tfr></token><token text="не" id="687087"><tfr rev_id="1518951" t="не"><v><l id="178876" t="не"><g v="PRCL"></g></l></v></tfr></token><token text="только" id="687088"><tfr rev_id="3784200" t="только"><v><l id="347395" t="только"><g v="CONJ"></g></l></v><v><l id="347396" t="только"><g v="PRCL"></g></l></v><v><l id="390053" t="только"><g v="ADVB"></g></l></v></tfr></token><token text="как" id="687089"><tfr rev_id="1518953" t="как"><v><l id="128190" t="как"><g v="CONJ"></g></l></v><v><l id="128191" t="как"><g v="PRCL"></g></l></v><v><l id="128192" t="как"><g v="ADVB"></g><g v="Ques"></g></l></v></tfr></token><token text="устроен" id="687090"><tfr rev_id="1518954" t="устроен"><v><l id="361229" t="устроен"><g v="ADJS"></g><g v="Qual"></g><g v="masc"></g><g v="sing"></g></l></v><v><l id="361246" t="устроен"><g v="PRTS"></g><g v="perf"></g><g v="past"></g><g v="pssv"></g><g v="masc"></g><g v="sing"></g></l></v></tfr></token><token text="язык" id="687091"><tfr rev_id="4321420" t="язык"><v><l id="387573" t="язык"><g v="NOUN"></g><g v="inan"></g><g v="masc"></g><g v="sing"></g><g v="nomn"></g></l></v></tfr></token><token text="," id="687092"><tfr rev_id="1518956" t=","><v><l id="0" t=","><g v="PNCT"></g></l></v></tfr></token><token text="но" id="687093"><tfr rev_id="3558485" t="но"><v><l id="191429" t="но"><g v="CONJ"></g></l></v></tfr></token><token text="и" id="687094"><tfr rev_id="1518958" t="и"><v><l id="116949" t="и"><g v="CONJ"></g></l></v><v><l id="116950" t="и"><g v="INTJ"></g></l></v></tfr></token><token text="почему" id="687095"><tfr rev_id="1518959" t="почему"><v><l id="264705" t="почему"><g v="ADVB"></g><g v="Ques"></g></l></v></tfr></token><token text="он" id="687096"><tfr rev_id="3575808" t="он"><v><l id="206541" t="он"><g v="NPRO"></g><g v="masc"></g><g v="3per"></g><g v="Anph"></g><g v="sing"></g><g v="nomn"></g></l></v></tfr></token><token text="так" id="687097"><tfr rev_id="1518961" t="так"><v><l id="342451" t="так"><g v="CONJ"></g></l></v><v><l id="342452" t="так"><g v="PRCL"></g></l></v><v><l id="342453" t="так"><g v="ADVB"></g><g v="Dmns"></g></l></v></tfr></token><token text="устроен" id="687098"><tfr rev_id="1518962" t="устроен"><v><l id="361229" t="устроен"><g v="ADJS"></g><g v="Qual"></g><g v="masc"></g><g v="sing"></g></l></v><v><l id="361246" t="устроен"><g v="PRTS"></g><g v="perf"></g><g v="past"></g><g v="pssv"></g><g v="masc"></g><g v="sing"></g></l></v></tfr></token><token text="." id="687099"><tfr rev_id="1518963" t="."><v><l id="0" t="."><g v="PNCT"></g></l></v></tfr></token></tokens></sentence><sentence id="38537"><source>И, конечно же, из одних рассуждений от поверхностных закономерностей выводы о мировоззрении людей иных цивилизаций частенько получаются весьма шаткими.</source><tokens><token text="И" id="687100"><tfr rev_id="1518964" t="И"><v><l id="116949" t="и"><g v="CONJ"></g></l></v><v><l id="116950" t="и"><g v="INTJ"></g></l></v></tfr></token><token text="," id="687101"><tfr rev_id="1518965" t=","><v><l id="0" t=","><g v="PNCT"></g></l></v></tfr></token><token text="конечно" id="687102"><tfr rev_id="1518966" t="конечно"><v><l id="137817" t="конечно"><g v="CONJ"></g><g v="Prnt"></g></l></v><v><l id="137818" t="конечно"><g v="PRCL"></g></l></v><v><l id="137822" t="конечен"><g v="ADJS"></g><g v="Qual"></g><g v="neut"></g><g v="sing"></g></l></v></tfr></token><token text="же" id="687103"><tfr rev_id="1518967" t="же"><v><l id="96208" t="же"><g v="CONJ"></g></l></v><v><l id="96209" t="же"><g v="PRCL"></g></l></v></tfr></token><token text="," id="687104"><tfr rev_id="1518968" t=","><v><l id="0" t=","><g v="PNCT"></g></l></v></tfr></token><token text="из" id="687105"><tfr rev_id="2603590" t="из"><v><l id="117677" t="из"><g v="PREP"></g></l></v></tfr></token><token text="одних" id="687106"><tfr rev_id="4303400" t="одних"><v><l id="203319" t="один"><g v="ADJF"></g><g v="Apro"></g><g v="Anum"></g><g v="plur"></g><g v="gent"></g></l></v></tfr></token><token text="рассуждений" id="687107"><tfr rev_id="3753342" t="рассуждений"><v><l id="301606" t="рассуждение"><g v="NOUN"></g><g v="inan"></g><g v="neut"></g><g v="plur"></g><g v="gent"></g></l></v></tfr></token><token text="от" id="687108"><tfr rev_id="1518972" t="от"><v><l id="211644" t="от"><g v="PREP"></g></l></v></tfr></token><token text="поверхностных" id="687109"><tfr rev_id="3707455" t="поверхностных"><v><l id="242243" t="поверхностный"><g v="ADJF"></g><g v="Qual"></g><g v="plur"></g><g v="gent"></g></l></v></tfr></token><token text="закономерностей" id="687110"><tfr rev_id="1518974" t="закономерностей"><v><l id="103726" t="закономерность"><g v="NOUN"></g><g v="inan"></g><g v="femn"></g><g v="plur"></g><g v="gent"></g></l></v></tfr></token><token text="выводы" id="687111"><tfr rev_id="3744090" t="выводы"><v><l id="56345" t="вывод"><g v="NOUN"></g><g v="inan"></g><g v="masc"></g><g v="plur"></g><g v="nomn"></g></l></v></tfr></token><token text="о" id="687112"><tfr rev_id="3327573" t="о"><v><l id="192977" t="о"><g v="PREP"></g></l></v></tfr></token><token text="мировоззрении" id="687113"><tfr rev_id="1518977" t="мировоззрении"><v><l id="160891" t="мировоззрение"><g v="NOUN"></g><g v="inan"></g><g v="neut"></g><g v="sing"></g><g v="loct"></g></l></v></tfr></token><token text="людей" id="687114"><tfr rev_id="4204578" t="людей"><v><l id="375073" t="человек"><g v="NOUN"></g><g v="anim"></g><g v="masc"></g><g v="plur"></g><g v="gent"></g></l></v></tfr></token><token text="иных" id="687115"><tfr rev_id="4349671" t="иных"><v><l id="122715" t="иной"><g v="ADJF"></g><g v="Subx"></g><g v="Apro"></g><g v="plur"></g><g v="gent"></g></l></v></tfr></token><token text="цивилизаций" id="687116"><tfr rev_id="1518980" t="цивилизаций"><v><l id="373767" t="цивилизация"><g v="NOUN"></g><g v="inan"></g><g v="femn"></g><g v="plur"></g><g v="gent"></g></l></v></tfr></token><token text="частенько" id="687117"><tfr rev_id="1518981" t="частенько"><v><l id="374754" t="частенько"><g v="ADVB"></g></l></v></tfr></token><token text="получаются" id="687118"><tfr rev_id="1518982" t="получаются"><v><l id="256950" t="получаюсь"><g v="VERB"></g><g v="impf"></g><g v="intr"></g><g v="plur"></g><g v="3per"></g><g v="pres"></g><g v="indc"></g></l></v></tfr></token><token text="весьма" id="687119"><tfr rev_id="1518983" t="весьма"><v><l id="42160" t="весьма"><g v="ADVB"></g></l></v></tfr></token><token text="шаткими" id="687120"><tfr rev_id="1518984" t="шаткими"><v><l id="378464" t="шаткий"><g v="ADJF"></g><g v="Qual"></g><g v="plur"></g><g v="ablt"></g></l></v></tfr></token><token text="." id="687121"><tfr rev_id="1518985" t="."><v><l id="0" t="."><g v="PNCT"></g></l></v></tfr></token></tokens></sentence></paragraph><paragraph id="12348"><sentence id="38538"><source>И все-таки интересно — чем еще подтверждают расположение древнегреческого будущего позади грека?</source><tokens><token text="И" id="687122"><tfr rev_id="1518986" t="И"><v><l id="116949" t="и"><g v="CONJ"></g></l></v><v><l id="116950" t="и"><g v="INTJ"></g></l></v></tfr></token><token text="все-таки" id="687123"><tfr rev_id="4137448" t="все-таки"><v><l id="53261" t="всё-таки"><g v="PRCL"></g></l></v></tfr></token><token text="интересно" id="687124"><tfr rev_id="4092384" t="интересно"><v><l id="123170" t="интересно"><g v="ADVB"></g><g v="Prdx"></g></l></v></tfr></token><token text="—" id="687125"><tfr rev_id="2446755" t="—"><v><l id="0" t="—"><g v="PNCT"></g></l></v></tfr></token><token text="чем" id="687126"><tfr rev_id="4393549" t="чем"><v><l id="377005" t="что"><g v="NPRO"></g><g v="neut"></g><g v="sing"></g><g v="ablt"></g></l></v></tfr></token><token text="еще" id="687127"><tfr rev_id="1518991" t="еще"><v><l id="95551" t="ещё"><g v="PRCL"></g></l></v><v><l id="95552" t="ещё"><g v="ADVB"></g></l></v></tfr></token><token text="подтверждают" id="687128"><tfr rev_id="1518992" t="подтверждают"><v><l id="251447" t="подтверждаю"><g v="VERB"></g><g v="impf"></g><g v="tran"></g><g v="plur"></g><g v="3per"></g><g v="pres"></g><g v="indc"></g></l></v><v><l id="251454" t="подтверждаю"><g v="VERB"></g><g v="impf"></g><g v="intr"></g><g v="plur"></g><g v="3per"></g><g v="pres"></g><g v="indc"></g></l></v></tfr></token><token text="расположение" id="687129"><tfr rev_id="4360094" t="расположение"><v><l id="300099" t="расположение"><g v="NOUN"></g><g v="inan"></g><g v="neut"></g><g v="sing"></g><g v="accs"></g></l></v></tfr></token><token text="древнегреческого" id="687130"><tfr rev_id="3408412" t="древнегреческого"><v><l id="91876" t="древнегреческий"><g v="ADJF"></g><g v="neut"></g><g v="sing"></g><g v="gent"></g></l></v></tfr></token><token text="будущего" id="687131"><tfr rev_id="4260124" t="будущего"><v><l id="35163" t="будущее"><g v="NOUN"></g><g v="inan"></g><g v="neut"></g><g v="sing"></g><g v="gent"></g></l></v></tfr></token><token text="позади" id="687132"><tfr rev_id="4456123" t="позади"><v><l id="253360" t="позади"><g v="PREP"></g></l></v></tfr></token><token text="грека" id="687133"><tfr rev_id="4362949" t="грека"><v><l id="75018" t="грек"><g v="NOUN"></g><g v="anim"></g><g v="masc"></g><g v="sing"></g><g v="gent"></g></l></v></tfr></token><token text="?" id="687134"><tfr rev_id="1518998" t="?"><v><l id="0" t="?"><g v="PNCT"></g></l></v></tfr></token></tokens></sentence><sentence id="38539"><source>Может быть, мне просто не повезло найти хороших исследований, касавшихся этого вопроса?</source><tokens><token text="Может" id="687135"><tfr rev_id="4223577" t="Может"><v><l id="164485" t="могу"><g v="VERB"></g><g v="impf"></g><g v="intr"></g><g v="sing"></g><g v="3per"></g><g v="pres"></g><g v="indc"></g></l></v></tfr></token><token text="быть" id="687136"><tfr rev_id="1519000" t="быть"><v><l id="37266" t="быть"><g v="INFN"></g><g v="impf"></g><g v="intr"></g></l></v></tfr></token><token text="," id="687137"><tfr rev_id="1519001" t=","><v><l id="0" t=","><g v="PNCT"></g></l></v></tfr></token><token text="мне" id="687138"><tfr rev_id="4201405" t="мне"><v><l id="387317" t="я"><g v="NPRO"></g><g v="1per"></g><g v="sing"></g><g v="datv"></g></l></v></tfr></token><token text="просто" id="687139"><tfr rev_id="1519003" t="просто"><v><l id="285025" t="просто"><g v="ADVB"></g><g v="Prdx"></g></l></v><v><l id="285026" t="просто"><g v="PRCL"></g></l></v><v><l id="285050" t="прост"><g v="ADJS"></g><g v="Qual"></g><g v="neut"></g><g v="sing"></g></l></v></tfr></token><token text="не" id="687140"><tfr rev_id="1519004" t="не"><v><l id="178876" t="не"><g v="PRCL"></g></l></v></tfr></token><token text="повезло" id="687141"><tfr rev_id="1519005" t="повезло"><v><l id="242124" t="повёз"><g v="VERB"></g><g v="perf"></g><g v="tran"></g><g v="neut"></g><g v="sing"></g><g v="past"></g><g v="indc"></g></l></v><v><l id="242130" t="повез"><g v="VERB"></g><g v="perf"></g><g v="intr"></g><g v="neut"></g><g v="sing"></g><g v="past"></g><g v="indc"></g></l></v><v><l id="242134" t="повезёт"><g v="VERB"></g><g v="perf"></g><g v="intr"></g><g v="Impe"></g><g v="neut"></g><g v="sing"></g><g v="past"></g><g v="indc"></g></l></v></tfr></token><token text="найти" id="687142"><tfr rev_id="1519006" t="найти"><v><l id="170612" t="найти"><g v="INFN"></g><g v="perf"></g><g v="tran"></g></l></v></tfr></token><token text="хороших" id="687143"><tfr rev_id="4409084" t="хороших"><v><l id="371668" t="хороший"><g v="ADJF"></g><g v="Qual"></g><g v="plur"></g><g v="gent"></g></l></v></tfr></token><token text="исследований" id="687144"><tfr rev_id="1519008" t="исследований"><v><l id="125799" t="исследование"><g v="NOUN"></g><g v="inan"></g><g v="neut"></g><g v="plur"></g><g v="gent"></g></l></v></tfr></token><token text="," id="687145"><tfr rev_id="1519009" t=","><v><l id="0" t=","><g v="PNCT"></g></l></v></tfr></token><token text="касавшихся" id="687146"><tfr rev_id="1519010" t="касавшихся"><v><l id="130964" t="касавшийся"><g v="PRTF"></g><g v="impf"></g><g v="intr"></g><g v="past"></g><g v="actv"></g><g v="plur"></g><g v="gent"></g></l></v><v><l id="130964" t="касавшийся"><g v="PRTF"></g><g v="impf"></g><g v="intr"></g><g v="past"></g><g v="actv"></g><g v="anim"></g><g v="plur"></g><g v="accs"></g></l></v><v><l id="130964" t="касавшийся"><g v="PRTF"></g><g v="impf"></g><g v="intr"></g><g v="past"></g><g v="actv"></g><g v="plur"></g><g v="loct"></g></l></v></tfr></token><token text="этого" id="687147"><tfr rev_id="4433387" t="этого"><v><l id="386581" t="этот"><g v="ADJF"></g><g v="Subx"></g><g v="Apro"></g><g v="Anph"></g><g v="masc"></g><g v="sing"></g><g v="gent"></g></l></v><v><l id="386581" t="этот"><g v="ADJF"></g><g v="Subx"></g><g v="Apro"></g><g v="Anph"></g><g v="anim"></g><g v="masc"></g><g v="sing"></g><g v="accs"></g></l></v><v><l id="386581" t="этот"><g v="ADJF"></g><g v="Subx"></g><g v="Apro"></g><g v="Anph"></g><g v="neut"></g><g v="sing"></g><g v="gent"></g></l></v></tfr></token><token text="вопроса" id="687148"><tfr rev_id="1519012" t="вопроса"><v><l id="50830" t="вопрос"><g v="NOUN"></g><g v="inan"></g><g v="masc"></g><g v="sing"></g><g v="gent"></g></l></v></tfr></token><token text="?" id="687149"><tfr rev_id="1519013" t="?"><v><l id="0" t="?"><g v="PNCT"></g></l></v></tfr></token></tokens></sentence></paragraph></paragraphs></text>