<?xml version="1.0" encoding="utf-8"?><text parent="226" id="1383" name="20076 Фурсенко против ямы"><tags><tag>url:http://www.chaskor.ru/news/fursenko_protiv_yamy_20076</tag><tag>Год:2010</tag><tag>Дата:25/09</tag><tag>Тема:Часкор/Общество</tag><tag>Тема:Часкор/Общество/Школа</tag></tags><paragraphs><paragraph id="38558"><sentence id="110358"><source>Фурсенко против ямы</source><tokens><token text="Фурсенко" id="1996527"><tfr rev_id="4547779" t="Фурсенко"><v><l id="389012" t="фурсенко"><g v="NOUN"></g><g v="anim"></g><g v="ms-f"></g><g v="Fixd"></g><g v="Surn"></g><g v="plur"></g><g v="ablt"></g></l></v><v><l id="389012" t="фурсенко"><g v="NOUN"></g><g v="anim"></g><g v="ms-f"></g><g v="Fixd"></g><g v="Surn"></g><g v="plur"></g><g v="accs"></g></l></v><v><l id="389012" t="фурсенко"><g v="NOUN"></g><g v="anim"></g><g v="ms-f"></g><g v="Fixd"></g><g v="Surn"></g><g v="plur"></g><g v="datv"></g></l></v><v><l id="389012" t="фурсенко"><g v="NOUN"></g><g v="anim"></g><g v="ms-f"></g><g v="Fixd"></g><g v="Surn"></g><g v="plur"></g><g v="gent"></g></l></v><v><l id="389012" t="фурсенко"><g v="NOUN"></g><g v="anim"></g><g v="ms-f"></g><g v="Fixd"></g><g v="Surn"></g><g v="plur"></g><g v="loct"></g></l></v><v><l id="389012" t="фурсенко"><g v="NOUN"></g><g v="anim"></g><g v="ms-f"></g><g v="Fixd"></g><g v="Surn"></g><g v="plur"></g><g v="nomn"></g></l></v><v><l id="389012" t="фурсенко"><g v="NOUN"></g><g v="anim"></g><g v="ms-f"></g><g v="Fixd"></g><g v="Surn"></g><g v="sing"></g><g v="ablt"></g></l></v><v><l id="389012" t="фурсенко"><g v="NOUN"></g><g v="anim"></g><g v="ms-f"></g><g v="Fixd"></g><g v="Surn"></g><g v="sing"></g><g v="accs"></g></l></v><v><l id="389012" t="фурсенко"><g v="NOUN"></g><g v="anim"></g><g v="ms-f"></g><g v="Fixd"></g><g v="Surn"></g><g v="sing"></g><g v="datv"></g></l></v><v><l id="389012" t="фурсенко"><g v="NOUN"></g><g v="anim"></g><g v="ms-f"></g><g v="Fixd"></g><g v="Surn"></g><g v="sing"></g><g v="gent"></g></l></v><v><l id="389012" t="фурсенко"><g v="NOUN"></g><g v="anim"></g><g v="ms-f"></g><g v="Fixd"></g><g v="Surn"></g><g v="sing"></g><g v="loct"></g></l></v><v><l id="389012" t="фурсенко"><g v="NOUN"></g><g v="anim"></g><g v="ms-f"></g><g v="Fixd"></g><g v="Surn"></g><g v="sing"></g><g v="nomn"></g></l></v></tfr></token><token text="против" id="1996528"><tfr rev_id="4547780" t="против"><v><l id="285790" t="против"><g v="PREP"></g></l></v><v><l id="285791" t="против"><g v="ADVB"></g><g v="Prdx"></g></l></v></tfr></token><token text="ямы" id="1996529"><tfr rev_id="4547781" t="ямы"><v><l id="387829" t="ям"><g v="NOUN"></g><g v="inan"></g><g v="masc"></g><g v="plur"></g><g v="accs"></g></l></v><v><l id="387829" t="ям"><g v="NOUN"></g><g v="inan"></g><g v="masc"></g><g v="plur"></g><g v="nomn"></g></l></v><v><l id="387830" t="яма"><g v="NOUN"></g><g v="inan"></g><g v="femn"></g><g v="plur"></g><g v="accs"></g></l></v><v><l id="387830" t="яма"><g v="NOUN"></g><g v="inan"></g><g v="femn"></g><g v="plur"></g><g v="nomn"></g></l></v><v><l id="387830" t="яма"><g v="NOUN"></g><g v="inan"></g><g v="femn"></g><g v="sing"></g><g v="gent"></g></l></v></tfr></token></tokens></sentence></paragraph><paragraph id="38559"><sentence id="110359"><source>Министр образования опровергает информацию о сокращении 200 тыс. учителей из-за демографической ямы, но при этом говорит, что эффективность расходования бюджетных средств может быть повышена за счёт сокращения учителей.</source><tokens><token text="Министр" id="1996530"><tfr rev_id="4547782" t="Министр"><v><l id="160614" t="министр"><g v="NOUN"></g><g v="anim"></g><g v="masc"></g><g v="sing"></g><g v="nomn"></g></l></v></tfr></token><token text="образования" id="1996531"><tfr rev_id="4547783" t="образования"><v><l id="198798" t="образование"><g v="NOUN"></g><g v="inan"></g><g v="neut"></g><g v="plur"></g><g v="accs"></g></l></v><v><l id="198798" t="образование"><g v="NOUN"></g><g v="inan"></g><g v="neut"></g><g v="plur"></g><g v="nomn"></g></l></v><v><l id="198798" t="образование"><g v="NOUN"></g><g v="inan"></g><g v="neut"></g><g v="sing"></g><g v="gent"></g></l></v></tfr></token><token text="опровергает" id="1996532"><tfr rev_id="4547784" t="опровергает"><v><l id="208091" t="опровергаю"><g v="VERB"></g><g v="impf"></g><g v="tran"></g><g v="sing"></g><g v="3per"></g><g v="pres"></g><g v="indc"></g></l></v></tfr></token><token text="информацию" id="1996533"><tfr rev_id="4547785" t="информацию"><v><l id="123576" t="информация"><g v="NOUN"></g><g v="inan"></g><g v="femn"></g><g v="sing"></g><g v="accs"></g></l></v></tfr></token><token text="о" id="1996534"><tfr rev_id="4566265" t="о"><v><l id="192977" t="о"><g v="PREP"></g></l></v><v><l id="192978" t="о"><g v="INTJ"></g></l></v></tfr></token><token text="сокращении" id="1996535"><tfr rev_id="4547787" t="сокращении"><v><l id="328844" t="сокращение"><g v="NOUN"></g><g v="inan"></g><g v="neut"></g><g v="sing"></g><g v="loct"></g></l></v></tfr></token><token text="200" id="1996536"><tfr rev_id="4547788" t="200"><v><l id="0" t="200"><g v="NUMB"></g></l></v></tfr></token><token text="тыс" id="1996537"><tfr rev_id="4547789" t="тыс"><v><l id="389041" t="тыс"><g v="NOUN"></g><g v="inan"></g><g v="femn"></g><g v="Fixd"></g><g v="Abbr"></g><g v="plur"></g><g v="ablt"></g></l></v><v><l id="389041" t="тыс"><g v="NOUN"></g><g v="inan"></g><g v="femn"></g><g v="Fixd"></g><g v="Abbr"></g><g v="plur"></g><g v="accs"></g></l></v><v><l id="389041" t="тыс"><g v="NOUN"></g><g v="inan"></g><g v="femn"></g><g v="Fixd"></g><g v="Abbr"></g><g v="plur"></g><g v="datv"></g></l></v><v><l id="389041" t="тыс"><g v="NOUN"></g><g v="inan"></g><g v="femn"></g><g v="Fixd"></g><g v="Abbr"></g><g v="plur"></g><g v="gent"></g></l></v><v><l id="389041" t="тыс"><g v="NOUN"></g><g v="inan"></g><g v="femn"></g><g v="Fixd"></g><g v="Abbr"></g><g v="plur"></g><g v="loct"></g></l></v><v><l id="389041" t="тыс"><g v="NOUN"></g><g v="inan"></g><g v="femn"></g><g v="Fixd"></g><g v="Abbr"></g><g v="plur"></g><g v="nomn"></g></l></v><v><l id="389041" t="тыс"><g v="NOUN"></g><g v="inan"></g><g v="femn"></g><g v="Fixd"></g><g v="Abbr"></g><g v="sing"></g><g v="ablt"></g></l></v><v><l id="389041" t="тыс"><g v="NOUN"></g><g v="inan"></g><g v="femn"></g><g v="Fixd"></g><g v="Abbr"></g><g v="sing"></g><g v="accs"></g></l></v><v><l id="389041" t="тыс"><g v="NOUN"></g><g v="inan"></g><g v="femn"></g><g v="Fixd"></g><g v="Abbr"></g><g v="sing"></g><g v="datv"></g></l></v><v><l id="389041" t="тыс"><g v="NOUN"></g><g v="inan"></g><g v="femn"></g><g v="Fixd"></g><g v="Abbr"></g><g v="sing"></g><g v="gent"></g></l></v><v><l id="389041" t="тыс"><g v="NOUN"></g><g v="inan"></g><g v="femn"></g><g v="Fixd"></g><g v="Abbr"></g><g v="sing"></g><g v="loct"></g></l></v><v><l id="389041" t="тыс"><g v="NOUN"></g><g v="inan"></g><g v="femn"></g><g v="Fixd"></g><g v="Abbr"></g><g v="sing"></g><g v="nomn"></g></l></v></tfr></token><token text="." id="1996538"><tfr rev_id="4547790" t="."><v><l id="0" t="."><g v="PNCT"></g></l></v></tfr></token><token text="учителей" id="1996539"><tfr rev_id="4547791" t="учителей"><v><l id="363287" t="учитель"><g v="NOUN"></g><g v="anim"></g><g v="masc"></g><g v="plur"></g><g v="accs"></g></l></v><v><l id="363287" t="учитель"><g v="NOUN"></g><g v="anim"></g><g v="masc"></g><g v="plur"></g><g v="gent"></g></l></v></tfr></token><token text="из-за" id="1996540"><tfr rev_id="4547792" t="из-за"><v><l id="117678" t="из-за"><g v="PREP"></g></l></v></tfr></token><token text="демографической" id="1996541"><tfr rev_id="4547793" t="демографической"><v><l id="80946" t="демографический"><g v="ADJF"></g><g v="femn"></g><g v="sing"></g><g v="ablt"></g></l></v><v><l id="80946" t="демографический"><g v="ADJF"></g><g v="femn"></g><g v="sing"></g><g v="datv"></g></l></v><v><l id="80946" t="демографический"><g v="ADJF"></g><g v="femn"></g><g v="sing"></g><g v="gent"></g></l></v><v><l id="80946" t="демографический"><g v="ADJF"></g><g v="femn"></g><g v="sing"></g><g v="loct"></g></l></v></tfr></token><token text="ямы" id="1996542"><tfr rev_id="4547794" t="ямы"><v><l id="387829" t="ям"><g v="NOUN"></g><g v="inan"></g><g v="masc"></g><g v="plur"></g><g v="accs"></g></l></v><v><l id="387829" t="ям"><g v="NOUN"></g><g v="inan"></g><g v="masc"></g><g v="plur"></g><g v="nomn"></g></l></v><v><l id="387830" t="яма"><g v="NOUN"></g><g v="inan"></g><g v="femn"></g><g v="plur"></g><g v="accs"></g></l></v><v><l id="387830" t="яма"><g v="NOUN"></g><g v="inan"></g><g v="femn"></g><g v="plur"></g><g v="nomn"></g></l></v><v><l id="387830" t="яма"><g v="NOUN"></g><g v="inan"></g><g v="femn"></g><g v="sing"></g><g v="gent"></g></l></v></tfr></token><token text="," id="1996543"><tfr rev_id="4547795" t=","><v><l id="0" t=","><g v="PNCT"></g></l></v></tfr></token><token text="но" id="1996544"><tfr rev_id="4547796" t="но"><v><l id="191429" t="но"><g v="CONJ"></g></l></v><v><l id="191430" t="но"><g v="INTJ"></g></l></v></tfr></token><token text="при" id="1996545"><tfr rev_id="4547797" t="при"><v><l id="235765" t="пру"><g v="VERB"></g><g v="impf"></g><g v="tran"></g><g v="sing"></g><g v="impr"></g><g v="excl"></g></l></v><v><l id="268625" t="при"><g v="PREP"></g></l></v><v><l id="288193" t="пря"><g v="NOUN"></g><g v="inan"></g><g v="femn"></g><g v="Sgtm"></g><g v="Arch"></g><g v="sing"></g><g v="gent"></g></l></v></tfr></token><token text="этом" id="1996546"><tfr rev_id="4547798" t="этом"><v><l id="386575" t="это"><g v="NPRO"></g><g v="neut"></g><g v="sing"></g><g v="loct"></g></l></v><v><l id="386581" t="этот"><g v="ADJF"></g><g v="Subx"></g><g v="Apro"></g><g v="Anph"></g><g v="masc"></g><g v="sing"></g><g v="loct"></g></l></v><v><l id="386581" t="этот"><g v="ADJF"></g><g v="Subx"></g><g v="Apro"></g><g v="Anph"></g><g v="neut"></g><g v="sing"></g><g v="loct"></g></l></v></tfr></token><token text="говорит" id="1996547"><tfr rev_id="4547799" t="говорит"><v><l id="72053" t="говорю"><g v="VERB"></g><g v="impf"></g><g v="tran"></g><g v="sing"></g><g v="3per"></g><g v="pres"></g><g v="indc"></g></l></v></tfr></token><token text="," id="1996548"><tfr rev_id="4547800" t=","><v><l id="0" t=","><g v="PNCT"></g></l></v></tfr></token><token text="что" id="1996549"><tfr rev_id="4547801" t="что"><v><l id="377004" t="что"><g v="CONJ"></g></l></v><v><l id="377005" t="что"><g v="NPRO"></g><g v="neut"></g><g v="sing"></g><g v="accs"></g></l></v><v><l id="377005" t="что"><g v="NPRO"></g><g v="neut"></g><g v="sing"></g><g v="nomn"></g></l></v><v><l id="377006" t="что"><g v="ADVB"></g><g v="Ques"></g></l></v><v><l id="388695" t="что"><g v="PRCL"></g></l></v></tfr></token><token text="эффективность" id="1996550"><tfr rev_id="4547802" t="эффективность"><v><l id="386658" t="эффективность"><g v="NOUN"></g><g v="inan"></g><g v="femn"></g><g v="sing"></g><g v="accs"></g></l></v><v><l id="386658" t="эффективность"><g v="NOUN"></g><g v="inan"></g><g v="femn"></g><g v="sing"></g><g v="nomn"></g></l></v></tfr></token><token text="расходования" id="1996551"><tfr rev_id="4547803" t="расходования"><v><l id="303051" t="расходование"><g v="NOUN"></g><g v="inan"></g><g v="neut"></g><g v="plur"></g><g v="accs"></g></l></v><v><l id="303051" t="расходование"><g v="NOUN"></g><g v="inan"></g><g v="neut"></g><g v="plur"></g><g v="nomn"></g></l></v><v><l id="303051" t="расходование"><g v="NOUN"></g><g v="inan"></g><g v="neut"></g><g v="sing"></g><g v="gent"></g></l></v></tfr></token><token text="бюджетных" id="1996552"><tfr rev_id="4547804" t="бюджетных"><v><l id="37329" t="бюджетный"><g v="ADJF"></g><g v="Qual"></g><g v="anim"></g><g v="plur"></g><g v="accs"></g></l></v><v><l id="37329" t="бюджетный"><g v="ADJF"></g><g v="Qual"></g><g v="plur"></g><g v="gent"></g></l></v><v><l id="37329" t="бюджетный"><g v="ADJF"></g><g v="Qual"></g><g v="plur"></g><g v="loct"></g></l></v></tfr></token><token text="средств" id="1996553"><tfr rev_id="4547805" t="средств"><v><l id="333716" t="средство"><g v="NOUN"></g><g v="inan"></g><g v="neut"></g><g v="plur"></g><g v="gent"></g></l></v></tfr></token><token text="может" id="1996554"><tfr rev_id="4547806" t="может"><v><l id="162457" t="может"><g v="CONJ"></g><g v="Prnt"></g></l></v><v><l id="164485" t="могу"><g v="VERB"></g><g v="impf"></g><g v="intr"></g><g v="sing"></g><g v="3per"></g><g v="pres"></g><g v="indc"></g></l></v></tfr></token><token text="быть" id="1996555"><tfr rev_id="4547807" t="быть"><v><l id="37266" t="быть"><g v="INFN"></g><g v="impf"></g><g v="intr"></g></l></v></tfr></token><token text="повышена" id="1996556"><tfr rev_id="4547808" t="повышена"><v><l id="242987" t="повышен"><g v="PRTS"></g><g v="perf"></g><g v="past"></g><g v="pssv"></g><g v="femn"></g><g v="sing"></g></l></v></tfr></token><token text="за" id="1996557"><tfr rev_id="4547809" t="за"><v><l id="98043" t="за"><g v="PREP"></g></l></v></tfr></token><token text="счёт" id="1996558"><tfr rev_id="4547810" t="счёт"><v><l id="341128" t="счёт"><g v="NOUN"></g><g v="inan"></g><g v="masc"></g><g v="sing"></g><g v="accs"></g></l></v><v><l id="341128" t="счёт"><g v="NOUN"></g><g v="inan"></g><g v="masc"></g><g v="sing"></g><g v="nomn"></g></l></v></tfr></token><token text="сокращения" id="1996559"><tfr rev_id="4547811" t="сокращения"><v><l id="328844" t="сокращение"><g v="NOUN"></g><g v="inan"></g><g v="neut"></g><g v="plur"></g><g v="accs"></g></l></v><v><l id="328844" t="сокращение"><g v="NOUN"></g><g v="inan"></g><g v="neut"></g><g v="plur"></g><g v="nomn"></g></l></v><v><l id="328844" t="сокращение"><g v="NOUN"></g><g v="inan"></g><g v="neut"></g><g v="sing"></g><g v="gent"></g></l></v></tfr></token><token text="учителей" id="1996560"><tfr rev_id="4547812" t="учителей"><v><l id="363287" t="учитель"><g v="NOUN"></g><g v="anim"></g><g v="masc"></g><g v="plur"></g><g v="accs"></g></l></v><v><l id="363287" t="учитель"><g v="NOUN"></g><g v="anim"></g><g v="masc"></g><g v="plur"></g><g v="gent"></g></l></v></tfr></token><token text="." id="1996561"><tfr rev_id="4547813" t="."><v><l id="0" t="."><g v="PNCT"></g></l></v></tfr></token></tokens></sentence></paragraph><paragraph id="38560"><sentence id="110360"><source>Фурсенко оправдался:</source><tokens><token text="Фурсенко" id="1996562"><tfr rev_id="4547814" t="Фурсенко"><v><l id="389012" t="фурсенко"><g v="NOUN"></g><g v="anim"></g><g v="ms-f"></g><g v="Fixd"></g><g v="Surn"></g><g v="plur"></g><g v="ablt"></g></l></v><v><l id="389012" t="фурсенко"><g v="NOUN"></g><g v="anim"></g><g v="ms-f"></g><g v="Fixd"></g><g v="Surn"></g><g v="plur"></g><g v="accs"></g></l></v><v><l id="389012" t="фурсенко"><g v="NOUN"></g><g v="anim"></g><g v="ms-f"></g><g v="Fixd"></g><g v="Surn"></g><g v="plur"></g><g v="datv"></g></l></v><v><l id="389012" t="фурсенко"><g v="NOUN"></g><g v="anim"></g><g v="ms-f"></g><g v="Fixd"></g><g v="Surn"></g><g v="plur"></g><g v="gent"></g></l></v><v><l id="389012" t="фурсенко"><g v="NOUN"></g><g v="anim"></g><g v="ms-f"></g><g v="Fixd"></g><g v="Surn"></g><g v="plur"></g><g v="loct"></g></l></v><v><l id="389012" t="фурсенко"><g v="NOUN"></g><g v="anim"></g><g v="ms-f"></g><g v="Fixd"></g><g v="Surn"></g><g v="plur"></g><g v="nomn"></g></l></v><v><l id="389012" t="фурсенко"><g v="NOUN"></g><g v="anim"></g><g v="ms-f"></g><g v="Fixd"></g><g v="Surn"></g><g v="sing"></g><g v="ablt"></g></l></v><v><l id="389012" t="фурсенко"><g v="NOUN"></g><g v="anim"></g><g v="ms-f"></g><g v="Fixd"></g><g v="Surn"></g><g v="sing"></g><g v="accs"></g></l></v><v><l id="389012" t="фурсенко"><g v="NOUN"></g><g v="anim"></g><g v="ms-f"></g><g v="Fixd"></g><g v="Surn"></g><g v="sing"></g><g v="datv"></g></l></v><v><l id="389012" t="фурсенко"><g v="NOUN"></g><g v="anim"></g><g v="ms-f"></g><g v="Fixd"></g><g v="Surn"></g><g v="sing"></g><g v="gent"></g></l></v><v><l id="389012" t="фурсенко"><g v="NOUN"></g><g v="anim"></g><g v="ms-f"></g><g v="Fixd"></g><g v="Surn"></g><g v="sing"></g><g v="loct"></g></l></v><v><l id="389012" t="фурсенко"><g v="NOUN"></g><g v="anim"></g><g v="ms-f"></g><g v="Fixd"></g><g v="Surn"></g><g v="sing"></g><g v="nomn"></g></l></v></tfr></token><token text="оправдался" id="1996563"><tfr rev_id="4547815" t="оправдался"><v><l id="207919" t="оправдался"><g v="VERB"></g><g v="perf"></g><g v="intr"></g><g v="masc"></g><g v="sing"></g><g v="past"></g><g v="indc"></g></l></v></tfr></token><token text=":" id="1996564"><tfr rev_id="4547816" t=":"><v><l id="0" t=":"><g v="PNCT"></g></l></v></tfr></token></tokens></sentence><sentence id="110361"><source>«Я не предлагал сокращать 200 тыс. учителей.</source><tokens><token text="«" id="1996565"><tfr rev_id="4547817" t="«"><v><l id="0" t="«"><g v="PNCT"></g></l></v></tfr></token><token text="Я" id="1996566"><tfr rev_id="4566261" t="Я"><v><l id="387317" t="я"><g v="NPRO"></g><g v="1per"></g><g v="sing"></g><g v="nomn"></g></l></v></tfr></token><token text="не" id="1996567"><tfr rev_id="4547819" t="не"><v><l id="178876" t="не"><g v="PRCL"></g></l></v></tfr></token><token text="предлагал" id="1996568"><tfr rev_id="4547820" t="предлагал"><v><l id="266518" t="предлагаю"><g v="VERB"></g><g v="impf"></g><g v="tran"></g><g v="masc"></g><g v="sing"></g><g v="past"></g><g v="indc"></g></l></v></tfr></token><token text="сокращать" id="1996569"><tfr rev_id="4547821" t="сокращать"><v><l id="328833" t="сокращать"><g v="INFN"></g><g v="impf"></g><g v="tran"></g></l></v></tfr></token><token text="200" id="1996570"><tfr rev_id="4547822" t="200"><v><l id="0" t="200"><g v="NUMB"></g></l></v></tfr></token><token text="тыс" id="1996571"><tfr rev_id="4547823" t="тыс"><v><l id="389041" t="тыс"><g v="NOUN"></g><g v="inan"></g><g v="femn"></g><g v="Fixd"></g><g v="Abbr"></g><g v="plur"></g><g v="ablt"></g></l></v><v><l id="389041" t="тыс"><g v="NOUN"></g><g v="inan"></g><g v="femn"></g><g v="Fixd"></g><g v="Abbr"></g><g v="plur"></g><g v="accs"></g></l></v><v><l id="389041" t="тыс"><g v="NOUN"></g><g v="inan"></g><g v="femn"></g><g v="Fixd"></g><g v="Abbr"></g><g v="plur"></g><g v="datv"></g></l></v><v><l id="389041" t="тыс"><g v="NOUN"></g><g v="inan"></g><g v="femn"></g><g v="Fixd"></g><g v="Abbr"></g><g v="plur"></g><g v="gent"></g></l></v><v><l id="389041" t="тыс"><g v="NOUN"></g><g v="inan"></g><g v="femn"></g><g v="Fixd"></g><g v="Abbr"></g><g v="plur"></g><g v="loct"></g></l></v><v><l id="389041" t="тыс"><g v="NOUN"></g><g v="inan"></g><g v="femn"></g><g v="Fixd"></g><g v="Abbr"></g><g v="plur"></g><g v="nomn"></g></l></v><v><l id="389041" t="тыс"><g v="NOUN"></g><g v="inan"></g><g v="femn"></g><g v="Fixd"></g><g v="Abbr"></g><g v="sing"></g><g v="ablt"></g></l></v><v><l id="389041" t="тыс"><g v="NOUN"></g><g v="inan"></g><g v="femn"></g><g v="Fixd"></g><g v="Abbr"></g><g v="sing"></g><g v="accs"></g></l></v><v><l id="389041" t="тыс"><g v="NOUN"></g><g v="inan"></g><g v="femn"></g><g v="Fixd"></g><g v="Abbr"></g><g v="sing"></g><g v="datv"></g></l></v><v><l id="389041" t="тыс"><g v="NOUN"></g><g v="inan"></g><g v="femn"></g><g v="Fixd"></g><g v="Abbr"></g><g v="sing"></g><g v="gent"></g></l></v><v><l id="389041" t="тыс"><g v="NOUN"></g><g v="inan"></g><g v="femn"></g><g v="Fixd"></g><g v="Abbr"></g><g v="sing"></g><g v="loct"></g></l></v><v><l id="389041" t="тыс"><g v="NOUN"></g><g v="inan"></g><g v="femn"></g><g v="Fixd"></g><g v="Abbr"></g><g v="sing"></g><g v="nomn"></g></l></v></tfr></token><token text="." id="1996572"><tfr rev_id="4547824" t="."><v><l id="0" t="."><g v="PNCT"></g></l></v></tfr></token><token text="учителей" id="1996573"><tfr rev_id="4547825" t="учителей"><v><l id="363287" t="учитель"><g v="NOUN"></g><g v="anim"></g><g v="masc"></g><g v="plur"></g><g v="accs"></g></l></v><v><l id="363287" t="учитель"><g v="NOUN"></g><g v="anim"></g><g v="masc"></g><g v="plur"></g><g v="gent"></g></l></v></tfr></token><token text="." id="1996574"><tfr rev_id="4547826" t="."><v><l id="0" t="."><g v="PNCT"></g></l></v></tfr></token></tokens></sentence><sentence id="110362"><source>Все, кто реально читал моё интервью (газете «Ведомости»), знают, что таких слов там не было.</source><tokens><token text="Все" id="1996575"><tfr rev_id="4547827" t="Все"><v><l id="42156" t="весь"><g v="ADJF"></g><g v="Subx"></g><g v="Apro"></g><g v="inan"></g><g v="plur"></g><g v="accs"></g></l></v><v><l id="42156" t="весь"><g v="ADJF"></g><g v="Subx"></g><g v="Apro"></g><g v="neut"></g><g v="sing"></g><g v="accs"></g></l></v><v><l id="42156" t="весь"><g v="ADJF"></g><g v="Subx"></g><g v="Apro"></g><g v="neut"></g><g v="sing"></g><g v="nomn"></g></l></v><v><l id="42156" t="весь"><g v="ADJF"></g><g v="Subx"></g><g v="Apro"></g><g v="plur"></g><g v="nomn"></g></l></v><v><l id="390209" t="всё"><g v="PRCL"></g></l></v></tfr></token><token text="," id="1996576"><tfr rev_id="4547828" t=","><v><l id="0" t=","><g v="PNCT"></g></l></v></tfr></token><token text="кто" id="1996577"><tfr rev_id="4547829" t="кто"><v><l id="144216" t="кто"><g v="NPRO"></g><g v="masc"></g><g v="sing"></g><g v="nomn"></g></l></v></tfr></token><token text="реально" id="1996578"><tfr rev_id="4547830" t="реально"><v><l id="304456" t="реально"><g v="ADVB"></g></l></v><v><l id="304460" t="реален"><g v="ADJS"></g><g v="Qual"></g><g v="neut"></g><g v="sing"></g></l></v></tfr></token><token text="читал" id="1996579"><tfr rev_id="4547831" t="читал"><v><l id="376719" t="читаю"><g v="VERB"></g><g v="impf"></g><g v="tran"></g><g v="masc"></g><g v="sing"></g><g v="past"></g><g v="indc"></g></l></v></tfr></token><token text="моё" id="1996580"><tfr rev_id="4547832" t="моё"><v><l id="162570" t="мой"><g v="ADJF"></g><g v="Apro"></g><g v="neut"></g><g v="sing"></g><g v="accs"></g></l></v><v><l id="162570" t="мой"><g v="ADJF"></g><g v="Apro"></g><g v="neut"></g><g v="sing"></g><g v="nomn"></g></l></v></tfr></token><token text="интервью" id="1996581"><tfr rev_id="4547833" t="интервью"><v><l id="123140" t="интервью"><g v="NOUN"></g><g v="inan"></g><g v="neut"></g><g v="Fixd"></g><g v="plur"></g><g v="ablt"></g></l></v><v><l id="123140" t="интервью"><g v="NOUN"></g><g v="inan"></g><g v="neut"></g><g v="Fixd"></g><g v="plur"></g><g v="accs"></g></l></v><v><l id="123140" t="интервью"><g v="NOUN"></g><g v="inan"></g><g v="neut"></g><g v="Fixd"></g><g v="plur"></g><g v="datv"></g></l></v><v><l id="123140" t="интервью"><g v="NOUN"></g><g v="inan"></g><g v="neut"></g><g v="Fixd"></g><g v="plur"></g><g v="gent"></g></l></v><v><l id="123140" t="интервью"><g v="NOUN"></g><g v="inan"></g><g v="neut"></g><g v="Fixd"></g><g v="plur"></g><g v="loct"></g></l></v><v><l id="123140" t="интервью"><g v="NOUN"></g><g v="inan"></g><g v="neut"></g><g v="Fixd"></g><g v="plur"></g><g v="nomn"></g></l></v><v><l id="123140" t="интервью"><g v="NOUN"></g><g v="inan"></g><g v="neut"></g><g v="Fixd"></g><g v="sing"></g><g v="ablt"></g></l></v><v><l id="123140" t="интервью"><g v="NOUN"></g><g v="inan"></g><g v="neut"></g><g v="Fixd"></g><g v="sing"></g><g v="accs"></g></l></v><v><l id="123140" t="интервью"><g v="NOUN"></g><g v="inan"></g><g v="neut"></g><g v="Fixd"></g><g v="sing"></g><g v="datv"></g></l></v><v><l id="123140" t="интервью"><g v="NOUN"></g><g v="inan"></g><g v="neut"></g><g v="Fixd"></g><g v="sing"></g><g v="gent"></g></l></v><v><l id="123140" t="интервью"><g v="NOUN"></g><g v="inan"></g><g v="neut"></g><g v="Fixd"></g><g v="sing"></g><g v="loct"></g></l></v><v><l id="123140" t="интервью"><g v="NOUN"></g><g v="inan"></g><g v="neut"></g><g v="Fixd"></g><g v="sing"></g><g v="nomn"></g></l></v></tfr></token><token text="(" id="1996582"><tfr rev_id="4547834" t="("><v><l id="0" t="("><g v="PNCT"></g></l></v></tfr></token><token text="газете" id="1996583"><tfr rev_id="4575759" t="газете"><v><l id="65825" t="газета"><g v="NOUN"></g><g v="inan"></g><g v="femn"></g><g v="sing"></g><g v="datv"></g></l></v></tfr></token><token text="«" id="1996584"><tfr rev_id="4547836" t="«"><v><l id="0" t="«"><g v="PNCT"></g></l></v></tfr></token><token text="Ведомости" id="1996585"><tfr rev_id="4547837" t="Ведомости"><v><l id="40348" t="ведомость"><g v="NOUN"></g><g v="inan"></g><g v="femn"></g><g v="plur"></g><g v="accs"></g></l></v><v><l id="40348" t="ведомость"><g v="NOUN"></g><g v="inan"></g><g v="femn"></g><g v="plur"></g><g v="nomn"></g></l></v><v><l id="40348" t="ведомость"><g v="NOUN"></g><g v="inan"></g><g v="femn"></g><g v="sing"></g><g v="datv"></g></l></v><v><l id="40348" t="ведомость"><g v="NOUN"></g><g v="inan"></g><g v="femn"></g><g v="sing"></g><g v="gent"></g></l></v><v><l id="40348" t="ведомость"><g v="NOUN"></g><g v="inan"></g><g v="femn"></g><g v="sing"></g><g v="loct"></g></l></v></tfr></token><token text="»" id="1996586"><tfr rev_id="4547838" t="»"><v><l id="0" t="»"><g v="PNCT"></g></l></v></tfr></token><token text=")" id="1996587"><tfr rev_id="4547839" t=")"><v><l id="0" t=")"><g v="PNCT"></g></l></v></tfr></token><token text="," id="1996588"><tfr rev_id="4547840" t=","><v><l id="0" t=","><g v="PNCT"></g></l></v></tfr></token><token text="знают" id="1996589"><tfr rev_id="4547841" t="знают"><v><l id="115989" t="знаю"><g v="VERB"></g><g v="impf"></g><g v="tran"></g><g v="plur"></g><g v="3per"></g><g v="pres"></g><g v="indc"></g></l></v></tfr></token><token text="," id="1996590"><tfr rev_id="4547842" t=","><v><l id="0" t=","><g v="PNCT"></g></l></v></tfr></token><token text="что" id="1996591"><tfr rev_id="4547843" t="что"><v><l id="377004" t="что"><g v="CONJ"></g></l></v><v><l id="377005" t="что"><g v="NPRO"></g><g v="neut"></g><g v="sing"></g><g v="accs"></g></l></v><v><l id="377005" t="что"><g v="NPRO"></g><g v="neut"></g><g v="sing"></g><g v="nomn"></g></l></v><v><l id="377006" t="что"><g v="ADVB"></g><g v="Ques"></g></l></v><v><l id="388695" t="что"><g v="PRCL"></g></l></v></tfr></token><token text="таких" id="1996592"><tfr rev_id="4547844" t="таких"><v><l id="342491" t="такой"><g v="ADJF"></g><g v="Apro"></g><g v="anim"></g><g v="plur"></g><g v="accs"></g></l></v><v><l id="342491" t="такой"><g v="ADJF"></g><g v="Apro"></g><g v="plur"></g><g v="gent"></g></l></v><v><l id="342491" t="такой"><g v="ADJF"></g><g v="Apro"></g><g v="plur"></g><g v="loct"></g></l></v></tfr></token><token text="слов" id="1996593"><tfr rev_id="4547845" t="слов"><v><l id="325168" t="слово"><g v="NOUN"></g><g v="inan"></g><g v="neut"></g><g v="plur"></g><g v="gent"></g></l></v></tfr></token><token text="там" id="1996594"><tfr rev_id="4547846" t="там"><v><l id="342752" t="там"><g v="PRCL"></g></l></v><v><l id="342753" t="там"><g v="ADVB"></g><g v="Dmns"></g></l></v></tfr></token><token text="не" id="1996595"><tfr rev_id="4547847" t="не"><v><l id="178876" t="не"><g v="PRCL"></g></l></v></tfr></token><token text="было" id="1996596"><tfr rev_id="4547848" t="было"><v><l id="37044" t="было"><g v="PRCL"></g></l></v><v><l id="37265" t="есть"><g v="VERB"></g><g v="impf"></g><g v="intr"></g><g v="neut"></g><g v="sing"></g><g v="past"></g><g v="indc"></g></l></v></tfr></token><token text="." id="1996597"><tfr rev_id="4547849" t="."><v><l id="0" t="."><g v="PNCT"></g></l></v></tfr></token></tokens></sentence><sentence id="110363"><source>Разговор был по поводу нецелевых расходов на образование», «...за последние 10—12 лет количество учащихся сократилось с 22 миллионов до 13.</source><tokens><token text="Разговор" id="1996598"><tfr rev_id="4547850" t="Разговор"><v><l id="293018" t="разговор"><g v="NOUN"></g><g v="inan"></g><g v="masc"></g><g v="sing"></g><g v="accs"></g></l></v><v><l id="293018" t="разговор"><g v="NOUN"></g><g v="inan"></g><g v="masc"></g><g v="sing"></g><g v="nomn"></g></l></v></tfr></token><token text="был" id="1996599"><tfr rev_id="4547851" t="был"><v><l id="37265" t="есть"><g v="VERB"></g><g v="impf"></g><g v="intr"></g><g v="masc"></g><g v="sing"></g><g v="past"></g><g v="indc"></g></l></v></tfr></token><token text="по" id="1996600"><tfr rev_id="4565591" t="по"><v><l id="241240" t="по"><g v="PREP"></g></l></v><v><l id="390394" t="по"><g v="NOUN"></g><g v="anim"></g><g v="ms-f"></g><g v="Fixd"></g><g v="Surn"></g><g v="plur"></g><g v="ablt"></g></l></v><v><l id="390394" t="по"><g v="NOUN"></g><g v="anim"></g><g v="ms-f"></g><g v="Fixd"></g><g v="Surn"></g><g v="plur"></g><g v="accs"></g></l></v><v><l id="390394" t="по"><g v="NOUN"></g><g v="anim"></g><g v="ms-f"></g><g v="Fixd"></g><g v="Surn"></g><g v="plur"></g><g v="datv"></g></l></v><v><l id="390394" t="по"><g v="NOUN"></g><g v="anim"></g><g v="ms-f"></g><g v="Fixd"></g><g v="Surn"></g><g v="plur"></g><g v="gent"></g></l></v><v><l id="390394" t="по"><g v="NOUN"></g><g v="anim"></g><g v="ms-f"></g><g v="Fixd"></g><g v="Surn"></g><g v="plur"></g><g v="loct"></g></l></v><v><l id="390394" t="по"><g v="NOUN"></g><g v="anim"></g><g v="ms-f"></g><g v="Fixd"></g><g v="Surn"></g><g v="plur"></g><g v="nomn"></g></l></v><v><l id="390394" t="по"><g v="NOUN"></g><g v="anim"></g><g v="ms-f"></g><g v="Fixd"></g><g v="Surn"></g><g v="sing"></g><g v="ablt"></g></l></v><v><l id="390394" t="по"><g v="NOUN"></g><g v="anim"></g><g v="ms-f"></g><g v="Fixd"></g><g v="Surn"></g><g v="sing"></g><g v="accs"></g></l></v><v><l id="390394" t="по"><g v="NOUN"></g><g v="anim"></g><g v="ms-f"></g><g v="Fixd"></g><g v="Surn"></g><g v="sing"></g><g v="datv"></g></l></v><v><l id="390394" t="по"><g v="NOUN"></g><g v="anim"></g><g v="ms-f"></g><g v="Fixd"></g><g v="Surn"></g><g v="sing"></g><g v="gent"></g></l></v><v><l id="390394" t="по"><g v="NOUN"></g><g v="anim"></g><g v="ms-f"></g><g v="Fixd"></g><g v="Surn"></g><g v="sing"></g><g v="loct"></g></l></v><v><l id="390394" t="по"><g v="NOUN"></g><g v="anim"></g><g v="ms-f"></g><g v="Fixd"></g><g v="Surn"></g><g v="sing"></g><g v="nomn"></g></l></v></tfr></token><token text="поводу" id="1996601"><tfr rev_id="4547853" t="поводу"><v><l id="242551" t="повод"><g v="NOUN"></g><g v="inan"></g><g v="masc"></g><g v="sing"></g><g v="datv"></g></l></v><v><l id="242551" t="повод"><g v="NOUN"></g><g v="inan"></g><g v="masc"></g><g v="sing"></g><g v="loc2"></g></l></v></tfr></token><token text="нецелевых" id="1996602"><tfr rev_id="4547854" t="нецелевых"><v><l id="189952" t="нецелевой"><g v="ADJF"></g><g v="anim"></g><g v="plur"></g><g v="accs"></g></l></v><v><l id="189952" t="нецелевой"><g v="ADJF"></g><g v="plur"></g><g v="gent"></g></l></v><v><l id="189952" t="нецелевой"><g v="ADJF"></g><g v="plur"></g><g v="loct"></g></l></v></tfr></token><token text="расходов" id="1996603"><tfr rev_id="4547855" t="расходов"><v><l id="303036" t="расход"><g v="NOUN"></g><g v="inan"></g><g v="masc"></g><g v="plur"></g><g v="gent"></g></l></v></tfr></token><token text="на" id="1996604"><tfr rev_id="4576514" t="на"><v><l id="166264" t="на"><g v="PREP"></g></l></v></tfr></token><token text="образование" id="1996605"><tfr rev_id="4547857" t="образование"><v><l id="198798" t="образование"><g v="NOUN"></g><g v="inan"></g><g v="neut"></g><g v="sing"></g><g v="accs"></g></l></v><v><l id="198798" t="образование"><g v="NOUN"></g><g v="inan"></g><g v="neut"></g><g v="sing"></g><g v="nomn"></g></l></v></tfr></token><token text="»" id="1996606"><tfr rev_id="4547858" t="»"><v><l id="0" t="»"><g v="PNCT"></g></l></v></tfr></token><token text="," id="1996607"><tfr rev_id="4547859" t=","><v><l id="0" t=","><g v="PNCT"></g></l></v></tfr></token><token text="«" id="1996608"><tfr rev_id="4547860" t="«"><v><l id="0" t="«"><g v="PNCT"></g></l></v></tfr></token><token text="..." id="1996609"><tfr rev_id="4547861" t="..."><v><l id="0" t="..."><g v="PNCT"></g></l></v></tfr></token><token text="за" id="1996610"><tfr rev_id="4547862" t="за"><v><l id="98043" t="за"><g v="PREP"></g></l></v></tfr></token><token text="последние" id="1996611"><tfr rev_id="4547863" t="последние"><v><l id="261565" t="последний"><g v="ADJF"></g><g v="inan"></g><g v="plur"></g><g v="accs"></g></l></v><v><l id="261565" t="последний"><g v="ADJF"></g><g v="plur"></g><g v="nomn"></g></l></v></tfr></token><token text="10" id="1996612"><tfr rev_id="4547864" t="10"><v><l id="0" t="10"><g v="NUMB"></g></l></v></tfr></token><token text="—" id="1996613"><tfr rev_id="4547865" t="—"><v><l id="0" t="—"><g v="PNCT"></g></l></v></tfr></token><token text="12" id="1996614"><tfr rev_id="4547866" t="12"><v><l id="0" t="12"><g v="NUMB"></g></l></v></tfr></token><token text="лет" id="1996615"><tfr rev_id="4547867" t="лет"><v><l id="72149" t="год"><g v="NOUN"></g><g v="inan"></g><g v="masc"></g><g v="plur"></g><g v="gent"></g></l></v><v><l id="146077" t="лёт"><g v="NOUN"></g><g v="inan"></g><g v="masc"></g><g v="sing"></g><g v="accs"></g></l></v><v><l id="146077" t="лёт"><g v="NOUN"></g><g v="inan"></g><g v="masc"></g><g v="sing"></g><g v="nomn"></g></l></v></tfr></token><token text="количество" id="1996616"><tfr rev_id="4547868" t="количество"><v><l id="135983" t="количество"><g v="NOUN"></g><g v="inan"></g><g v="neut"></g><g v="sing"></g><g v="accs"></g></l></v><v><l id="135983" t="количество"><g v="NOUN"></g><g v="inan"></g><g v="neut"></g><g v="sing"></g><g v="nomn"></g></l></v></tfr></token><token text="учащихся" id="1996617"><tfr rev_id="4547869" t="учащихся"><v><l id="363174" t="учащийся"><g v="ADJF"></g><g v="Subx"></g><g v="anim"></g><g v="plur"></g><g v="accs"></g></l></v><v><l id="363174" t="учащийся"><g v="ADJF"></g><g v="Subx"></g><g v="plur"></g><g v="gent"></g></l></v><v><l id="363174" t="учащийся"><g v="ADJF"></g><g v="Subx"></g><g v="plur"></g><g v="loct"></g></l></v><v><l id="363324" t="учащийся"><g v="PRTF"></g><g v="Subx"></g><g v="impf"></g><g v="intr"></g><g v="pres"></g><g v="actv"></g><g v="anim"></g><g v="plur"></g><g v="accs"></g></l></v><v><l id="363324" t="учащийся"><g v="PRTF"></g><g v="Subx"></g><g v="impf"></g><g v="intr"></g><g v="pres"></g><g v="actv"></g><g v="plur"></g><g v="gent"></g></l></v><v><l id="363324" t="учащийся"><g v="PRTF"></g><g v="Subx"></g><g v="impf"></g><g v="intr"></g><g v="pres"></g><g v="actv"></g><g v="plur"></g><g v="loct"></g></l></v></tfr></token><token text="сократилось" id="1996618"><tfr rev_id="4547870" t="сократилось"><v><l id="328824" t="сократился"><g v="VERB"></g><g v="perf"></g><g v="intr"></g><g v="neut"></g><g v="sing"></g><g v="past"></g><g v="indc"></g></l></v></tfr></token><token text="с" id="1996619"><tfr rev_id="4565779" t="с"><v><l id="311151" t="с"><g v="PREP"></g></l></v><v><l id="390349" t="с"><g v="PRCL"></g></l></v></tfr></token><token text="22" id="1996620"><tfr rev_id="4547872" t="22"><v><l id="0" t="22"><g v="NUMB"></g></l></v></tfr></token><token text="миллионов" id="1996621"><tfr rev_id="4547873" t="миллионов"><v><l id="160260" t="миллион"><g v="NOUN"></g><g v="inan"></g><g v="masc"></g><g v="plur"></g><g v="gent"></g></l></v></tfr></token><token text="до" id="1996622"><tfr rev_id="4547874" t="до"><v><l id="85153" t="до"><g v="PREP"></g></l></v></tfr></token><token text="13" id="1996623"><tfr rev_id="4547875" t="13"><v><l id="0" t="13"><g v="NUMB"></g></l></v></tfr></token><token text="." id="1996624"><tfr rev_id="4547876" t="."><v><l id="0" t="."><g v="PNCT"></g></l></v></tfr></token></tokens></sentence><sentence id="110364"><source>А количество учителей сократилось меньше.</source><tokens><token text="А" id="1996625"><tfr rev_id="4566105" t="А"><v><l id="51" t="а"><g v="CONJ"></g></l></v><v><l id="52" t="а"><g v="INTJ"></g></l></v><v><l id="53" t="а"><g v="PRCL"></g></l></v></tfr></token><token text="количество" id="1996626"><tfr rev_id="4547878" t="количество"><v><l id="135983" t="количество"><g v="NOUN"></g><g v="inan"></g><g v="neut"></g><g v="sing"></g><g v="accs"></g></l></v><v><l id="135983" t="количество"><g v="NOUN"></g><g v="inan"></g><g v="neut"></g><g v="sing"></g><g v="nomn"></g></l></v></tfr></token><token text="учителей" id="1996627"><tfr rev_id="4547879" t="учителей"><v><l id="363287" t="учитель"><g v="NOUN"></g><g v="anim"></g><g v="masc"></g><g v="plur"></g><g v="accs"></g></l></v><v><l id="363287" t="учитель"><g v="NOUN"></g><g v="anim"></g><g v="masc"></g><g v="plur"></g><g v="gent"></g></l></v></tfr></token><token text="сократилось" id="1996628"><tfr rev_id="4547880" t="сократилось"><v><l id="328824" t="сократился"><g v="VERB"></g><g v="perf"></g><g v="intr"></g><g v="neut"></g><g v="sing"></g><g v="past"></g><g v="indc"></g></l></v></tfr></token><token text="меньше" id="1996629"><tfr rev_id="4547881" t="меньше"><v><l id="153697" t="меньше"><g v="COMP"></g><g v="Qual"></g></l></v></tfr></token><token text="." id="1996630"><tfr rev_id="4547882" t="."><v><l id="0" t="."><g v="PNCT"></g></l></v></tfr></token></tokens></sentence><sentence id="110365"><source>У нас 13 млн школьников и 1 млн 200 тыс. педагогов.</source><tokens><token text="У" id="1996631"><tfr rev_id="4566355" t="У"><v><l id="352818" t="у"><g v="PREP"></g></l></v><v><l id="352819" t="у"><g v="INTJ"></g></l></v></tfr></token><token text="нас" id="1996632"><tfr rev_id="4547884" t="нас"><v><l id="165750" t="мы"><g v="NPRO"></g><g v="1per"></g><g v="plur"></g><g v="accs"></g></l></v><v><l id="165750" t="мы"><g v="NPRO"></g><g v="1per"></g><g v="plur"></g><g v="gent"></g></l></v><v><l id="165750" t="мы"><g v="NPRO"></g><g v="1per"></g><g v="plur"></g><g v="loct"></g></l></v></tfr></token><token text="13" id="1996633"><tfr rev_id="4547885" t="13"><v><l id="0" t="13"><g v="NUMB"></g></l></v></tfr></token><token text="млн" id="1996634"><tfr rev_id="4547886" t="млн"><v><l id="389040" t="млн"><g v="NOUN"></g><g v="inan"></g><g v="masc"></g><g v="Fixd"></g><g v="Abbr"></g><g v="plur"></g><g v="ablt"></g></l></v><v><l id="389040" t="млн"><g v="NOUN"></g><g v="inan"></g><g v="masc"></g><g v="Fixd"></g><g v="Abbr"></g><g v="plur"></g><g v="accs"></g></l></v><v><l id="389040" t="млн"><g v="NOUN"></g><g v="inan"></g><g v="masc"></g><g v="Fixd"></g><g v="Abbr"></g><g v="plur"></g><g v="datv"></g></l></v><v><l id="389040" t="млн"><g v="NOUN"></g><g v="inan"></g><g v="masc"></g><g v="Fixd"></g><g v="Abbr"></g><g v="plur"></g><g v="gent"></g></l></v><v><l id="389040" t="млн"><g v="NOUN"></g><g v="inan"></g><g v="masc"></g><g v="Fixd"></g><g v="Abbr"></g><g v="plur"></g><g v="loct"></g></l></v><v><l id="389040" t="млн"><g v="NOUN"></g><g v="inan"></g><g v="masc"></g><g v="Fixd"></g><g v="Abbr"></g><g v="plur"></g><g v="nomn"></g></l></v><v><l id="389040" t="млн"><g v="NOUN"></g><g v="inan"></g><g v="masc"></g><g v="Fixd"></g><g v="Abbr"></g><g v="sing"></g><g v="ablt"></g></l></v><v><l id="389040" t="млн"><g v="NOUN"></g><g v="inan"></g><g v="masc"></g><g v="Fixd"></g><g v="Abbr"></g><g v="sing"></g><g v="accs"></g></l></v><v><l id="389040" t="млн"><g v="NOUN"></g><g v="inan"></g><g v="masc"></g><g v="Fixd"></g><g v="Abbr"></g><g v="sing"></g><g v="datv"></g></l></v><v><l id="389040" t="млн"><g v="NOUN"></g><g v="inan"></g><g v="masc"></g><g v="Fixd"></g><g v="Abbr"></g><g v="sing"></g><g v="gent"></g></l></v><v><l id="389040" t="млн"><g v="NOUN"></g><g v="inan"></g><g v="masc"></g><g v="Fixd"></g><g v="Abbr"></g><g v="sing"></g><g v="loct"></g></l></v><v><l id="389040" t="млн"><g v="NOUN"></g><g v="inan"></g><g v="masc"></g><g v="Fixd"></g><g v="Abbr"></g><g v="sing"></g><g v="nomn"></g></l></v></tfr></token><token text="школьников" id="1996635"><tfr rev_id="4547887" t="школьников"><v><l id="380237" t="школьник"><g v="NOUN"></g><g v="anim"></g><g v="masc"></g><g v="plur"></g><g v="accs"></g></l></v><v><l id="380237" t="школьник"><g v="NOUN"></g><g v="anim"></g><g v="masc"></g><g v="plur"></g><g v="gent"></g></l></v><v><l id="380238" t="школьников"><g v="NOUN"></g><g v="anim"></g><g v="masc"></g><g v="Sgtm"></g><g v="Surn"></g><g v="sing"></g><g v="nomn"></g></l></v></tfr></token><token text="и" id="1996636"><tfr rev_id="4566360" t="и"><v><l id="116949" t="и"><g v="CONJ"></g></l></v><v><l id="116950" t="и"><g v="INTJ"></g></l></v><v><l id="388747" t="и"><g v="PRCL"></g></l></v></tfr></token><token text="1" id="1996637"><tfr rev_id="4547889" t="1"><v><l id="0" t="1"><g v="NUMB"></g></l></v></tfr></token><token text="млн" id="1996638"><tfr rev_id="4547890" t="млн"><v><l id="389040" t="млн"><g v="NOUN"></g><g v="inan"></g><g v="masc"></g><g v="Fixd"></g><g v="Abbr"></g><g v="plur"></g><g v="ablt"></g></l></v><v><l id="389040" t="млн"><g v="NOUN"></g><g v="inan"></g><g v="masc"></g><g v="Fixd"></g><g v="Abbr"></g><g v="plur"></g><g v="accs"></g></l></v><v><l id="389040" t="млн"><g v="NOUN"></g><g v="inan"></g><g v="masc"></g><g v="Fixd"></g><g v="Abbr"></g><g v="plur"></g><g v="datv"></g></l></v><v><l id="389040" t="млн"><g v="NOUN"></g><g v="inan"></g><g v="masc"></g><g v="Fixd"></g><g v="Abbr"></g><g v="plur"></g><g v="gent"></g></l></v><v><l id="389040" t="млн"><g v="NOUN"></g><g v="inan"></g><g v="masc"></g><g v="Fixd"></g><g v="Abbr"></g><g v="plur"></g><g v="loct"></g></l></v><v><l id="389040" t="млн"><g v="NOUN"></g><g v="inan"></g><g v="masc"></g><g v="Fixd"></g><g v="Abbr"></g><g v="plur"></g><g v="nomn"></g></l></v><v><l id="389040" t="млн"><g v="NOUN"></g><g v="inan"></g><g v="masc"></g><g v="Fixd"></g><g v="Abbr"></g><g v="sing"></g><g v="ablt"></g></l></v><v><l id="389040" t="млн"><g v="NOUN"></g><g v="inan"></g><g v="masc"></g><g v="Fixd"></g><g v="Abbr"></g><g v="sing"></g><g v="accs"></g></l></v><v><l id="389040" t="млн"><g v="NOUN"></g><g v="inan"></g><g v="masc"></g><g v="Fixd"></g><g v="Abbr"></g><g v="sing"></g><g v="datv"></g></l></v><v><l id="389040" t="млн"><g v="NOUN"></g><g v="inan"></g><g v="masc"></g><g v="Fixd"></g><g v="Abbr"></g><g v="sing"></g><g v="gent"></g></l></v><v><l id="389040" t="млн"><g v="NOUN"></g><g v="inan"></g><g v="masc"></g><g v="Fixd"></g><g v="Abbr"></g><g v="sing"></g><g v="loct"></g></l></v><v><l id="389040" t="млн"><g v="NOUN"></g><g v="inan"></g><g v="masc"></g><g v="Fixd"></g><g v="Abbr"></g><g v="sing"></g><g v="nomn"></g></l></v></tfr></token><token text="200" id="1996639"><tfr rev_id="4547891" t="200"><v><l id="0" t="200"><g v="NUMB"></g></l></v></tfr></token><token text="тыс" id="1996640"><tfr rev_id="4547892" t="тыс"><v><l id="389041" t="тыс"><g v="NOUN"></g><g v="inan"></g><g v="femn"></g><g v="Fixd"></g><g v="Abbr"></g><g v="plur"></g><g v="ablt"></g></l></v><v><l id="389041" t="тыс"><g v="NOUN"></g><g v="inan"></g><g v="femn"></g><g v="Fixd"></g><g v="Abbr"></g><g v="plur"></g><g v="accs"></g></l></v><v><l id="389041" t="тыс"><g v="NOUN"></g><g v="inan"></g><g v="femn"></g><g v="Fixd"></g><g v="Abbr"></g><g v="plur"></g><g v="datv"></g></l></v><v><l id="389041" t="тыс"><g v="NOUN"></g><g v="inan"></g><g v="femn"></g><g v="Fixd"></g><g v="Abbr"></g><g v="plur"></g><g v="gent"></g></l></v><v><l id="389041" t="тыс"><g v="NOUN"></g><g v="inan"></g><g v="femn"></g><g v="Fixd"></g><g v="Abbr"></g><g v="plur"></g><g v="loct"></g></l></v><v><l id="389041" t="тыс"><g v="NOUN"></g><g v="inan"></g><g v="femn"></g><g v="Fixd"></g><g v="Abbr"></g><g v="plur"></g><g v="nomn"></g></l></v><v><l id="389041" t="тыс"><g v="NOUN"></g><g v="inan"></g><g v="femn"></g><g v="Fixd"></g><g v="Abbr"></g><g v="sing"></g><g v="ablt"></g></l></v><v><l id="389041" t="тыс"><g v="NOUN"></g><g v="inan"></g><g v="femn"></g><g v="Fixd"></g><g v="Abbr"></g><g v="sing"></g><g v="accs"></g></l></v><v><l id="389041" t="тыс"><g v="NOUN"></g><g v="inan"></g><g v="femn"></g><g v="Fixd"></g><g v="Abbr"></g><g v="sing"></g><g v="datv"></g></l></v><v><l id="389041" t="тыс"><g v="NOUN"></g><g v="inan"></g><g v="femn"></g><g v="Fixd"></g><g v="Abbr"></g><g v="sing"></g><g v="gent"></g></l></v><v><l id="389041" t="тыс"><g v="NOUN"></g><g v="inan"></g><g v="femn"></g><g v="Fixd"></g><g v="Abbr"></g><g v="sing"></g><g v="loct"></g></l></v><v><l id="389041" t="тыс"><g v="NOUN"></g><g v="inan"></g><g v="femn"></g><g v="Fixd"></g><g v="Abbr"></g><g v="sing"></g><g v="nomn"></g></l></v></tfr></token><token text="." id="1996641"><tfr rev_id="4547893" t="."><v><l id="0" t="."><g v="PNCT"></g></l></v></tfr></token><token text="педагогов" id="1996642"><tfr rev_id="4547894" t="педагогов"><v><l id="225603" t="педагог"><g v="NOUN"></g><g v="anim"></g><g v="masc"></g><g v="plur"></g><g v="accs"></g></l></v><v><l id="225603" t="педагог"><g v="NOUN"></g><g v="anim"></g><g v="masc"></g><g v="plur"></g><g v="gent"></g></l></v></tfr></token><token text="." id="1996643"><tfr rev_id="4547895" t="."><v><l id="0" t="."><g v="PNCT"></g></l></v></tfr></token></tokens></sentence><sentence id="110366"><source>Исходя из цифр по разным странам, соотношение 1 к 13 среднее, общепринятое.</source><tokens><token text="Исходя" id="1996644"><tfr rev_id="4547896" t="Исходя"><v><l id="126766" t="исходя"><g v="GRND"></g><g v="impf"></g><g v="intr"></g><g v="pres"></g></l></v></tfr></token><token text="из" id="1996645"><tfr rev_id="4547897" t="из"><v><l id="117677" t="из"><g v="PREP"></g></l></v><v><l id="117681" t="иза"><g v="NOUN"></g><g v="anim"></g><g v="femn"></g><g v="Name"></g><g v="plur"></g><g v="accs"></g></l></v><v><l id="117681" t="иза"><g v="NOUN"></g><g v="anim"></g><g v="femn"></g><g v="Name"></g><g v="plur"></g><g v="gent"></g></l></v></tfr></token><token text="цифр" id="1996646"><tfr rev_id="4547898" t="цифр"><v><l id="374165" t="цифра"><g v="NOUN"></g><g v="inan"></g><g v="femn"></g><g v="plur"></g><g v="gent"></g></l></v></tfr></token><token text="по" id="1996647"><tfr rev_id="4575030" t="по"><v><l id="241240" t="по"><g v="PREP"></g></l></v></tfr></token><token text="разным" id="1996648"><tfr rev_id="4547900" t="разным"><v><l id="296007" t="разный"><g v="ADJF"></g><g v="Qual"></g><g v="masc"></g><g v="sing"></g><g v="ablt"></g></l></v><v><l id="296007" t="разный"><g v="ADJF"></g><g v="Qual"></g><g v="neut"></g><g v="sing"></g><g v="ablt"></g></l></v><v><l id="296007" t="разный"><g v="ADJF"></g><g v="Qual"></g><g v="plur"></g><g v="datv"></g></l></v></tfr></token><token text="странам" id="1996649"><tfr rev_id="4547901" t="странам"><v><l id="337100" t="страна"><g v="NOUN"></g><g v="inan"></g><g v="femn"></g><g v="plur"></g><g v="datv"></g></l></v></tfr></token><token text="," id="1996650"><tfr rev_id="4547902" t=","><v><l id="0" t=","><g v="PNCT"></g></l></v></tfr></token><token text="соотношение" id="1996651"><tfr rev_id="4547903" t="соотношение"><v><l id="329661" t="соотношение"><g v="NOUN"></g><g v="inan"></g><g v="neut"></g><g v="sing"></g><g v="accs"></g></l></v><v><l id="329661" t="соотношение"><g v="NOUN"></g><g v="inan"></g><g v="neut"></g><g v="sing"></g><g v="nomn"></g></l></v></tfr></token><token text="1" id="1996652"><tfr rev_id="4547904" t="1"><v><l id="0" t="1"><g v="NUMB"></g></l></v></tfr></token><token text="к" id="1996653"><tfr rev_id="4566219" t="к"><v><l id="127460" t="к"><g v="PREP"></g></l></v></tfr></token><token text="13" id="1996654"><tfr rev_id="4547906" t="13"><v><l id="0" t="13"><g v="NUMB"></g></l></v></tfr></token><token text="среднее" id="1996655"><tfr rev_id="4577137" t="среднее"><v><l id="333705" t="средний"><g v="ADJF"></g><g v="neut"></g><g v="sing"></g><g v="accs"></g></l></v><v><l id="333705" t="средний"><g v="ADJF"></g><g v="neut"></g><g v="sing"></g><g v="nomn"></g></l></v></tfr></token><token text="," id="1996656"><tfr rev_id="4547908" t=","><v><l id="0" t=","><g v="PNCT"></g></l></v></tfr></token><token text="общепринятое" id="1996657"><tfr rev_id="4547909" t="общепринятое"><v><l id="201558" t="общепринятый"><g v="ADJF"></g><g v="neut"></g><g v="sing"></g><g v="accs"></g></l></v><v><l id="201558" t="общепринятый"><g v="ADJF"></g><g v="neut"></g><g v="sing"></g><g v="nomn"></g></l></v></tfr></token><token text="." id="1996658"><tfr rev_id="4547910" t="."><v><l id="0" t="."><g v="PNCT"></g></l></v></tfr></token></tokens></sentence><sentence id="110367"><source>Вот поэтому можно насчитать такую цифру — 200 тыс. человек»,</source><tokens><token text="Вот" id="1996659"><tfr rev_id="4547911" t="Вот"><v><l id="52157" t="вот"><g v="PRCL"></g></l></v></tfr></token><token text="поэтому" id="1996660"><tfr rev_id="4547912" t="поэтому"><v><l id="265490" t="поэтому"><g v="ADVB"></g></l></v></tfr></token><token text="можно" id="1996661"><tfr rev_id="4547913" t="можно"><v><l id="162467" t="можно"><g v="PRED"></g><g v="pres"></g></l></v></tfr></token><token text="насчитать" id="1996662"><tfr rev_id="4547914" t="насчитать"><v><l id="176577" t="насчитать"><g v="INFN"></g><g v="perf"></g><g v="tran"></g></l></v></tfr></token><token text="такую" id="1996663"><tfr rev_id="4547915" t="такую"><v><l id="342491" t="такой"><g v="ADJF"></g><g v="Apro"></g><g v="femn"></g><g v="sing"></g><g v="accs"></g></l></v></tfr></token><token text="цифру" id="1996664"><tfr rev_id="4547916" t="цифру"><v><l id="374165" t="цифра"><g v="NOUN"></g><g v="inan"></g><g v="femn"></g><g v="sing"></g><g v="accs"></g></l></v></tfr></token><token text="—" id="1996665"><tfr rev_id="4547917" t="—"><v><l id="0" t="—"><g v="PNCT"></g></l></v></tfr></token><token text="200" id="1996666"><tfr rev_id="4547918" t="200"><v><l id="0" t="200"><g v="NUMB"></g></l></v></tfr></token><token text="тыс" id="1996667"><tfr rev_id="4547919" t="тыс"><v><l id="389041" t="тыс"><g v="NOUN"></g><g v="inan"></g><g v="femn"></g><g v="Fixd"></g><g v="Abbr"></g><g v="plur"></g><g v="ablt"></g></l></v><v><l id="389041" t="тыс"><g v="NOUN"></g><g v="inan"></g><g v="femn"></g><g v="Fixd"></g><g v="Abbr"></g><g v="plur"></g><g v="accs"></g></l></v><v><l id="389041" t="тыс"><g v="NOUN"></g><g v="inan"></g><g v="femn"></g><g v="Fixd"></g><g v="Abbr"></g><g v="plur"></g><g v="datv"></g></l></v><v><l id="389041" t="тыс"><g v="NOUN"></g><g v="inan"></g><g v="femn"></g><g v="Fixd"></g><g v="Abbr"></g><g v="plur"></g><g v="gent"></g></l></v><v><l id="389041" t="тыс"><g v="NOUN"></g><g v="inan"></g><g v="femn"></g><g v="Fixd"></g><g v="Abbr"></g><g v="plur"></g><g v="loct"></g></l></v><v><l id="389041" t="тыс"><g v="NOUN"></g><g v="inan"></g><g v="femn"></g><g v="Fixd"></g><g v="Abbr"></g><g v="plur"></g><g v="nomn"></g></l></v><v><l id="389041" t="тыс"><g v="NOUN"></g><g v="inan"></g><g v="femn"></g><g v="Fixd"></g><g v="Abbr"></g><g v="sing"></g><g v="ablt"></g></l></v><v><l id="389041" t="тыс"><g v="NOUN"></g><g v="inan"></g><g v="femn"></g><g v="Fixd"></g><g v="Abbr"></g><g v="sing"></g><g v="accs"></g></l></v><v><l id="389041" t="тыс"><g v="NOUN"></g><g v="inan"></g><g v="femn"></g><g v="Fixd"></g><g v="Abbr"></g><g v="sing"></g><g v="datv"></g></l></v><v><l id="389041" t="тыс"><g v="NOUN"></g><g v="inan"></g><g v="femn"></g><g v="Fixd"></g><g v="Abbr"></g><g v="sing"></g><g v="gent"></g></l></v><v><l id="389041" t="тыс"><g v="NOUN"></g><g v="inan"></g><g v="femn"></g><g v="Fixd"></g><g v="Abbr"></g><g v="sing"></g><g v="loct"></g></l></v><v><l id="389041" t="тыс"><g v="NOUN"></g><g v="inan"></g><g v="femn"></g><g v="Fixd"></g><g v="Abbr"></g><g v="sing"></g><g v="nomn"></g></l></v></tfr></token><token text="." id="1996668"><tfr rev_id="4547920" t="."><v><l id="0" t="."><g v="PNCT"></g></l></v></tfr></token><token text="человек" id="1996669"><tfr rev_id="4547921" t="человек"><v><l id="375073" t="человек"><g v="NOUN"></g><g v="anim"></g><g v="masc"></g><g v="plur"></g><g v="gent"></g></l></v><v><l id="375073" t="человек"><g v="NOUN"></g><g v="anim"></g><g v="masc"></g><g v="sing"></g><g v="nomn"></g></l></v></tfr></token><token text="»" id="1996670"><tfr rev_id="4547922" t="»"><v><l id="0" t="»"><g v="PNCT"></g></l></v></tfr></token><token text="," id="1996671"><tfr rev_id="4547923" t=","><v><l id="0" t=","><g v="PNCT"></g></l></v></tfr></token></tokens></sentence><sentence id="110368"><source>— процитировало министра РИА «Новости».</source><tokens><token text="—" id="1996672"><tfr rev_id="4547924" t="—"><v><l id="0" t="—"><g v="PNCT"></g></l></v></tfr></token><token text="процитировало" id="1996673"><tfr rev_id="4547925" t="процитировало"><v><l id="287376" t="процитировал"><g v="VERB"></g><g v="perf"></g><g v="tran"></g><g v="neut"></g><g v="sing"></g><g v="past"></g><g v="indc"></g></l></v></tfr></token><token text="министра" id="1996674"><tfr rev_id="4547926" t="министра"><v><l id="160614" t="министр"><g v="NOUN"></g><g v="anim"></g><g v="masc"></g><g v="sing"></g><g v="accs"></g></l></v><v><l id="160614" t="министр"><g v="NOUN"></g><g v="anim"></g><g v="masc"></g><g v="sing"></g><g v="gent"></g></l></v></tfr></token><token text="РИА" id="1996675"><tfr rev_id="4547927" t="РИА"><v><l id="307554" t="риа"><g v="NOUN"></g><g v="inan"></g><g v="neut"></g><g v="Sgtm"></g><g v="Fixd"></g><g v="Abbr"></g><g v="Orgn"></g><g v="sing"></g><g v="ablt"></g></l></v><v><l id="307554" t="риа"><g v="NOUN"></g><g v="inan"></g><g v="neut"></g><g v="Sgtm"></g><g v="Fixd"></g><g v="Abbr"></g><g v="Orgn"></g><g v="sing"></g><g v="accs"></g></l></v><v><l id="307554" t="риа"><g v="NOUN"></g><g v="inan"></g><g v="neut"></g><g v="Sgtm"></g><g v="Fixd"></g><g v="Abbr"></g><g v="Orgn"></g><g v="sing"></g><g v="datv"></g></l></v><v><l id="307554" t="риа"><g v="NOUN"></g><g v="inan"></g><g v="neut"></g><g v="Sgtm"></g><g v="Fixd"></g><g v="Abbr"></g><g v="Orgn"></g><g v="sing"></g><g v="gent"></g></l></v><v><l id="307554" t="риа"><g v="NOUN"></g><g v="inan"></g><g v="neut"></g><g v="Sgtm"></g><g v="Fixd"></g><g v="Abbr"></g><g v="Orgn"></g><g v="sing"></g><g v="loct"></g></l></v><v><l id="307554" t="риа"><g v="NOUN"></g><g v="inan"></g><g v="neut"></g><g v="Sgtm"></g><g v="Fixd"></g><g v="Abbr"></g><g v="Orgn"></g><g v="sing"></g><g v="nomn"></g></l></v></tfr></token><token text="«" id="1996676"><tfr rev_id="4547928" t="«"><v><l id="0" t="«"><g v="PNCT"></g></l></v></tfr></token><token text="Новости" id="1996677"><tfr rev_id="4547929" t="Новости"><v><l id="191855" t="новость"><g v="NOUN"></g><g v="inan"></g><g v="femn"></g><g v="plur"></g><g v="accs"></g></l></v><v><l id="191855" t="новость"><g v="NOUN"></g><g v="inan"></g><g v="femn"></g><g v="plur"></g><g v="nomn"></g></l></v><v><l id="191855" t="новость"><g v="NOUN"></g><g v="inan"></g><g v="femn"></g><g v="sing"></g><g v="datv"></g></l></v><v><l id="191855" t="новость"><g v="NOUN"></g><g v="inan"></g><g v="femn"></g><g v="sing"></g><g v="gent"></g></l></v><v><l id="191855" t="новость"><g v="NOUN"></g><g v="inan"></g><g v="femn"></g><g v="sing"></g><g v="loct"></g></l></v></tfr></token><token text="»" id="1996678"><tfr rev_id="4547930" t="»"><v><l id="0" t="»"><g v="PNCT"></g></l></v></tfr></token><token text="." id="1996679"><tfr rev_id="4547931" t="."><v><l id="0" t="."><g v="PNCT"></g></l></v></tfr></token></tokens></sentence></paragraph><paragraph id="38561"><sentence id="110369"><source>Затем он сделал практически противоположное заявление:</source><tokens><token text="Затем" id="1996680"><tfr rev_id="4547932" t="Затем"><v><l id="111250" t="затем"><g v="ADVB"></g><g v="Dmns"></g></l></v></tfr></token><token text="он" id="1996681"><tfr rev_id="4547933" t="он"><v><l id="206541" t="он"><g v="NPRO"></g><g v="masc"></g><g v="3per"></g><g v="Anph"></g><g v="sing"></g><g v="nomn"></g></l></v></tfr></token><token text="сделал" id="1996682"><tfr rev_id="4547934" t="сделал"><v><l id="317246" t="сделал"><g v="VERB"></g><g v="perf"></g><g v="tran"></g><g v="masc"></g><g v="sing"></g><g v="past"></g><g v="indc"></g></l></v></tfr></token><token text="практически" id="1996683"><tfr rev_id="4547935" t="практически"><v><l id="265904" t="практически"><g v="ADVB"></g></l></v></tfr></token><token text="противоположное" id="1996684"><tfr rev_id="4547936" t="противоположное"><v><l id="286058" t="противоположный"><g v="ADJF"></g><g v="neut"></g><g v="sing"></g><g v="accs"></g></l></v><v><l id="286058" t="противоположный"><g v="ADJF"></g><g v="neut"></g><g v="sing"></g><g v="nomn"></g></l></v></tfr></token><token text="заявление" id="1996685"><tfr rev_id="4547937" t="заявление"><v><l id="114311" t="заявление"><g v="NOUN"></g><g v="inan"></g><g v="neut"></g><g v="sing"></g><g v="accs"></g></l></v><v><l id="114311" t="заявление"><g v="NOUN"></g><g v="inan"></g><g v="neut"></g><g v="sing"></g><g v="nomn"></g></l></v></tfr></token><token text=":" id="1996686"><tfr rev_id="4547938" t=":"><v><l id="0" t=":"><g v="PNCT"></g></l></v></tfr></token></tokens></sentence><sentence id="110370"><source>«...невозможно жёстко избавляться от учителей, даже если они для образовательного процесса не очень нужны.</source><tokens><token text="«" id="1996687"><tfr rev_id="4547939" t="«"><v><l id="0" t="«"><g v="PNCT"></g></l></v></tfr></token><token text="..." id="1996688"><tfr rev_id="4547940" t="..."><v><l id="0" t="..."><g v="PNCT"></g></l></v></tfr></token><token text="невозможно" id="1996689"><tfr rev_id="4547941" t="невозможно"><v><l id="179947" t="невозможно"><g v="ADVB"></g><g v="Prdx"></g></l></v><v><l id="179950" t="невозможен"><g v="ADJS"></g><g v="Qual"></g><g v="neut"></g><g v="sing"></g></l></v></tfr></token><token text="жёстко" id="1996690"><tfr rev_id="4547942" t="жёстко"><v><l id="95579" t="жёсток"><g v="ADJS"></g><g v="Qual"></g><g v="neut"></g><g v="sing"></g></l></v><v><l id="95581" t="жёстко"><g v="ADVB"></g></l></v></tfr></token><token text="избавляться" id="1996691"><tfr rev_id="4547943" t="избавляться"><v><l id="117731" t="избавляться"><g v="INFN"></g><g v="impf"></g><g v="intr"></g></l></v></tfr></token><token text="от" id="1996692"><tfr rev_id="4547944" t="от"><v><l id="211644" t="от"><g v="PREP"></g></l></v></tfr></token><token text="учителей" id="1996693"><tfr rev_id="4547945" t="учителей"><v><l id="363287" t="учитель"><g v="NOUN"></g><g v="anim"></g><g v="masc"></g><g v="plur"></g><g v="accs"></g></l></v><v><l id="363287" t="учитель"><g v="NOUN"></g><g v="anim"></g><g v="masc"></g><g v="plur"></g><g v="gent"></g></l></v></tfr></token><token text="," id="1996694"><tfr rev_id="4547946" t=","><v><l id="0" t=","><g v="PNCT"></g></l></v></tfr></token><token text="даже" id="1996695"><tfr rev_id="4547947" t="даже"><v><l id="77849" t="даже"><g v="PRCL"></g></l></v></tfr></token><token text="если" id="1996696"><tfr rev_id="4547948" t="если"><v><l id="95365" t="если"><g v="CONJ"></g></l></v></tfr></token><token text="они" id="1996697"><tfr rev_id="4547949" t="они"><v><l id="206619" t="они"><g v="NPRO"></g><g v="3per"></g><g v="Anph"></g><g v="plur"></g><g v="nomn"></g></l></v></tfr></token><token text="для" id="1996698"><tfr rev_id="4547950" t="для"><v><l id="85026" t="для"><g v="GRND"></g><g v="impf"></g><g v="tran"></g><g v="pres"></g></l></v><v><l id="85032" t="для"><g v="PREP"></g></l></v></tfr></token><token text="образовательного" id="1996699"><tfr rev_id="4547951" t="образовательного"><v><l id="198807" t="образовательный"><g v="ADJF"></g><g v="anim"></g><g v="masc"></g><g v="sing"></g><g v="accs"></g></l></v><v><l id="198807" t="образовательный"><g v="ADJF"></g><g v="masc"></g><g v="sing"></g><g v="gent"></g></l></v><v><l id="198807" t="образовательный"><g v="ADJF"></g><g v="neut"></g><g v="sing"></g><g v="gent"></g></l></v></tfr></token><token text="процесса" id="1996700"><tfr rev_id="4547952" t="процесса"><v><l id="287363" t="процесс"><g v="NOUN"></g><g v="inan"></g><g v="masc"></g><g v="sing"></g><g v="gent"></g></l></v></tfr></token><token text="не" id="1996701"><tfr rev_id="4547953" t="не"><v><l id="178876" t="не"><g v="PRCL"></g></l></v></tfr></token><token text="очень" id="1996702"><tfr rev_id="4547954" t="очень"><v><l id="221681" t="очень"><g v="ADVB"></g></l></v></tfr></token><token text="нужны" id="1996703"><tfr rev_id="4547955" t="нужны"><v><l id="192584" t="нужен"><g v="ADJS"></g><g v="Qual"></g><g v="plur"></g></l></v></tfr></token><token text="." id="1996704"><tfr rev_id="4547956" t="."><v><l id="0" t="."><g v="PNCT"></g></l></v></tfr></token></tokens></sentence><sentence id="110371"><source>Но незаполненность классов может идти во вред образованию.</source><tokens><token text="Но" id="1996705"><tfr rev_id="4547957" t="Но"><v><l id="191429" t="но"><g v="CONJ"></g></l></v><v><l id="191430" t="но"><g v="INTJ"></g></l></v></tfr></token><token text="незаполненность" id="1996706"><tfr rev_id="4547958" t="незаполненность"><v><l id="182338" t="незаполненность"><g v="NOUN"></g><g v="inan"></g><g v="femn"></g><g v="Sgtm"></g><g v="sing"></g><g v="accs"></g></l></v><v><l id="182338" t="незаполненность"><g v="NOUN"></g><g v="inan"></g><g v="femn"></g><g v="Sgtm"></g><g v="sing"></g><g v="nomn"></g></l></v></tfr></token><token text="классов" id="1996707"><tfr rev_id="4547959" t="классов"><v><l id="133889" t="класс"><g v="NOUN"></g><g v="inan"></g><g v="masc"></g><g v="plur"></g><g v="gent"></g></l></v></tfr></token><token text="может" id="1996708"><tfr rev_id="4547960" t="может"><v><l id="162457" t="может"><g v="CONJ"></g><g v="Prnt"></g></l></v><v><l id="164485" t="могу"><g v="VERB"></g><g v="impf"></g><g v="intr"></g><g v="sing"></g><g v="3per"></g><g v="pres"></g><g v="indc"></g></l></v></tfr></token><token text="идти" id="1996709"><tfr rev_id="4547961" t="идти"><v><l id="117567" t="идти"><g v="INFN"></g><g v="impf"></g><g v="intr"></g></l></v></tfr></token><token text="во" id="1996710"><tfr rev_id="4547962" t="во"><v><l id="37409" t="в"><g v="PREP"></g><g v="Vpre"></g></l></v></tfr></token><token text="вред" id="1996711"><tfr rev_id="4547963" t="вред"><v><l id="53061" t="вред"><g v="NOUN"></g><g v="inan"></g><g v="masc"></g><g v="sing"></g><g v="accs"></g></l></v><v><l id="53061" t="вред"><g v="NOUN"></g><g v="inan"></g><g v="masc"></g><g v="sing"></g><g v="nomn"></g></l></v></tfr></token><token text="образованию" id="1996712"><tfr rev_id="4547964" t="образованию"><v><l id="198798" t="образование"><g v="NOUN"></g><g v="inan"></g><g v="neut"></g><g v="sing"></g><g v="datv"></g></l></v></tfr></token><token text="." id="1996713"><tfr rev_id="4547965" t="."><v><l id="0" t="."><g v="PNCT"></g></l></v></tfr></token></tokens></sentence><sentence id="110372"><source>В таком случае эффективность расходования бюджетных средств может быть повышена за счёт сокращения учителей.</source><tokens><token text="В" id="1996714"><tfr rev_id="4566238" t="В"><v><l id="37409" t="в"><g v="PREP"></g></l></v></tfr></token><token text="таком" id="1996715"><tfr rev_id="4547967" t="таком"><v><l id="342491" t="такой"><g v="ADJF"></g><g v="Apro"></g><g v="masc"></g><g v="sing"></g><g v="loct"></g></l></v><v><l id="342491" t="такой"><g v="ADJF"></g><g v="Apro"></g><g v="neut"></g><g v="sing"></g><g v="loct"></g></l></v></tfr></token><token text="случае" id="1996716"><tfr rev_id="4547968" t="случае"><v><l id="325472" t="случай"><g v="NOUN"></g><g v="inan"></g><g v="masc"></g><g v="sing"></g><g v="loct"></g></l></v></tfr></token><token text="эффективность" id="1996717"><tfr rev_id="4547969" t="эффективность"><v><l id="386658" t="эффективность"><g v="NOUN"></g><g v="inan"></g><g v="femn"></g><g v="sing"></g><g v="accs"></g></l></v><v><l id="386658" t="эффективность"><g v="NOUN"></g><g v="inan"></g><g v="femn"></g><g v="sing"></g><g v="nomn"></g></l></v></tfr></token><token text="расходования" id="1996718"><tfr rev_id="4547970" t="расходования"><v><l id="303051" t="расходование"><g v="NOUN"></g><g v="inan"></g><g v="neut"></g><g v="plur"></g><g v="accs"></g></l></v><v><l id="303051" t="расходование"><g v="NOUN"></g><g v="inan"></g><g v="neut"></g><g v="plur"></g><g v="nomn"></g></l></v><v><l id="303051" t="расходование"><g v="NOUN"></g><g v="inan"></g><g v="neut"></g><g v="sing"></g><g v="gent"></g></l></v></tfr></token><token text="бюджетных" id="1996719"><tfr rev_id="4547971" t="бюджетных"><v><l id="37329" t="бюджетный"><g v="ADJF"></g><g v="Qual"></g><g v="anim"></g><g v="plur"></g><g v="accs"></g></l></v><v><l id="37329" t="бюджетный"><g v="ADJF"></g><g v="Qual"></g><g v="plur"></g><g v="gent"></g></l></v><v><l id="37329" t="бюджетный"><g v="ADJF"></g><g v="Qual"></g><g v="plur"></g><g v="loct"></g></l></v></tfr></token><token text="средств" id="1996720"><tfr rev_id="4547972" t="средств"><v><l id="333716" t="средство"><g v="NOUN"></g><g v="inan"></g><g v="neut"></g><g v="plur"></g><g v="gent"></g></l></v></tfr></token><token text="может" id="1996721"><tfr rev_id="4547973" t="может"><v><l id="162457" t="может"><g v="CONJ"></g><g v="Prnt"></g></l></v><v><l id="164485" t="могу"><g v="VERB"></g><g v="impf"></g><g v="intr"></g><g v="sing"></g><g v="3per"></g><g v="pres"></g><g v="indc"></g></l></v></tfr></token><token text="быть" id="1996722"><tfr rev_id="4547974" t="быть"><v><l id="37266" t="быть"><g v="INFN"></g><g v="impf"></g><g v="intr"></g></l></v></tfr></token><token text="повышена" id="1996723"><tfr rev_id="4547975" t="повышена"><v><l id="242987" t="повышен"><g v="PRTS"></g><g v="perf"></g><g v="past"></g><g v="pssv"></g><g v="femn"></g><g v="sing"></g></l></v></tfr></token><token text="за" id="1996724"><tfr rev_id="4547976" t="за"><v><l id="98043" t="за"><g v="PREP"></g></l></v></tfr></token><token text="счёт" id="1996725"><tfr rev_id="4547977" t="счёт"><v><l id="341128" t="счёт"><g v="NOUN"></g><g v="inan"></g><g v="masc"></g><g v="sing"></g><g v="accs"></g></l></v><v><l id="341128" t="счёт"><g v="NOUN"></g><g v="inan"></g><g v="masc"></g><g v="sing"></g><g v="nomn"></g></l></v></tfr></token><token text="сокращения" id="1996726"><tfr rev_id="4547978" t="сокращения"><v><l id="328844" t="сокращение"><g v="NOUN"></g><g v="inan"></g><g v="neut"></g><g v="plur"></g><g v="accs"></g></l></v><v><l id="328844" t="сокращение"><g v="NOUN"></g><g v="inan"></g><g v="neut"></g><g v="plur"></g><g v="nomn"></g></l></v><v><l id="328844" t="сокращение"><g v="NOUN"></g><g v="inan"></g><g v="neut"></g><g v="sing"></g><g v="gent"></g></l></v></tfr></token><token text="учителей" id="1996727"><tfr rev_id="4547979" t="учителей"><v><l id="363287" t="учитель"><g v="NOUN"></g><g v="anim"></g><g v="masc"></g><g v="plur"></g><g v="accs"></g></l></v><v><l id="363287" t="учитель"><g v="NOUN"></g><g v="anim"></g><g v="masc"></g><g v="plur"></g><g v="gent"></g></l></v></tfr></token><token text="." id="1996728"><tfr rev_id="4547980" t="."><v><l id="0" t="."><g v="PNCT"></g></l></v></tfr></token></tokens></sentence><sentence id="110373"><source>Но эти сэкономленные деньги должны пойти на улучшение условий образования, на повышение зарплаты оставшимся учителям».</source><tokens><token text="Но" id="1996729"><tfr rev_id="4547981" t="Но"><v><l id="191429" t="но"><g v="CONJ"></g></l></v><v><l id="191430" t="но"><g v="INTJ"></g></l></v></tfr></token><token text="эти" id="1996730"><tfr rev_id="4547982" t="эти"><v><l id="386581" t="этот"><g v="ADJF"></g><g v="Subx"></g><g v="Apro"></g><g v="Anph"></g><g v="inan"></g><g v="plur"></g><g v="accs"></g></l></v><v><l id="386581" t="этот"><g v="ADJF"></g><g v="Subx"></g><g v="Apro"></g><g v="Anph"></g><g v="plur"></g><g v="nomn"></g></l></v></tfr></token><token text="сэкономленные" id="1996731"><tfr rev_id="4547983" t="сэкономленные"><v><l id="341878" t="сэкономленный"><g v="PRTF"></g><g v="perf"></g><g v="tran"></g><g v="past"></g><g v="pssv"></g><g v="inan"></g><g v="plur"></g><g v="accs"></g></l></v><v><l id="341878" t="сэкономленный"><g v="PRTF"></g><g v="perf"></g><g v="tran"></g><g v="past"></g><g v="pssv"></g><g v="plur"></g><g v="nomn"></g></l></v></tfr></token><token text="деньги" id="1996732"><tfr rev_id="4547984" t="деньги"><v><l id="81429" t="деньги"><g v="NOUN"></g><g v="inan"></g><g v="femn"></g><g v="plur"></g><g v="accs"></g></l></v><v><l id="81429" t="деньги"><g v="NOUN"></g><g v="inan"></g><g v="femn"></g><g v="plur"></g><g v="nomn"></g></l></v><v><l id="81429" t="деньги"><g v="NOUN"></g><g v="inan"></g><g v="femn"></g><g v="sing"></g><g v="gent"></g><g v="Infr"></g></l></v></tfr></token><token text="должны" id="1996733"><tfr rev_id="4547985" t="должны"><v><l id="87975" t="должен"><g v="ADJS"></g><g v="plur"></g></l></v></tfr></token><token text="пойти" id="1996734"><tfr rev_id="4547986" t="пойти"><v><l id="253965" t="пойти"><g v="INFN"></g><g v="perf"></g><g v="intr"></g></l></v></tfr></token><token text="на" id="1996735"><tfr rev_id="4576500" t="на"><v><l id="166264" t="на"><g v="PREP"></g></l></v></tfr></token><token text="улучшение" id="1996736"><tfr rev_id="4547988" t="улучшение"><v><l id="357034" t="улучшение"><g v="NOUN"></g><g v="inan"></g><g v="neut"></g><g v="sing"></g><g v="accs"></g></l></v><v><l id="357034" t="улучшение"><g v="NOUN"></g><g v="inan"></g><g v="neut"></g><g v="sing"></g><g v="nomn"></g></l></v></tfr></token><token text="условий" id="1996737"><tfr rev_id="4547989" t="условий"><v><l id="360556" t="условие"><g v="NOUN"></g><g v="inan"></g><g v="neut"></g><g v="plur"></g><g v="gent"></g></l></v></tfr></token><token text="образования" id="1996738"><tfr rev_id="4547990" t="образования"><v><l id="198798" t="образование"><g v="NOUN"></g><g v="inan"></g><g v="neut"></g><g v="plur"></g><g v="accs"></g></l></v><v><l id="198798" t="образование"><g v="NOUN"></g><g v="inan"></g><g v="neut"></g><g v="plur"></g><g v="nomn"></g></l></v><v><l id="198798" t="образование"><g v="NOUN"></g><g v="inan"></g><g v="neut"></g><g v="sing"></g><g v="gent"></g></l></v></tfr></token><token text="," id="1996739"><tfr rev_id="4547991" t=","><v><l id="0" t=","><g v="PNCT"></g></l></v></tfr></token><token text="на" id="1996740"><tfr rev_id="4547992" t="на"><v><l id="166264" t="на"><g v="PREP"></g></l></v><v><l id="388676" t="на"><g v="INTJ"></g></l></v><v><l id="388734" t="на"><g v="PRCL"></g></l></v></tfr></token><token text="повышение" id="1996741"><tfr rev_id="4547993" t="повышение"><v><l id="243063" t="повышение"><g v="NOUN"></g><g v="inan"></g><g v="neut"></g><g v="sing"></g><g v="accs"></g></l></v><v><l id="243063" t="повышение"><g v="NOUN"></g><g v="inan"></g><g v="neut"></g><g v="sing"></g><g v="nomn"></g></l></v></tfr></token><token text="зарплаты" id="1996742"><tfr rev_id="4547994" t="зарплаты"><v><l id="108951" t="зарплата"><g v="NOUN"></g><g v="inan"></g><g v="femn"></g><g v="plur"></g><g v="accs"></g></l></v><v><l id="108951" t="зарплата"><g v="NOUN"></g><g v="inan"></g><g v="femn"></g><g v="plur"></g><g v="nomn"></g></l></v><v><l id="108951" t="зарплата"><g v="NOUN"></g><g v="inan"></g><g v="femn"></g><g v="sing"></g><g v="gent"></g></l></v></tfr></token><token text="оставшимся" id="1996743"><tfr rev_id="4547995" t="оставшимся"><v><l id="210898" t="оставшийся"><g v="PRTF"></g><g v="perf"></g><g v="intr"></g><g v="past"></g><g v="actv"></g><g v="masc"></g><g v="sing"></g><g v="ablt"></g></l></v><v><l id="210898" t="оставшийся"><g v="PRTF"></g><g v="perf"></g><g v="intr"></g><g v="past"></g><g v="actv"></g><g v="neut"></g><g v="sing"></g><g v="ablt"></g></l></v><v><l id="210898" t="оставшийся"><g v="PRTF"></g><g v="perf"></g><g v="intr"></g><g v="past"></g><g v="actv"></g><g v="plur"></g><g v="datv"></g></l></v></tfr></token><token text="учителям" id="1996744"><tfr rev_id="4547996" t="учителям"><v><l id="363287" t="учитель"><g v="NOUN"></g><g v="anim"></g><g v="masc"></g><g v="plur"></g><g v="datv"></g></l></v></tfr></token><token text="»" id="1996745"><tfr rev_id="4547997" t="»"><v><l id="0" t="»"><g v="PNCT"></g></l></v></tfr></token><token text="." id="1996746"><tfr rev_id="4547998" t="."><v><l id="0" t="."><g v="PNCT"></g></l></v></tfr></token></tokens></sentence></paragraph><paragraph id="38562"><sentence id="110374"><source>В итоге вопрос о планах по сокращению учителей остался открытым.</source><tokens><token text="В" id="1996747"><tfr rev_id="4566381" t="В"><v><l id="37409" t="в"><g v="PREP"></g></l></v></tfr></token><token text="итоге" id="1996748"><tfr rev_id="4548000" t="итоге"><v><l id="127141" t="итог"><g v="NOUN"></g><g v="inan"></g><g v="masc"></g><g v="sing"></g><g v="loct"></g></l></v></tfr></token><token text="вопрос" id="1996749"><tfr rev_id="4548001" t="вопрос"><v><l id="50830" t="вопрос"><g v="NOUN"></g><g v="inan"></g><g v="masc"></g><g v="sing"></g><g v="accs"></g></l></v><v><l id="50830" t="вопрос"><g v="NOUN"></g><g v="inan"></g><g v="masc"></g><g v="sing"></g><g v="nomn"></g></l></v></tfr></token><token text="о" id="1996750"><tfr rev_id="4566153" t="о"><v><l id="192977" t="о"><g v="PREP"></g></l></v><v><l id="192978" t="о"><g v="INTJ"></g></l></v></tfr></token><token text="планах" id="1996751"><tfr rev_id="4548003" t="планах"><v><l id="239677" t="план"><g v="NOUN"></g><g v="inan"></g><g v="masc"></g><g v="plur"></g><g v="loct"></g></l></v></tfr></token><token text="по" id="1996752"><tfr rev_id="4575010" t="по"><v><l id="241240" t="по"><g v="PREP"></g></l></v></tfr></token><token text="сокращению" id="1996753"><tfr rev_id="4548005" t="сокращению"><v><l id="328844" t="сокращение"><g v="NOUN"></g><g v="inan"></g><g v="neut"></g><g v="sing"></g><g v="datv"></g></l></v></tfr></token><token text="учителей" id="1996754"><tfr rev_id="4548006" t="учителей"><v><l id="363287" t="учитель"><g v="NOUN"></g><g v="anim"></g><g v="masc"></g><g v="plur"></g><g v="accs"></g></l></v><v><l id="363287" t="учитель"><g v="NOUN"></g><g v="anim"></g><g v="masc"></g><g v="plur"></g><g v="gent"></g></l></v></tfr></token><token text="остался" id="1996755"><tfr rev_id="4548007" t="остался"><v><l id="210896" t="остался"><g v="VERB"></g><g v="perf"></g><g v="intr"></g><g v="masc"></g><g v="sing"></g><g v="past"></g><g v="indc"></g></l></v></tfr></token><token text="открытым" id="1996756"><tfr rev_id="4548008" t="открытым"><v><l id="214751" t="открытый"><g v="ADJF"></g><g v="Qual"></g><g v="masc"></g><g v="sing"></g><g v="ablt"></g></l></v><v><l id="214751" t="открытый"><g v="ADJF"></g><g v="Qual"></g><g v="neut"></g><g v="sing"></g><g v="ablt"></g></l></v><v><l id="214751" t="открытый"><g v="ADJF"></g><g v="Qual"></g><g v="plur"></g><g v="datv"></g></l></v><v><l id="214757" t="открытый"><g v="PRTF"></g><g v="perf"></g><g v="tran"></g><g v="past"></g><g v="pssv"></g><g v="masc"></g><g v="sing"></g><g v="ablt"></g></l></v><v><l id="214757" t="открытый"><g v="PRTF"></g><g v="perf"></g><g v="tran"></g><g v="past"></g><g v="pssv"></g><g v="neut"></g><g v="sing"></g><g v="ablt"></g></l></v><v><l id="214757" t="открытый"><g v="PRTF"></g><g v="perf"></g><g v="tran"></g><g v="past"></g><g v="pssv"></g><g v="plur"></g><g v="datv"></g></l></v></tfr></token><token text="." id="1996757"><tfr rev_id="4548009" t="."><v><l id="0" t="."><g v="PNCT"></g></l></v></tfr></token></tokens></sentence></paragraph><paragraph id="38563"><sentence id="110375"><source>Кроме того, министр не пояснил, каким именно образом малое количество учеников в классе может идти во вред образованию.</source><tokens><token text="Кроме" id="1996758"><tfr rev_id="4548010" t="Кроме"><v><l id="143259" t="кроме"><g v="PREP"></g></l></v></tfr></token><token text="того" id="1996759"><tfr rev_id="4577154" t="того"><v><l id="348430" t="тот"><g v="ADJF"></g><g v="Subx"></g><g v="Apro"></g><g v="Anph"></g><g v="anim"></g><g v="masc"></g><g v="sing"></g><g v="accs"></g></l></v><v><l id="348430" t="тот"><g v="ADJF"></g><g v="Subx"></g><g v="Apro"></g><g v="Anph"></g><g v="masc"></g><g v="sing"></g><g v="gent"></g></l></v><v><l id="348430" t="тот"><g v="ADJF"></g><g v="Subx"></g><g v="Apro"></g><g v="Anph"></g><g v="neut"></g><g v="sing"></g><g v="gent"></g></l></v></tfr></token><token text="," id="1996760"><tfr rev_id="4548012" t=","><v><l id="0" t=","><g v="PNCT"></g></l></v></tfr></token><token text="министр" id="1996761"><tfr rev_id="4548013" t="министр"><v><l id="160614" t="министр"><g v="NOUN"></g><g v="anim"></g><g v="masc"></g><g v="sing"></g><g v="nomn"></g></l></v></tfr></token><token text="не" id="1996762"><tfr rev_id="4548014" t="не"><v><l id="178876" t="не"><g v="PRCL"></g></l></v></tfr></token><token text="пояснил" id="1996763"><tfr rev_id="4548015" t="пояснил"><v><l id="265535" t="пояснил"><g v="VERB"></g><g v="perf"></g><g v="tran"></g><g v="masc"></g><g v="sing"></g><g v="past"></g><g v="indc"></g></l></v></tfr></token><token text="," id="1996764"><tfr rev_id="4548016" t=","><v><l id="0" t=","><g v="PNCT"></g></l></v></tfr></token><token text="каким" id="1996765"><tfr rev_id="4548017" t="каким"><v><l id="128224" t="какой"><g v="ADJF"></g><g v="Apro"></g><g v="masc"></g><g v="sing"></g><g v="ablt"></g></l></v><v><l id="128224" t="какой"><g v="ADJF"></g><g v="Apro"></g><g v="neut"></g><g v="sing"></g><g v="ablt"></g></l></v><v><l id="128224" t="какой"><g v="ADJF"></g><g v="Apro"></g><g v="plur"></g><g v="datv"></g></l></v></tfr></token><token text="именно" id="1996766"><tfr rev_id="4548018" t="именно"><v><l id="121584" t="именно"><g v="PRCL"></g></l></v></tfr></token><token text="образом" id="1996767"><tfr rev_id="4548019" t="образом"><v><l id="198787" t="образ"><g v="NOUN"></g><g v="inan"></g><g v="masc"></g><g v="sing"></g><g v="ablt"></g></l></v></tfr></token><token text="малое" id="1996768"><tfr rev_id="4577158" t="малое"><v><l id="154377" t="малый"><g v="ADJF"></g><g v="Qual"></g><g v="neut"></g><g v="sing"></g><g v="accs"></g></l></v><v><l id="154377" t="малый"><g v="ADJF"></g><g v="Qual"></g><g v="neut"></g><g v="sing"></g><g v="nomn"></g></l></v></tfr></token><token text="количество" id="1996769"><tfr rev_id="4548021" t="количество"><v><l id="135983" t="количество"><g v="NOUN"></g><g v="inan"></g><g v="neut"></g><g v="sing"></g><g v="accs"></g></l></v><v><l id="135983" t="количество"><g v="NOUN"></g><g v="inan"></g><g v="neut"></g><g v="sing"></g><g v="nomn"></g></l></v></tfr></token><token text="учеников" id="1996770"><tfr rev_id="4548022" t="учеников"><v><l id="363185" t="ученик"><g v="NOUN"></g><g v="anim"></g><g v="masc"></g><g v="plur"></g><g v="accs"></g></l></v><v><l id="363185" t="ученик"><g v="NOUN"></g><g v="anim"></g><g v="masc"></g><g v="plur"></g><g v="gent"></g></l></v></tfr></token><token text="в" id="1996771"><tfr rev_id="4565585" t="в"><v><l id="37409" t="в"><g v="PREP"></g></l></v></tfr></token><token text="классе" id="1996772"><tfr rev_id="4548024" t="классе"><v><l id="133889" t="класс"><g v="NOUN"></g><g v="inan"></g><g v="masc"></g><g v="sing"></g><g v="loct"></g></l></v></tfr></token><token text="может" id="1996773"><tfr rev_id="4548025" t="может"><v><l id="162457" t="может"><g v="CONJ"></g><g v="Prnt"></g></l></v><v><l id="164485" t="могу"><g v="VERB"></g><g v="impf"></g><g v="intr"></g><g v="sing"></g><g v="3per"></g><g v="pres"></g><g v="indc"></g></l></v></tfr></token><token text="идти" id="1996774"><tfr rev_id="4548026" t="идти"><v><l id="117567" t="идти"><g v="INFN"></g><g v="impf"></g><g v="intr"></g></l></v></tfr></token><token text="во" id="1996775"><tfr rev_id="4548027" t="во"><v><l id="37409" t="в"><g v="PREP"></g><g v="Vpre"></g></l></v></tfr></token><token text="вред" id="1996776"><tfr rev_id="4548028" t="вред"><v><l id="53061" t="вред"><g v="NOUN"></g><g v="inan"></g><g v="masc"></g><g v="sing"></g><g v="accs"></g></l></v><v><l id="53061" t="вред"><g v="NOUN"></g><g v="inan"></g><g v="masc"></g><g v="sing"></g><g v="nomn"></g></l></v></tfr></token><token text="образованию" id="1996777"><tfr rev_id="4548029" t="образованию"><v><l id="198798" t="образование"><g v="NOUN"></g><g v="inan"></g><g v="neut"></g><g v="sing"></g><g v="datv"></g></l></v></tfr></token><token text="." id="1996778"><tfr rev_id="4548030" t="."><v><l id="0" t="."><g v="PNCT"></g></l></v></tfr></token></tokens></sentence></paragraph></paragraphs></text>