<?xml version="1.0" encoding="utf-8"?><text parent="226" id="1430" name="24299 vladimir_putin_obvinil_ssha_v_ekonomicheskom_parazitizme"><tags><tag>url:http://www.chaskor.ru/news/vladimir_putin_obvinil_ssha_v_ekonomicheskom_parazitizme__24299</tag><tag>Тема:ЧасКор:Экономика</tag><tag>Год:2011</tag><tag>Дата:02/08</tag></tags><paragraphs><paragraph id="12896"><sentence id="40064"><source>Владимир Путин обвинил США в экономическом паразитизме</source><tokens><token text="Владимир" id="712988"><tfr rev_id="4331897" t="Владимир"><v><l id="46610" t="владимир"><g v="NOUN"></g><g v="anim"></g><g v="masc"></g><g v="Name"></g><g v="sing"></g><g v="nomn"></g></l></v></tfr></token><token text="Путин" id="712989"><tfr rev_id="3502087" t="Путин"><v><l id="289589" t="путин"><g v="NOUN"></g><g v="anim"></g><g v="masc"></g><g v="Sgtm"></g><g v="Surn"></g><g v="sing"></g><g v="nomn"></g></l></v></tfr></token><token text="обвинил" id="712990"><tfr rev_id="1544847" t="обвинил"><v><l id="193416" t="обвинил"><g v="VERB"></g><g v="perf"></g><g v="tran"></g><g v="masc"></g><g v="sing"></g><g v="past"></g><g v="indc"></g></l></v></tfr></token><token text="США" id="712991"><tfr rev_id="4572995" t="США"><v><l id="341371" t="сша"><g v="NOUN"></g><g v="inan"></g><g v="GNdr"></g><g v="Pltm"></g><g v="Fixd"></g><g v="Abbr"></g><g v="Geox"></g><g v="plur"></g><g v="accs"></g></l></v></tfr></token><token text="в" id="712992"><tfr rev_id="1544849" t="в"><v><l id="37409" t="в"><g v="PREP"></g></l></v></tfr></token><token text="экономическом" id="712993"><tfr rev_id="4096904" t="экономическом"><v><l id="383364" t="экономический"><g v="ADJF"></g><g v="masc"></g><g v="sing"></g><g v="loct"></g></l></v></tfr></token><token text="паразитизме" id="712994"><tfr rev_id="1544851" t="паразитизме"><v><l id="223691" t="паразитизм"><g v="NOUN"></g><g v="inan"></g><g v="masc"></g><g v="sing"></g><g v="loct"></g></l></v></tfr></token></tokens></sentence></paragraph><paragraph id="12897"><sentence id="40065"><source>Однако российский премьер похвалил американские власти за то, что они сумели поднять планку госдолга и избежать дефолта.</source><tokens><token text="Однако" id="712995"><tfr rev_id="3551032" t="Однако"><v><l id="203387" t="однако"><g v="CONJ"></g><g v="Prnt"></g></l></v></tfr></token><token text="российский" id="712996"><tfr rev_id="1544853" t="российский"><v><l id="309319" t="российский"><g v="ADJF"></g><g v="masc"></g><g v="sing"></g><g v="nomn"></g></l></v><v><l id="309319" t="российский"><g v="ADJF"></g><g v="inan"></g><g v="masc"></g><g v="sing"></g><g v="accs"></g></l></v></tfr></token><token text="премьер" id="712997"><tfr rev_id="3489586" t="премьер"><v><l id="267774" t="премьер"><g v="NOUN"></g><g v="anim"></g><g v="masc"></g><g v="sing"></g><g v="nomn"></g></l></v></tfr></token><token text="похвалил" id="712998"><tfr rev_id="1544855" t="похвалил"><v><l id="264180" t="похвалил"><g v="VERB"></g><g v="perf"></g><g v="tran"></g><g v="masc"></g><g v="sing"></g><g v="past"></g><g v="indc"></g></l></v></tfr></token><token text="американские" id="712999"><tfr rev_id="3820199" t="американские"><v><l id="11429" t="американский"><g v="ADJF"></g><g v="inan"></g><g v="plur"></g><g v="accs"></g></l></v></tfr></token><token text="власти" id="713000"><tfr rev_id="3801675" t="власти"><v><l id="46816" t="власть"><g v="NOUN"></g><g v="inan"></g><g v="femn"></g><g v="plur"></g><g v="accs"></g></l></v></tfr></token><token text="за" id="713001"><tfr rev_id="1544858" t="за"><v><l id="98043" t="за"><g v="PREP"></g></l></v></tfr></token><token text="то" id="713002"><tfr rev_id="4425031" t="то"><v><l id="348430" t="тот"><g v="ADJF"></g><g v="Subx"></g><g v="Apro"></g><g v="Anph"></g><g v="neut"></g><g v="sing"></g><g v="nomn"></g></l></v><v><l id="348430" t="тот"><g v="ADJF"></g><g v="Subx"></g><g v="Apro"></g><g v="Anph"></g><g v="neut"></g><g v="sing"></g><g v="accs"></g></l></v></tfr></token><token text="," id="713003"><tfr rev_id="1544860" t=","><v><l id="0" t=","><g v="PNCT"></g></l></v></tfr></token><token text="что" id="713004"><tfr rev_id="3197881" t="что"><v><l id="377004" t="что"><g v="CONJ"></g></l></v><v><l id="377005" t="что"><g v="NPRO"></g><g v="neut"></g><g v="sing"></g><g v="nomn"></g></l></v><v><l id="377005" t="что"><g v="NPRO"></g><g v="neut"></g><g v="sing"></g><g v="accs"></g></l></v><v><l id="377006" t="что"><g v="ADVB"></g><g v="Ques"></g></l></v><v><l id="388695" t="что"><g v="PRCL"></g></l></v></tfr></token><token text="они" id="713005"><tfr rev_id="3599499" t="они"><v><l id="206619" t="они"><g v="NPRO"></g><g v="3per"></g><g v="Anph"></g><g v="plur"></g><g v="nomn"></g></l></v></tfr></token><token text="сумели" id="713006"><tfr rev_id="1544863" t="сумели"><v><l id="339508" t="сумел"><g v="VERB"></g><g v="perf"></g><g v="intr"></g><g v="plur"></g><g v="past"></g><g v="indc"></g></l></v></tfr></token><token text="поднять" id="713007"><tfr rev_id="1544864" t="поднять"><v><l id="248247" t="поднять"><g v="INFN"></g><g v="perf"></g><g v="tran"></g></l></v></tfr></token><token text="планку" id="713008"><tfr rev_id="4331871" t="планку"><v><l id="239739" t="планка"><g v="NOUN"></g><g v="inan"></g><g v="femn"></g><g v="sing"></g><g v="accs"></g></l></v></tfr></token><token text="госдолга" id="713009"><tfr rev_id="2622856" t="госдолга"><v><l id="388661" t="госдолг"><g v="NOUN"></g><g v="inan"></g><g v="masc"></g><g v="sing"></g><g v="gent"></g></l></v></tfr></token><token text="и" id="713010"><tfr rev_id="4106760" t="и"><v><l id="116949" t="и"><g v="CONJ"></g></l></v></tfr></token><token text="избежать" id="713011"><tfr rev_id="1544868" t="избежать"><v><l id="117781" t="избежать"><g v="INFN"></g><g v="perf"></g><g v="intr"></g></l></v></tfr></token><token text="дефолта" id="713012"><tfr rev_id="1544869" t="дефолта"><v><l id="82346" t="дефолт"><g v="NOUN"></g><g v="inan"></g><g v="masc"></g><g v="sing"></g><g v="gent"></g></l></v></tfr></token><token text="." id="713013"><tfr rev_id="1544870" t="."><v><l id="0" t="."><g v="PNCT"></g></l></v></tfr></token></tokens></sentence></paragraph><paragraph id="12898"><sentence id="40066"><source>Глава российского правительства полагает, что американская экономика паразитирует на монополизме доллара.</source><tokens><token text="Глава" id="713014"><tfr rev_id="4525736" t="Глава"><v><l id="70790" t="глава"><g v="NOUN"></g><g v="anim"></g><g v="ms-f"></g><g v="sing"></g><g v="nomn"></g></l></v></tfr></token><token text="российского" id="713015"><tfr rev_id="3472520" t="российского"><v><l id="309319" t="российский"><g v="ADJF"></g><g v="neut"></g><g v="sing"></g><g v="gent"></g></l></v></tfr></token><token text="правительства" id="713016"><tfr rev_id="3439186" t="правительства"><v><l id="265638" t="правительство"><g v="NOUN"></g><g v="inan"></g><g v="neut"></g><g v="sing"></g><g v="gent"></g></l></v></tfr></token><token text="полагает" id="713017"><tfr rev_id="1544874" t="полагает"><v><l id="255118" t="полагаю"><g v="VERB"></g><g v="impf"></g><g v="tran"></g><g v="sing"></g><g v="3per"></g><g v="pres"></g><g v="indc"></g></l></v></tfr></token><token text="," id="713018"><tfr rev_id="1544875" t=","><v><l id="0" t=","><g v="PNCT"></g></l></v></tfr></token><token text="что" id="713019"><tfr rev_id="3197882" t="что"><v><l id="377004" t="что"><g v="CONJ"></g></l></v><v><l id="377005" t="что"><g v="NPRO"></g><g v="neut"></g><g v="sing"></g><g v="nomn"></g></l></v><v><l id="377005" t="что"><g v="NPRO"></g><g v="neut"></g><g v="sing"></g><g v="accs"></g></l></v><v><l id="377006" t="что"><g v="ADVB"></g><g v="Ques"></g></l></v><v><l id="388695" t="что"><g v="PRCL"></g></l></v></tfr></token><token text="американская" id="713020"><tfr rev_id="1544877" t="американская"><v><l id="11429" t="американский"><g v="ADJF"></g><g v="femn"></g><g v="sing"></g><g v="nomn"></g></l></v></tfr></token><token text="экономика" id="713021"><tfr rev_id="1544878" t="экономика"><v><l id="383340" t="экономика"><g v="NOUN"></g><g v="inan"></g><g v="femn"></g><g v="sing"></g><g v="nomn"></g></l></v></tfr></token><token text="паразитирует" id="713022"><tfr rev_id="1544879" t="паразитирует"><v><l id="223692" t="паразитирую"><g v="VERB"></g><g v="impf"></g><g v="intr"></g><g v="sing"></g><g v="3per"></g><g v="pres"></g><g v="indc"></g></l></v></tfr></token><token text="на" id="713023"><tfr rev_id="3335188" t="на"><v><l id="166264" t="на"><g v="PREP"></g></l></v></tfr></token><token text="монополизме" id="713024"><tfr rev_id="1544881" t="монополизме"><v><l id="163272" t="монополизм"><g v="NOUN"></g><g v="inan"></g><g v="masc"></g><g v="sing"></g><g v="loct"></g></l></v></tfr></token><token text="доллара" id="713025"><tfr rev_id="1544882" t="доллара"><v><l id="88047" t="доллар"><g v="NOUN"></g><g v="inan"></g><g v="masc"></g><g v="sing"></g><g v="gent"></g></l></v></tfr></token><token text="." id="713026"><tfr rev_id="1544883" t="."><v><l id="0" t="."><g v="PNCT"></g></l></v></tfr></token></tokens></sentence><sentence id="40067"><source>При этом, Владимир Путин остался удовлетворен тем, что США приняли ответственное решение, подняв планку госдолга и избежав дефолта.</source><tokens><token text="При" id="713027"><tfr rev_id="2699785" t="При"><v><l id="268625" t="при"><g v="PREP"></g></l></v></tfr></token><token text="этом" id="713028"><tfr rev_id="4471384" t="этом"><v><l id="386575" t="это"><g v="NPRO"></g><g v="neut"></g><g v="sing"></g><g v="loct"></g></l></v></tfr></token><token text="," id="713029"><tfr rev_id="1544886" t=","><v><l id="0" t=","><g v="PNCT"></g></l></v></tfr></token><token text="Владимир" id="713030"><tfr rev_id="4233533" t="Владимир"><v><l id="46610" t="владимир"><g v="NOUN"></g><g v="anim"></g><g v="masc"></g><g v="Name"></g><g v="sing"></g><g v="nomn"></g></l></v><v><l id="46613" t="владимир"><g v="NOUN"></g><g v="inan"></g><g v="masc"></g><g v="Geox"></g><g v="sing"></g><g v="nomn"></g></l></v></tfr></token><token text="Путин" id="713031"><tfr rev_id="3480259" t="Путин"><v><l id="289589" t="путин"><g v="NOUN"></g><g v="anim"></g><g v="masc"></g><g v="Sgtm"></g><g v="Surn"></g><g v="sing"></g><g v="nomn"></g></l></v></tfr></token><token text="остался" id="713032"><tfr rev_id="1544889" t="остался"><v><l id="210896" t="остался"><g v="VERB"></g><g v="perf"></g><g v="intr"></g><g v="masc"></g><g v="sing"></g><g v="past"></g><g v="indc"></g></l></v></tfr></token><token text="удовлетворен" id="713033"><tfr rev_id="1544890" t="удовлетворен"><v><l id="355093" t="удовлетворён"><g v="PRTS"></g><g v="perf"></g><g v="past"></g><g v="pssv"></g><g v="masc"></g><g v="sing"></g></l></v></tfr></token><token text="тем" id="713034"><tfr rev_id="4511105" t="тем"><v><l id="348430" t="тот"><g v="ADJF"></g><g v="Subx"></g><g v="Apro"></g><g v="Anph"></g><g v="masc"></g><g v="sing"></g><g v="ablt"></g></l></v><v><l id="348430" t="тот"><g v="ADJF"></g><g v="Subx"></g><g v="Apro"></g><g v="Anph"></g><g v="neut"></g><g v="sing"></g><g v="ablt"></g></l></v></tfr></token><token text="," id="713035"><tfr rev_id="1544892" t=","><v><l id="0" t=","><g v="PNCT"></g></l></v></tfr></token><token text="что" id="713036"><tfr rev_id="3197883" t="что"><v><l id="377004" t="что"><g v="CONJ"></g></l></v><v><l id="377005" t="что"><g v="NPRO"></g><g v="neut"></g><g v="sing"></g><g v="nomn"></g></l></v><v><l id="377005" t="что"><g v="NPRO"></g><g v="neut"></g><g v="sing"></g><g v="accs"></g></l></v><v><l id="377006" t="что"><g v="ADVB"></g><g v="Ques"></g></l></v><v><l id="388695" t="что"><g v="PRCL"></g></l></v></tfr></token><token text="США" id="713037"><tfr rev_id="3811462" t="США"><v><l id="341371" t="сша"><g v="NOUN"></g><g v="inan"></g><g v="GNdr"></g><g v="Pltm"></g><g v="Fixd"></g><g v="Abbr"></g><g v="Geox"></g><g v="plur"></g><g v="nomn"></g></l></v></tfr></token><token text="приняли" id="713038"><tfr rev_id="1544895" t="приняли"><v><l id="272700" t="принял"><g v="VERB"></g><g v="perf"></g><g v="tran"></g><g v="plur"></g><g v="past"></g><g v="indc"></g></l></v></tfr></token><token text="ответственное" id="713039"><tfr rev_id="1544896" t="ответственное"><v><l id="212443" t="ответственный"><g v="ADJF"></g><g v="Qual"></g><g v="neut"></g><g v="sing"></g><g v="nomn"></g></l></v><v><l id="212443" t="ответственный"><g v="ADJF"></g><g v="Qual"></g><g v="neut"></g><g v="sing"></g><g v="accs"></g></l></v></tfr></token><token text="решение" id="713040"><tfr rev_id="2584108" t="решение"><v><l id="307350" t="решение"><g v="NOUN"></g><g v="inan"></g><g v="neut"></g><g v="sing"></g><g v="accs"></g></l></v></tfr></token><token text="," id="713041"><tfr rev_id="1544898" t=","><v><l id="0" t=","><g v="PNCT"></g></l></v></tfr></token><token text="подняв" id="713042"><tfr rev_id="1544899" t="подняв"><v><l id="248251" t="подняв"><g v="GRND"></g><g v="perf"></g><g v="tran"></g><g v="past"></g></l></v></tfr></token><token text="планку" id="713043"><tfr rev_id="4323489" t="планку"><v><l id="239739" t="планка"><g v="NOUN"></g><g v="inan"></g><g v="femn"></g><g v="sing"></g><g v="accs"></g></l></v></tfr></token><token text="госдолга" id="713044"><tfr rev_id="2622857" t="госдолга"><v><l id="388661" t="госдолг"><g v="NOUN"></g><g v="inan"></g><g v="masc"></g><g v="sing"></g><g v="gent"></g></l></v></tfr></token><token text="и" id="713045"><tfr rev_id="1544902" t="и"><v><l id="116949" t="и"><g v="CONJ"></g></l></v><v><l id="116950" t="и"><g v="INTJ"></g></l></v></tfr></token><token text="избежав" id="713046"><tfr rev_id="1544903" t="избежав"><v><l id="117783" t="избежав"><g v="GRND"></g><g v="perf"></g><g v="intr"></g><g v="past"></g></l></v></tfr></token><token text="дефолта" id="713047"><tfr rev_id="1544904" t="дефолта"><v><l id="82346" t="дефолт"><g v="NOUN"></g><g v="inan"></g><g v="masc"></g><g v="sing"></g><g v="gent"></g></l></v></tfr></token><token text="." id="713048"><tfr rev_id="1544905" t="."><v><l id="0" t="."><g v="PNCT"></g></l></v></tfr></token></tokens></sentence><sentence id="40068"><source>Однако в целом эта ситуация вызывает у него тревогу.</source><tokens><token text="Однако" id="713049"><tfr rev_id="2624632" t="Однако"><v><l id="203386" t="однако"><g v="INTJ"></g></l></v><v><l id="203387" t="однако"><g v="CONJ"></g><g v="Prnt"></g></l></v></tfr></token><token text="в" id="713050"><tfr rev_id="1544907" t="в"><v><l id="37409" t="в"><g v="PREP"></g></l></v></tfr></token><token text="целом" id="713051"><tfr rev_id="4235229" t="целом"><v><l id="373197" t="целое"><g v="NOUN"></g><g v="inan"></g><g v="neut"></g><g v="sing"></g><g v="loct"></g></l></v></tfr></token><token text="эта" id="713052"><tfr rev_id="4437245" t="эта"><v><l id="386581" t="этот"><g v="ADJF"></g><g v="Subx"></g><g v="Apro"></g><g v="Anph"></g><g v="femn"></g><g v="sing"></g><g v="nomn"></g></l></v></tfr></token><token text="ситуация" id="713053"><tfr rev_id="1544910" t="ситуация"><v><l id="321441" t="ситуация"><g v="NOUN"></g><g v="inan"></g><g v="femn"></g><g v="sing"></g><g v="nomn"></g></l></v></tfr></token><token text="вызывает" id="713054"><tfr rev_id="1544911" t="вызывает"><v><l id="57671" t="вызываю"><g v="VERB"></g><g v="impf"></g><g v="tran"></g><g v="sing"></g><g v="3per"></g><g v="pres"></g><g v="indc"></g></l></v></tfr></token><token text="у" id="713055"><tfr rev_id="3282893" t="у"><v><l id="352818" t="у"><g v="PREP"></g></l></v></tfr></token><token text="него" id="713056"><tfr rev_id="4528218" t="него"><v><l id="206541" t="он"><g v="NPRO"></g><g v="masc"></g><g v="3per"></g><g v="Anph"></g><g v="sing"></g><g v="gent"></g><g v="Af-p"></g></l></v><v><l id="206649" t="оно"><g v="NPRO"></g><g v="neut"></g><g v="3per"></g><g v="Anph"></g><g v="sing"></g><g v="gent"></g><g v="Af-p"></g></l></v></tfr></token><token text="тревогу" id="713057"><tfr rev_id="1544914" t="тревогу"><v><l id="349484" t="тревога"><g v="NOUN"></g><g v="inan"></g><g v="femn"></g><g v="sing"></g><g v="accs"></g></l></v></tfr></token><token text="." id="713058"><tfr rev_id="1544915" t="."><v><l id="0" t="."><g v="PNCT"></g></l></v></tfr></token></tokens></sentence><sentence id="40069"><source>«Поиграли и договорились.</source><tokens><token text="«" id="713059"><tfr rev_id="2447660" t="«"><v><l id="0" t="«"><g v="PNCT"></g></l></v></tfr></token><token text="Поиграли" id="713060"><tfr rev_id="1544917" t="Поиграли"><v><l id="253776" t="поиграл"><g v="VERB"></g><g v="perf"></g><g v="tran"></g><g v="plur"></g><g v="past"></g><g v="indc"></g></l></v></tfr></token><token text="и" id="713061"><tfr rev_id="4199899" t="и"><v><l id="116949" t="и"><g v="CONJ"></g></l></v></tfr></token><token text="договорились" id="713062"><tfr rev_id="1544919" t="договорились"><v><l id="86275" t="договорился"><g v="VERB"></g><g v="perf"></g><g v="intr"></g><g v="plur"></g><g v="past"></g><g v="indc"></g></l></v></tfr></token><token text="." id="713063"><tfr rev_id="1544920" t="."><v><l id="0" t="."><g v="PNCT"></g></l></v></tfr></token></tokens></sentence><sentence id="40070"><source>Вообще, ничего хорошего в целом в этом нет, это просто отсрочило принятие более системных решений.</source><tokens><token text="Вообще" id="713064"><tfr rev_id="1544921" t="Вообще"><v><l id="50732" t="вообще"><g v="CONJ"></g><g v="Prnt"></g></l></v><v><l id="50733" t="вообще"><g v="ADVB"></g></l></v></tfr></token><token text="," id="713065"><tfr rev_id="1544922" t=","><v><l id="0" t=","><g v="PNCT"></g></l></v></tfr></token><token text="ничего" id="713066"><tfr rev_id="4465681" t="ничего"><v><l id="191376" t="ничего"><g v="ADVB"></g></l></v><v><l id="191377" t="ничего"><g v="PRCL"></g></l></v><v><l id="191386" t="ничто"><g v="NPRO"></g><g v="neut"></g><g v="sing"></g><g v="gent"></g></l></v><v><l id="390659" t="ничего"><g v="NPRO"></g><g v="neut"></g><g v="sing"></g><g v="nomn"></g></l></v></tfr></token><token text="хорошего" id="713067"><tfr rev_id="3673769" t="хорошего"><v><l id="371668" t="хороший"><g v="ADJF"></g><g v="Qual"></g><g v="neut"></g><g v="sing"></g><g v="gent"></g></l></v></tfr></token><token text="в" id="713068"><tfr rev_id="1544925" t="в"><v><l id="37409" t="в"><g v="PREP"></g></l></v></tfr></token><token text="целом" id="713069"><tfr rev_id="4235230" t="целом"><v><l id="373197" t="целое"><g v="NOUN"></g><g v="inan"></g><g v="neut"></g><g v="sing"></g><g v="loct"></g></l></v></tfr></token><token text="в" id="713070"><tfr rev_id="1544927" t="в"><v><l id="37409" t="в"><g v="PREP"></g></l></v></tfr></token><token text="этом" id="713071"><tfr rev_id="3945723" t="этом"><v><l id="386575" t="это"><g v="NPRO"></g><g v="neut"></g><g v="sing"></g><g v="loct"></g></l></v></tfr></token><token text="нет" id="713072"><tfr rev_id="4139954" t="нет"><v><l id="188868" t="нет"><g v="PRCL"></g></l></v><v><l id="188869" t="нет"><g v="INTJ"></g></l></v><v><l id="389552" t="нет"><g v="PRED"></g><g v="pres"></g></l></v></tfr></token><token text="," id="713073"><tfr rev_id="1544930" t=","><v><l id="0" t=","><g v="PNCT"></g></l></v></tfr></token><token text="это" id="713074"><tfr rev_id="4441909" t="это"><v><l id="386574" t="это"><g v="PRCL"></g></l></v><v><l id="386575" t="это"><g v="NPRO"></g><g v="neut"></g><g v="sing"></g><g v="nomn"></g></l></v><v><l id="386575" t="это"><g v="NPRO"></g><g v="neut"></g><g v="sing"></g><g v="accs"></g></l></v><v><l id="386581" t="этот"><g v="ADJF"></g><g v="Subx"></g><g v="Apro"></g><g v="Anph"></g><g v="neut"></g><g v="sing"></g><g v="nomn"></g></l></v><v><l id="386581" t="этот"><g v="ADJF"></g><g v="Subx"></g><g v="Apro"></g><g v="Anph"></g><g v="neut"></g><g v="sing"></g><g v="accs"></g></l></v></tfr></token><token text="просто" id="713075"><tfr rev_id="1544932" t="просто"><v><l id="285025" t="просто"><g v="ADVB"></g><g v="Prdx"></g></l></v><v><l id="285026" t="просто"><g v="PRCL"></g></l></v><v><l id="285050" t="прост"><g v="ADJS"></g><g v="Qual"></g><g v="neut"></g><g v="sing"></g></l></v></tfr></token><token text="отсрочило" id="713076"><tfr rev_id="1544933" t="отсрочило"><v><l id="218300" t="отсрочил"><g v="VERB"></g><g v="perf"></g><g v="tran"></g><g v="neut"></g><g v="sing"></g><g v="past"></g><g v="indc"></g></l></v></tfr></token><token text="принятие" id="713077"><tfr rev_id="4092756" t="принятие"><v><l id="272696" t="принятие"><g v="NOUN"></g><g v="inan"></g><g v="neut"></g><g v="sing"></g><g v="accs"></g></l></v></tfr></token><token text="более" id="713078"><tfr rev_id="1544935" t="более"><v><l id="32065" t="более"><g v="ADVB"></g></l></v></tfr></token><token text="системных" id="713079"><tfr rev_id="2762400" t="системных"><v><l id="321389" t="системный"><g v="ADJF"></g><g v="Qual"></g><g v="plur"></g><g v="gent"></g></l></v></tfr></token><token text="решений" id="713080"><tfr rev_id="3753404" t="решений"><v><l id="307350" t="решение"><g v="NOUN"></g><g v="inan"></g><g v="neut"></g><g v="plur"></g><g v="gent"></g></l></v></tfr></token><token text="." id="713081"><tfr rev_id="1544938" t="."><v><l id="0" t="."><g v="PNCT"></g></l></v></tfr></token></tokens></sentence><sentence id="40071"><source>Это говорит о том, что страна живёт в долг, это значит, что она живёт не по средствам и перекладывает часть нагрузки своих проблем на всю мировую экономику, паразитирует на мировой экономике и на монопольном долларовом положении»,</source><tokens><token text="Это" id="713082"><tfr rev_id="4441910" t="Это"><v><l id="386574" t="это"><g v="PRCL"></g></l></v><v><l id="386575" t="это"><g v="NPRO"></g><g v="neut"></g><g v="sing"></g><g v="nomn"></g></l></v><v><l id="386575" t="это"><g v="NPRO"></g><g v="neut"></g><g v="sing"></g><g v="accs"></g></l></v><v><l id="386581" t="этот"><g v="ADJF"></g><g v="Subx"></g><g v="Apro"></g><g v="Anph"></g><g v="neut"></g><g v="sing"></g><g v="nomn"></g></l></v><v><l id="386581" t="этот"><g v="ADJF"></g><g v="Subx"></g><g v="Apro"></g><g v="Anph"></g><g v="neut"></g><g v="sing"></g><g v="accs"></g></l></v></tfr></token><token text="говорит" id="713083"><tfr rev_id="1544940" t="говорит"><v><l id="72053" t="говорю"><g v="VERB"></g><g v="impf"></g><g v="tran"></g><g v="sing"></g><g v="3per"></g><g v="pres"></g><g v="indc"></g></l></v></tfr></token><token text="о" id="713084"><tfr rev_id="3282865" t="о"><v><l id="192977" t="о"><g v="PREP"></g></l></v></tfr></token><token text="том" id="713085"><tfr rev_id="3774590" t="том"><v><l id="348430" t="тот"><g v="ADJF"></g><g v="Subx"></g><g v="Apro"></g><g v="Anph"></g><g v="masc"></g><g v="sing"></g><g v="loct"></g></l></v><v><l id="348430" t="тот"><g v="ADJF"></g><g v="Subx"></g><g v="Apro"></g><g v="Anph"></g><g v="neut"></g><g v="sing"></g><g v="loct"></g></l></v></tfr></token><token text="," id="713086"><tfr rev_id="1544943" t=","><v><l id="0" t=","><g v="PNCT"></g></l></v></tfr></token><token text="что" id="713087"><tfr rev_id="3197884" t="что"><v><l id="377004" t="что"><g v="CONJ"></g></l></v><v><l id="377005" t="что"><g v="NPRO"></g><g v="neut"></g><g v="sing"></g><g v="nomn"></g></l></v><v><l id="377005" t="что"><g v="NPRO"></g><g v="neut"></g><g v="sing"></g><g v="accs"></g></l></v><v><l id="377006" t="что"><g v="ADVB"></g><g v="Ques"></g></l></v><v><l id="388695" t="что"><g v="PRCL"></g></l></v></tfr></token><token text="страна" id="713088"><tfr rev_id="1544945" t="страна"><v><l id="337100" t="страна"><g v="NOUN"></g><g v="inan"></g><g v="femn"></g><g v="sing"></g><g v="nomn"></g></l></v></tfr></token><token text="живёт" id="713089"><tfr rev_id="1544946" t="живёт"><v><l id="97603" t="живу"><g v="VERB"></g><g v="impf"></g><g v="intr"></g><g v="sing"></g><g v="3per"></g><g v="pres"></g><g v="indc"></g></l></v></tfr></token><token text="в" id="713090"><tfr rev_id="1544947" t="в"><v><l id="37409" t="в"><g v="PREP"></g></l></v></tfr></token><token text="долг" id="713091"><tfr rev_id="1544948" t="долг"><v><l id="87721" t="долг"><g v="NOUN"></g><g v="inan"></g><g v="masc"></g><g v="sing"></g><g v="nomn"></g></l></v><v><l id="87721" t="долг"><g v="NOUN"></g><g v="inan"></g><g v="masc"></g><g v="sing"></g><g v="accs"></g></l></v></tfr></token><token text="," id="713092"><tfr rev_id="1544949" t=","><v><l id="0" t=","><g v="PNCT"></g></l></v></tfr></token><token text="это" id="713093"><tfr rev_id="4441911" t="это"><v><l id="386574" t="это"><g v="PRCL"></g></l></v><v><l id="386575" t="это"><g v="NPRO"></g><g v="neut"></g><g v="sing"></g><g v="nomn"></g></l></v><v><l id="386575" t="это"><g v="NPRO"></g><g v="neut"></g><g v="sing"></g><g v="accs"></g></l></v><v><l id="386581" t="этот"><g v="ADJF"></g><g v="Subx"></g><g v="Apro"></g><g v="Anph"></g><g v="neut"></g><g v="sing"></g><g v="nomn"></g></l></v><v><l id="386581" t="этот"><g v="ADJF"></g><g v="Subx"></g><g v="Apro"></g><g v="Anph"></g><g v="neut"></g><g v="sing"></g><g v="accs"></g></l></v></tfr></token><token text="значит" id="713094"><tfr rev_id="4232954" t="значит"><v><l id="116030" t="значу"><g v="VERB"></g><g v="impf"></g><g v="tran"></g><g v="sing"></g><g v="3per"></g><g v="pres"></g><g v="indc"></g></l></v></tfr></token><token text="," id="713095"><tfr rev_id="1544952" t=","><v><l id="0" t=","><g v="PNCT"></g></l></v></tfr></token><token text="что" id="713096"><tfr rev_id="3197885" t="что"><v><l id="377004" t="что"><g v="CONJ"></g></l></v><v><l id="377005" t="что"><g v="NPRO"></g><g v="neut"></g><g v="sing"></g><g v="nomn"></g></l></v><v><l id="377005" t="что"><g v="NPRO"></g><g v="neut"></g><g v="sing"></g><g v="accs"></g></l></v><v><l id="377006" t="что"><g v="ADVB"></g><g v="Ques"></g></l></v><v><l id="388695" t="что"><g v="PRCL"></g></l></v></tfr></token><token text="она" id="713097"><tfr rev_id="3586596" t="она"><v><l id="206544" t="она"><g v="NPRO"></g><g v="femn"></g><g v="3per"></g><g v="Anph"></g><g v="sing"></g><g v="nomn"></g></l></v></tfr></token><token text="живёт" id="713098"><tfr rev_id="1544955" t="живёт"><v><l id="97603" t="живу"><g v="VERB"></g><g v="impf"></g><g v="intr"></g><g v="sing"></g><g v="3per"></g><g v="pres"></g><g v="indc"></g></l></v></tfr></token><token text="не" id="713099"><tfr rev_id="1544956" t="не"><v><l id="178876" t="не"><g v="PRCL"></g></l></v></tfr></token><token text="по" id="713100"><tfr rev_id="1544957" t="по"><v><l id="241240" t="по"><g v="PREP"></g></l></v></tfr></token><token text="средствам" id="713101"><tfr rev_id="1544958" t="средствам"><v><l id="333716" t="средство"><g v="NOUN"></g><g v="inan"></g><g v="neut"></g><g v="plur"></g><g v="datv"></g></l></v></tfr></token><token text="и" id="713102"><tfr rev_id="1544959" t="и"><v><l id="116949" t="и"><g v="CONJ"></g></l></v><v><l id="116950" t="и"><g v="INTJ"></g></l></v></tfr></token><token text="перекладывает" id="713103"><tfr rev_id="1544960" t="перекладывает"><v><l id="229587" t="перекладываю"><g v="VERB"></g><g v="impf"></g><g v="tran"></g><g v="sing"></g><g v="3per"></g><g v="pres"></g><g v="indc"></g></l></v></tfr></token><token text="часть" id="713104"><tfr rev_id="1544961" t="часть"><v><l id="374820" t="часть"><g v="NOUN"></g><g v="inan"></g><g v="femn"></g><g v="sing"></g><g v="nomn"></g></l></v><v><l id="374820" t="часть"><g v="NOUN"></g><g v="inan"></g><g v="femn"></g><g v="sing"></g><g v="accs"></g></l></v></tfr></token><token text="нагрузки" id="713105"><tfr rev_id="3503791" t="нагрузки"><v><l id="168266" t="нагрузка"><g v="NOUN"></g><g v="inan"></g><g v="femn"></g><g v="sing"></g><g v="gent"></g></l></v></tfr></token><token text="своих" id="713106"><tfr rev_id="3633861" t="своих"><v><l id="316379" t="свой"><g v="ADJF"></g><g v="Apro"></g><g v="Anph"></g><g v="plur"></g><g v="gent"></g></l></v></tfr></token><token text="проблем" id="713107"><tfr rev_id="1544964" t="проблем"><v><l id="277255" t="проблема"><g v="NOUN"></g><g v="inan"></g><g v="femn"></g><g v="plur"></g><g v="gent"></g></l></v></tfr></token><token text="на" id="713108"><tfr rev_id="3337611" t="на"><v><l id="166264" t="на"><g v="PREP"></g></l></v></tfr></token><token text="всю" id="713109"><tfr rev_id="4131381" t="всю"><v><l id="42156" t="весь"><g v="ADJF"></g><g v="Subx"></g><g v="Apro"></g><g v="femn"></g><g v="sing"></g><g v="accs"></g></l></v></tfr></token><token text="мировую" id="713110"><tfr rev_id="1544967" t="мировую"><v><l id="160894" t="мировой"><g v="ADJF"></g><g v="femn"></g><g v="sing"></g><g v="accs"></g></l></v></tfr></token><token text="экономику" id="713111"><tfr rev_id="1544968" t="экономику"><v><l id="383340" t="экономика"><g v="NOUN"></g><g v="inan"></g><g v="femn"></g><g v="sing"></g><g v="accs"></g></l></v></tfr></token><token text="," id="713112"><tfr rev_id="1544969" t=","><v><l id="0" t=","><g v="PNCT"></g></l></v></tfr></token><token text="паразитирует" id="713113"><tfr rev_id="1544970" t="паразитирует"><v><l id="223692" t="паразитирую"><g v="VERB"></g><g v="impf"></g><g v="intr"></g><g v="sing"></g><g v="3per"></g><g v="pres"></g><g v="indc"></g></l></v></tfr></token><token text="на" id="713114"><tfr rev_id="2913394" t="на"><v><l id="166264" t="на"><g v="PREP"></g></l></v><v><l id="388676" t="на"><g v="INTJ"></g></l></v></tfr></token><token text="мировой" id="713115"><tfr rev_id="4392056" t="мировой"><v><l id="160894" t="мировой"><g v="ADJF"></g><g v="femn"></g><g v="sing"></g><g v="loct"></g></l></v></tfr></token><token text="экономике" id="713116"><tfr rev_id="3226409" t="экономике"><v><l id="383340" t="экономика"><g v="NOUN"></g><g v="inan"></g><g v="femn"></g><g v="sing"></g><g v="loct"></g></l></v></tfr></token><token text="и" id="713117"><tfr rev_id="3445986" t="и"><v><l id="116949" t="и"><g v="CONJ"></g></l></v></tfr></token><token text="на" id="713118"><tfr rev_id="3340452" t="на"><v><l id="166264" t="на"><g v="PREP"></g></l></v></tfr></token><token text="монопольном" id="713119"><tfr rev_id="3430902" t="монопольном"><v><l id="163280" t="монопольный"><g v="ADJF"></g><g v="neut"></g><g v="sing"></g><g v="loct"></g></l></v></tfr></token><token text="долларовом" id="713120"><tfr rev_id="3470180" t="долларовом"><v><l id="88049" t="долларовый"><g v="ADJF"></g><g v="neut"></g><g v="sing"></g><g v="loct"></g></l></v></tfr></token><token text="положении" id="713121"><tfr rev_id="1544978" t="положении"><v><l id="256255" t="положение"><g v="NOUN"></g><g v="inan"></g><g v="neut"></g><g v="sing"></g><g v="loct"></g></l></v></tfr></token><token text="»" id="713122"><tfr rev_id="2447661" t="»"><v><l id="0" t="»"><g v="PNCT"></g></l></v></tfr></token><token text="," id="713123"><tfr rev_id="1544980" t=","><v><l id="0" t=","><g v="PNCT"></g></l></v></tfr></token></tokens></sentence><sentence id="40072"><source>- цитирует премьер-министра «Газета.Ru».</source><tokens><token text="-" id="713124"><tfr rev_id="1544981" t="-"><v><l id="0" t="-"><g v="PNCT"></g></l></v></tfr></token><token text="цитирует" id="713125"><tfr rev_id="1544982" t="цитирует"><v><l id="374102" t="цитирую"><g v="VERB"></g><g v="impf"></g><g v="tran"></g><g v="sing"></g><g v="3per"></g><g v="pres"></g><g v="indc"></g></l></v></tfr></token><token text="премьер-министра" id="713126"><tfr rev_id="4389686" t="премьер-министра"><v><l id="267776" t="премьер-министр"><g v="NOUN"></g><g v="anim"></g><g v="masc"></g><g v="sing"></g><g v="accs"></g></l></v></tfr></token><token text="«" id="713127"><tfr rev_id="2447662" t="«"><v><l id="0" t="«"><g v="PNCT"></g></l></v></tfr></token><token text="Газета.Ru" id="713128"><tfr rev_id="1544985" t="Газета.Ru"><v><l id="0" t="Газета.Ru"><g v="UNKN"></g></l></v></tfr></token><token text="»" id="713130"><tfr rev_id="2447663" t="»"><v><l id="0" t="»"><g v="PNCT"></g></l></v></tfr></token><token text="." id="713131"><tfr rev_id="1544987" t="."><v><l id="0" t="."><g v="PNCT"></g></l></v></tfr></token></tokens></sentence></paragraph><paragraph id="12899"><sentence id="40073"><source>По словам Владимира Путина, возможный дефолт в США ничего хорошего для мировой экономики не принес бы.</source><tokens><token text="По" id="713132"><tfr rev_id="1544988" t="По"><v><l id="241240" t="по"><g v="PREP"></g></l></v></tfr></token><token text="словам" id="713133"><tfr rev_id="1544989" t="словам"><v><l id="325168" t="слово"><g v="NOUN"></g><g v="inan"></g><g v="neut"></g><g v="plur"></g><g v="datv"></g></l></v></tfr></token><token text="Владимира" id="713134"><tfr rev_id="4461847" t="Владимира"><v><l id="46610" t="владимир"><g v="NOUN"></g><g v="anim"></g><g v="masc"></g><g v="Name"></g><g v="sing"></g><g v="gent"></g></l></v><v><l id="46613" t="владимир"><g v="NOUN"></g><g v="inan"></g><g v="masc"></g><g v="Geox"></g><g v="sing"></g><g v="gent"></g></l></v></tfr></token><token text="Путина" id="713135"><tfr rev_id="4426448" t="Путина"><v><l id="289589" t="путин"><g v="NOUN"></g><g v="anim"></g><g v="masc"></g><g v="Sgtm"></g><g v="Surn"></g><g v="sing"></g><g v="gent"></g></l></v></tfr></token><token text="," id="713136"><tfr rev_id="1544992" t=","><v><l id="0" t=","><g v="PNCT"></g></l></v></tfr></token><token text="возможный" id="713137"><tfr rev_id="1544993" t="возможный"><v><l id="49411" t="возможный"><g v="ADJF"></g><g v="Qual"></g><g v="masc"></g><g v="sing"></g><g v="nomn"></g></l></v><v><l id="49411" t="возможный"><g v="ADJF"></g><g v="Qual"></g><g v="inan"></g><g v="masc"></g><g v="sing"></g><g v="accs"></g></l></v></tfr></token><token text="дефолт" id="713138"><tfr rev_id="4211218" t="дефолт"><v><l id="82346" t="дефолт"><g v="NOUN"></g><g v="inan"></g><g v="masc"></g><g v="sing"></g><g v="nomn"></g></l></v></tfr></token><token text="в" id="713139"><tfr rev_id="1544995" t="в"><v><l id="37409" t="в"><g v="PREP"></g></l></v></tfr></token><token text="США" id="713140"><tfr rev_id="4572927" t="США"><v><l id="341371" t="сша"><g v="NOUN"></g><g v="inan"></g><g v="GNdr"></g><g v="Pltm"></g><g v="Fixd"></g><g v="Abbr"></g><g v="Geox"></g><g v="plur"></g><g v="loct"></g></l></v></tfr></token><token text="ничего" id="713141"><tfr rev_id="4465682" t="ничего"><v><l id="191376" t="ничего"><g v="ADVB"></g></l></v><v><l id="191377" t="ничего"><g v="PRCL"></g></l></v><v><l id="191386" t="ничто"><g v="NPRO"></g><g v="neut"></g><g v="sing"></g><g v="gent"></g></l></v><v><l id="390659" t="ничего"><g v="NPRO"></g><g v="neut"></g><g v="sing"></g><g v="nomn"></g></l></v></tfr></token><token text="хорошего" id="713142"><tfr rev_id="3881407" t="хорошего"><v><l id="371668" t="хороший"><g v="ADJF"></g><g v="Qual"></g><g v="neut"></g><g v="sing"></g><g v="gent"></g></l></v></tfr></token><token text="для" id="713143"><tfr rev_id="3391731" t="для"><v><l id="85032" t="для"><g v="PREP"></g></l></v></tfr></token><token text="мировой" id="713144"><tfr rev_id="4392055" t="мировой"><v><l id="160894" t="мировой"><g v="ADJF"></g><g v="femn"></g><g v="sing"></g><g v="gent"></g></l></v></tfr></token><token text="экономики" id="713145"><tfr rev_id="2699445" t="экономики"><v><l id="383340" t="экономика"><g v="NOUN"></g><g v="inan"></g><g v="femn"></g><g v="sing"></g><g v="gent"></g></l></v></tfr></token><token text="не" id="713146"><tfr rev_id="1545002" t="не"><v><l id="178876" t="не"><g v="PRCL"></g></l></v></tfr></token><token text="принес" id="713147"><tfr rev_id="1545003" t="принес"><v><l id="272525" t="принёс"><g v="VERB"></g><g v="perf"></g><g v="tran"></g><g v="masc"></g><g v="sing"></g><g v="past"></g><g v="indc"></g></l></v></tfr></token><token text="бы" id="713148"><tfr rev_id="1545004" t="бы"><v><l id="36985" t="бы"><g v="PRCL"></g></l></v></tfr></token><token text="." id="713149"><tfr rev_id="1545005" t="."><v><l id="0" t="."><g v="PNCT"></g></l></v></tfr></token></tokens></sentence><sentence id="40074"><source>«Современная экономика глобализирована, и все страны так или иначе друг от друга зависят, а американская экономика является одним из локомотивов мировой экономики, и если там происходит системный сбой — нет ничего хорошего.</source><tokens><token text="«" id="713150"><tfr rev_id="2447664" t="«"><v><l id="0" t="«"><g v="PNCT"></g></l></v></tfr></token><token text="Современная" id="713151"><tfr rev_id="1545007" t="Современная"><v><l id="328217" t="современный"><g v="ADJF"></g><g v="Qual"></g><g v="femn"></g><g v="sing"></g><g v="nomn"></g></l></v></tfr></token><token text="экономика" id="713152"><tfr rev_id="1545008" t="экономика"><v><l id="383340" t="экономика"><g v="NOUN"></g><g v="inan"></g><g v="femn"></g><g v="sing"></g><g v="nomn"></g></l></v></tfr></token><token text="глобализирована" id="713153"><tfr rev_id="1545009" t="глобализирована"><v><l id="0" t="глобализирована"><g v="UNKN"></g></l></v></tfr></token><token text="," id="713154"><tfr rev_id="1545010" t=","><v><l id="0" t=","><g v="PNCT"></g></l></v></tfr></token><token text="и" id="713155"><tfr rev_id="1545011" t="и"><v><l id="116949" t="и"><g v="CONJ"></g></l></v><v><l id="116950" t="и"><g v="INTJ"></g></l></v></tfr></token><token text="все" id="713156"><tfr rev_id="4511312" t="все"><v><l id="42156" t="весь"><g v="ADJF"></g><g v="Subx"></g><g v="Apro"></g><g v="inan"></g><g v="plur"></g><g v="accs"></g></l></v><v><l id="42156" t="весь"><g v="ADJF"></g><g v="Subx"></g><g v="Apro"></g><g v="plur"></g><g v="nomn"></g></l></v></tfr></token><token text="страны" id="713157"><tfr rev_id="3797851" t="страны"><v><l id="337100" t="страна"><g v="NOUN"></g><g v="inan"></g><g v="femn"></g><g v="plur"></g><g v="nomn"></g></l></v></tfr></token><token text="так" id="713158"><tfr rev_id="1545014" t="так"><v><l id="342451" t="так"><g v="CONJ"></g></l></v><v><l id="342452" t="так"><g v="PRCL"></g></l></v><v><l id="342453" t="так"><g v="ADVB"></g><g v="Dmns"></g></l></v></tfr></token><token text="или" id="713159"><tfr rev_id="3787376" t="или"><v><l id="121146" t="или"><g v="CONJ"></g></l></v></tfr></token><token text="иначе" id="713160"><tfr rev_id="1545016" t="иначе"><v><l id="121975" t="иначе"><g v="ADVB"></g></l></v><v><l id="121976" t="иначе"><g v="CONJ"></g></l></v></tfr></token><token text="друг" id="713161"><tfr rev_id="1545017" t="друг"><v><l id="92341" t="друг"><g v="NOUN"></g><g v="anim"></g><g v="masc"></g><g v="sing"></g><g v="nomn"></g></l></v></tfr></token><token text="от" id="713162"><tfr rev_id="1545018" t="от"><v><l id="211644" t="от"><g v="PREP"></g></l></v></tfr></token><token text="друга" id="713163"><tfr rev_id="4390157" t="друга"><v><l id="92341" t="друг"><g v="NOUN"></g><g v="anim"></g><g v="masc"></g><g v="sing"></g><g v="gent"></g></l></v></tfr></token><token text="зависят" id="713164"><tfr rev_id="1545020" t="зависят"><v><l id="99664" t="завишу"><g v="VERB"></g><g v="impf"></g><g v="intr"></g><g v="plur"></g><g v="3per"></g><g v="pres"></g><g v="indc"></g></l></v></tfr></token><token text="," id="713165"><tfr rev_id="1545021" t=","><v><l id="0" t=","><g v="PNCT"></g></l></v></tfr></token><token text="а" id="713166"><tfr rev_id="1545022" t="а"><v><l id="51" t="а"><g v="CONJ"></g></l></v><v><l id="52" t="а"><g v="INTJ"></g></l></v><v><l id="53" t="а"><g v="PRCL"></g></l></v></tfr></token><token text="американская" id="713167"><tfr rev_id="1545023" t="американская"><v><l id="11429" t="американский"><g v="ADJF"></g><g v="femn"></g><g v="sing"></g><g v="nomn"></g></l></v></tfr></token><token text="экономика" id="713168"><tfr rev_id="1545024" t="экономика"><v><l id="383340" t="экономика"><g v="NOUN"></g><g v="inan"></g><g v="femn"></g><g v="sing"></g><g v="nomn"></g></l></v></tfr></token><token text="является" id="713169"><tfr rev_id="1545025" t="является"><v><l id="387385" t="являюсь"><g v="VERB"></g><g v="impf"></g><g v="intr"></g><g v="sing"></g><g v="3per"></g><g v="pres"></g><g v="indc"></g></l></v></tfr></token><token text="одним" id="713170"><tfr rev_id="4381500" t="одним"><v><l id="203319" t="один"><g v="ADJF"></g><g v="Apro"></g><g v="Anum"></g><g v="masc"></g><g v="sing"></g><g v="ablt"></g></l></v></tfr></token><token text="из" id="713171"><tfr rev_id="2602446" t="из"><v><l id="117677" t="из"><g v="PREP"></g></l></v></tfr></token><token text="локомотивов" id="713172"><tfr rev_id="1545028" t="локомотивов"><v><l id="150691" t="локомотив"><g v="NOUN"></g><g v="inan"></g><g v="masc"></g><g v="plur"></g><g v="gent"></g></l></v></tfr></token><token text="мировой" id="713173"><tfr rev_id="4404307" t="мировой"><v><l id="160894" t="мировой"><g v="ADJF"></g><g v="femn"></g><g v="sing"></g><g v="gent"></g></l></v></tfr></token><token text="экономики" id="713174"><tfr rev_id="3444407" t="экономики"><v><l id="383340" t="экономика"><g v="NOUN"></g><g v="inan"></g><g v="femn"></g><g v="sing"></g><g v="gent"></g></l></v></tfr></token><token text="," id="713175"><tfr rev_id="1545031" t=","><v><l id="0" t=","><g v="PNCT"></g></l></v></tfr></token><token text="и" id="713176"><tfr rev_id="1545032" t="и"><v><l id="116949" t="и"><g v="CONJ"></g></l></v><v><l id="116950" t="и"><g v="INTJ"></g></l></v></tfr></token><token text="если" id="713177"><tfr rev_id="1545033" t="если"><v><l id="95365" t="если"><g v="CONJ"></g></l></v></tfr></token><token text="там" id="713178"><tfr rev_id="1545034" t="там"><v><l id="342752" t="там"><g v="PRCL"></g></l></v><v><l id="342753" t="там"><g v="ADVB"></g><g v="Dmns"></g></l></v></tfr></token><token text="происходит" id="713179"><tfr rev_id="1545035" t="происходит"><v><l id="280286" t="происхожу"><g v="VERB"></g><g v="impf"></g><g v="intr"></g><g v="sing"></g><g v="3per"></g><g v="pres"></g><g v="indc"></g></l></v></tfr></token><token text="системный" id="713180"><tfr rev_id="1545036" t="системный"><v><l id="321389" t="системный"><g v="ADJF"></g><g v="Qual"></g><g v="masc"></g><g v="sing"></g><g v="nomn"></g></l></v><v><l id="321389" t="системный"><g v="ADJF"></g><g v="Qual"></g><g v="inan"></g><g v="masc"></g><g v="sing"></g><g v="accs"></g></l></v></tfr></token><token text="сбой" id="713181"><tfr rev_id="4102029" t="сбой"><v><l id="314316" t="сбой"><g v="NOUN"></g><g v="inan"></g><g v="masc"></g><g v="sing"></g><g v="nomn"></g></l></v></tfr></token><token text="—" id="713182"><tfr rev_id="2447665" t="—"><v><l id="0" t="—"><g v="PNCT"></g></l></v></tfr></token><token text="нет" id="713183"><tfr rev_id="4139955" t="нет"><v><l id="188868" t="нет"><g v="PRCL"></g></l></v><v><l id="188869" t="нет"><g v="INTJ"></g></l></v><v><l id="389552" t="нет"><g v="PRED"></g><g v="pres"></g></l></v></tfr></token><token text="ничего" id="713184"><tfr rev_id="4465683" t="ничего"><v><l id="191376" t="ничего"><g v="ADVB"></g></l></v><v><l id="191377" t="ничего"><g v="PRCL"></g></l></v><v><l id="191386" t="ничто"><g v="NPRO"></g><g v="neut"></g><g v="sing"></g><g v="gent"></g></l></v><v><l id="390659" t="ничего"><g v="NPRO"></g><g v="neut"></g><g v="sing"></g><g v="nomn"></g></l></v></tfr></token><token text="хорошего" id="713185"><tfr rev_id="3946481" t="хорошего"><v><l id="371668" t="хороший"><g v="ADJF"></g><g v="Qual"></g><g v="neut"></g><g v="sing"></g><g v="gent"></g></l></v></tfr></token><token text="." id="713186"><tfr rev_id="1545042" t="."><v><l id="0" t="."><g v="PNCT"></g></l></v></tfr></token></tokens></sentence><sentence id="40075"><source>И дело даже не в том, что некоторые страны, в том числе Россия и Китай, имеют значительную часть долларов в золотовалютных резервах, а дело в том, что возможен системный сбой во всей экономике»,</source><tokens><token text="И" id="713187"><tfr rev_id="4104383" t="И"><v><l id="116949" t="и"><g v="CONJ"></g></l></v></tfr></token><token text="дело" id="713188"><tfr rev_id="1715695" t="дело"><v><l id="80628" t="дело"><g v="NOUN"></g><g v="inan"></g><g v="neut"></g><g v="sing"></g><g v="nomn"></g></l></v><v><l id="80628" t="дело"><g v="NOUN"></g><g v="inan"></g><g v="neut"></g><g v="sing"></g><g v="accs"></g></l></v></tfr></token><token text="даже" id="713189"><tfr rev_id="4079209" t="даже"><v><l id="77849" t="даже"><g v="PRCL"></g></l></v></tfr></token><token text="не" id="713190"><tfr rev_id="1545046" t="не"><v><l id="178876" t="не"><g v="PRCL"></g></l></v></tfr></token><token text="в" id="713191"><tfr rev_id="1545047" t="в"><v><l id="37409" t="в"><g v="PREP"></g></l></v></tfr></token><token text="том" id="713192"><tfr rev_id="4374012" t="том"><v><l id="348430" t="тот"><g v="ADJF"></g><g v="Subx"></g><g v="Apro"></g><g v="Anph"></g><g v="neut"></g><g v="sing"></g><g v="loct"></g></l></v></tfr></token><token text="," id="713193"><tfr rev_id="1545049" t=","><v><l id="0" t=","><g v="PNCT"></g></l></v></tfr></token><token text="что" id="713194"><tfr rev_id="3197886" t="что"><v><l id="377004" t="что"><g v="CONJ"></g></l></v><v><l id="377005" t="что"><g v="NPRO"></g><g v="neut"></g><g v="sing"></g><g v="nomn"></g></l></v><v><l id="377005" t="что"><g v="NPRO"></g><g v="neut"></g><g v="sing"></g><g v="accs"></g></l></v><v><l id="377006" t="что"><g v="ADVB"></g><g v="Ques"></g></l></v><v><l id="388695" t="что"><g v="PRCL"></g></l></v></tfr></token><token text="некоторые" id="713195"><tfr rev_id="4472539" t="некоторые"><v><l id="183542" t="некоторый"><g v="ADJF"></g><g v="Apro"></g><g v="plur"></g><g v="nomn"></g></l></v><v><l id="183542" t="некоторый"><g v="ADJF"></g><g v="Apro"></g><g v="inan"></g><g v="plur"></g><g v="accs"></g></l></v></tfr></token><token text="страны" id="713196"><tfr rev_id="3793693" t="страны"><v><l id="337100" t="страна"><g v="NOUN"></g><g v="inan"></g><g v="femn"></g><g v="plur"></g><g v="nomn"></g></l></v></tfr></token><token text="," id="713197"><tfr rev_id="1545053" t=","><v><l id="0" t=","><g v="PNCT"></g></l></v></tfr></token><token text="в" id="713198"><tfr rev_id="1545054" t="в"><v><l id="37409" t="в"><g v="PREP"></g></l></v></tfr></token><token text="том" id="713199"><tfr rev_id="4310958" t="том"><v><l id="348430" t="тот"><g v="ADJF"></g><g v="Subx"></g><g v="Apro"></g><g v="Anph"></g><g v="neut"></g><g v="sing"></g><g v="loct"></g></l></v></tfr></token><token text="числе" id="713200"><tfr rev_id="1545056" t="числе"><v><l id="376585" t="число"><g v="NOUN"></g><g v="inan"></g><g v="neut"></g><g v="sing"></g><g v="loct"></g></l></v></tfr></token><token text="Россия" id="713201"><tfr rev_id="1545057" t="Россия"><v><l id="309322" t="россия"><g v="NOUN"></g><g v="inan"></g><g v="femn"></g><g v="Sgtm"></g><g v="Geox"></g><g v="sing"></g><g v="nomn"></g></l></v></tfr></token><token text="и" id="713202"><tfr rev_id="1545058" t="и"><v><l id="116949" t="и"><g v="CONJ"></g></l></v><v><l id="116950" t="и"><g v="INTJ"></g></l></v></tfr></token><token text="Китай" id="713203"><tfr rev_id="4094816" t="Китай"><v><l id="133640" t="китай"><g v="NOUN"></g><g v="inan"></g><g v="masc"></g><g v="Sgtm"></g><g v="Geox"></g><g v="sing"></g><g v="nomn"></g></l></v></tfr></token><token text="," id="713204"><tfr rev_id="1545060" t=","><v><l id="0" t=","><g v="PNCT"></g></l></v></tfr></token><token text="имеют" id="713205"><tfr rev_id="1545061" t="имеют"><v><l id="121610" t="имею"><g v="VERB"></g><g v="impf"></g><g v="tran"></g><g v="plur"></g><g v="3per"></g><g v="pres"></g><g v="indc"></g></l></v></tfr></token><token text="значительную" id="713206"><tfr rev_id="1545062" t="значительную"><v><l id="116026" t="значительный"><g v="ADJF"></g><g v="Qual"></g><g v="femn"></g><g v="sing"></g><g v="accs"></g></l></v></tfr></token><token text="часть" id="713207"><tfr rev_id="1545063" t="часть"><v><l id="374820" t="часть"><g v="NOUN"></g><g v="inan"></g><g v="femn"></g><g v="sing"></g><g v="nomn"></g></l></v><v><l id="374820" t="часть"><g v="NOUN"></g><g v="inan"></g><g v="femn"></g><g v="sing"></g><g v="accs"></g></l></v></tfr></token><token text="долларов" id="713208"><tfr rev_id="2700681" t="долларов"><v><l id="88047" t="доллар"><g v="NOUN"></g><g v="inan"></g><g v="masc"></g><g v="plur"></g><g v="gent"></g></l></v></tfr></token><token text="в" id="713209"><tfr rev_id="1545065" t="в"><v><l id="37409" t="в"><g v="PREP"></g></l></v></tfr></token><token text="золотовалютных" id="713210"><tfr rev_id="4357437" t="золотовалютных"><v><l id="116194" t="золотовалютный"><g v="ADJF"></g><g v="plur"></g><g v="loct"></g></l></v></tfr></token><token text="резервах" id="713211"><tfr rev_id="1545067" t="резервах"><v><l id="305224" t="резерв"><g v="NOUN"></g><g v="inan"></g><g v="masc"></g><g v="plur"></g><g v="loct"></g></l></v></tfr></token><token text="," id="713212"><tfr rev_id="1545068" t=","><v><l id="0" t=","><g v="PNCT"></g></l></v></tfr></token><token text="а" id="713213"><tfr rev_id="1545069" t="а"><v><l id="51" t="а"><g v="CONJ"></g></l></v><v><l id="52" t="а"><g v="INTJ"></g></l></v><v><l id="53" t="а"><g v="PRCL"></g></l></v></tfr></token><token text="дело" id="713214"><tfr rev_id="1715599" t="дело"><v><l id="80628" t="дело"><g v="NOUN"></g><g v="inan"></g><g v="neut"></g><g v="sing"></g><g v="nomn"></g></l></v><v><l id="80628" t="дело"><g v="NOUN"></g><g v="inan"></g><g v="neut"></g><g v="sing"></g><g v="accs"></g></l></v></tfr></token><token text="в" id="713215"><tfr rev_id="1545071" t="в"><v><l id="37409" t="в"><g v="PREP"></g></l></v></tfr></token><token text="том" id="713216"><tfr rev_id="4400370" t="том"><v><l id="348430" t="тот"><g v="ADJF"></g><g v="Subx"></g><g v="Apro"></g><g v="Anph"></g><g v="neut"></g><g v="sing"></g><g v="loct"></g></l></v></tfr></token><token text="," id="713217"><tfr rev_id="1545073" t=","><v><l id="0" t=","><g v="PNCT"></g></l></v></tfr></token><token text="что" id="713218"><tfr rev_id="3197887" t="что"><v><l id="377004" t="что"><g v="CONJ"></g></l></v><v><l id="377005" t="что"><g v="NPRO"></g><g v="neut"></g><g v="sing"></g><g v="nomn"></g></l></v><v><l id="377005" t="что"><g v="NPRO"></g><g v="neut"></g><g v="sing"></g><g v="accs"></g></l></v><v><l id="377006" t="что"><g v="ADVB"></g><g v="Ques"></g></l></v><v><l id="388695" t="что"><g v="PRCL"></g></l></v></tfr></token><token text="возможен" id="713219"><tfr rev_id="1545075" t="возможен"><v><l id="49413" t="возможен"><g v="ADJS"></g><g v="Qual"></g><g v="masc"></g><g v="sing"></g></l></v></tfr></token><token text="системный" id="713220"><tfr rev_id="1545076" t="системный"><v><l id="321389" t="системный"><g v="ADJF"></g><g v="Qual"></g><g v="masc"></g><g v="sing"></g><g v="nomn"></g></l></v><v><l id="321389" t="системный"><g v="ADJF"></g><g v="Qual"></g><g v="inan"></g><g v="masc"></g><g v="sing"></g><g v="accs"></g></l></v></tfr></token><token text="сбой" id="713221"><tfr rev_id="1545077" t="сбой"><v><l id="314316" t="сбой"><g v="NOUN"></g><g v="inan"></g><g v="masc"></g><g v="sing"></g><g v="nomn"></g></l></v><v><l id="314316" t="сбой"><g v="NOUN"></g><g v="inan"></g><g v="masc"></g><g v="sing"></g><g v="accs"></g></l></v></tfr></token><token text="во" id="713222"><tfr rev_id="2920355" t="во"><v><l id="37409" t="в"><g v="PREP"></g><g v="Vpre"></g></l></v></tfr></token><token text="всей" id="713223"><tfr rev_id="4399526" t="всей"><v><l id="42156" t="весь"><g v="ADJF"></g><g v="Subx"></g><g v="Apro"></g><g v="femn"></g><g v="sing"></g><g v="loct"></g></l></v></tfr></token><token text="экономике" id="713224"><tfr rev_id="3551710" t="экономике"><v><l id="383340" t="экономика"><g v="NOUN"></g><g v="inan"></g><g v="femn"></g><g v="sing"></g><g v="loct"></g></l></v></tfr></token><token text="»" id="713225"><tfr rev_id="2447666" t="»"><v><l id="0" t="»"><g v="PNCT"></g></l></v></tfr></token><token text="," id="713226"><tfr rev_id="1545082" t=","><v><l id="0" t=","><g v="PNCT"></g></l></v></tfr></token></tokens></sentence><sentence id="40076"><source>— добавил он.</source><tokens><token text="—" id="713227"><tfr rev_id="2447667" t="—"><v><l id="0" t="—"><g v="PNCT"></g></l></v></tfr></token><token text="добавил" id="713228"><tfr rev_id="1545084" t="добавил"><v><l id="85158" t="добавил"><g v="VERB"></g><g v="perf"></g><g v="tran"></g><g v="masc"></g><g v="sing"></g><g v="past"></g><g v="indc"></g></l></v></tfr></token><token text="он" id="713229"><tfr rev_id="3575896" t="он"><v><l id="206541" t="он"><g v="NPRO"></g><g v="masc"></g><g v="3per"></g><g v="Anph"></g><g v="sing"></g><g v="nomn"></g></l></v></tfr></token><token text="." id="713230"><tfr rev_id="1545086" t="."><v><l id="0" t="."><g v="PNCT"></g></l></v></tfr></token></tokens></sentence></paragraph><paragraph id="12900"><sentence id="40077"><source>При этом российский премьер привёл мнение некоторых экспертов, которые считают, что США могут быть заинтересованы в дефолте.</source><tokens><token text="При" id="713231"><tfr rev_id="2601288" t="При"><v><l id="268625" t="при"><g v="PREP"></g></l></v></tfr></token><token text="этом" id="713232"><tfr rev_id="3272396" t="этом"><v><l id="386575" t="это"><g v="NPRO"></g><g v="neut"></g><g v="sing"></g><g v="loct"></g></l></v></tfr></token><token text="российский" id="713233"><tfr rev_id="1545089" t="российский"><v><l id="309319" t="российский"><g v="ADJF"></g><g v="masc"></g><g v="sing"></g><g v="nomn"></g></l></v><v><l id="309319" t="российский"><g v="ADJF"></g><g v="inan"></g><g v="masc"></g><g v="sing"></g><g v="accs"></g></l></v></tfr></token><token text="премьер" id="713234"><tfr rev_id="3486952" t="премьер"><v><l id="267774" t="премьер"><g v="NOUN"></g><g v="anim"></g><g v="masc"></g><g v="sing"></g><g v="nomn"></g></l></v></tfr></token><token text="привёл" id="713235"><tfr rev_id="1545091" t="привёл"><v><l id="269205" t="привёл"><g v="VERB"></g><g v="perf"></g><g v="tran"></g><g v="masc"></g><g v="sing"></g><g v="past"></g><g v="indc"></g></l></v></tfr></token><token text="мнение" id="713236"><tfr rev_id="3523752" t="мнение"><v><l id="161395" t="мнение"><g v="NOUN"></g><g v="inan"></g><g v="neut"></g><g v="sing"></g><g v="accs"></g></l></v></tfr></token><token text="некоторых" id="713237"><tfr rev_id="4369088" t="некоторых"><v><l id="183542" t="некоторый"><g v="ADJF"></g><g v="Apro"></g><g v="plur"></g><g v="gent"></g></l></v></tfr></token><token text="экспертов" id="713238"><tfr rev_id="4382625" t="экспертов"><v><l id="383582" t="эксперт"><g v="NOUN"></g><g v="anim"></g><g v="masc"></g><g v="plur"></g><g v="gent"></g></l></v></tfr></token><token text="," id="713239"><tfr rev_id="1545095" t=","><v><l id="0" t=","><g v="PNCT"></g></l></v></tfr></token><token text="которые" id="713240"><tfr rev_id="3751997" t="которые"><v><l id="141203" t="который"><g v="ADJF"></g><g v="Apro"></g><g v="Subx"></g><g v="Anph"></g><g v="plur"></g><g v="nomn"></g></l></v></tfr></token><token text="считают" id="713241"><tfr rev_id="1545097" t="считают"><v><l id="341320" t="считаю"><g v="VERB"></g><g v="impf"></g><g v="tran"></g><g v="plur"></g><g v="3per"></g><g v="pres"></g><g v="indc"></g></l></v><v><l id="341329" t="считал"><g v="VERB"></g><g v="perf"></g><g v="tran"></g><g v="plur"></g><g v="3per"></g><g v="futr"></g><g v="indc"></g></l></v></tfr></token><token text="," id="713242"><tfr rev_id="1545098" t=","><v><l id="0" t=","><g v="PNCT"></g></l></v></tfr></token><token text="что" id="713243"><tfr rev_id="4204223" t="что"><v><l id="377004" t="что"><g v="CONJ"></g></l></v></tfr></token><token text="США" id="713244"><tfr rev_id="3811464" t="США"><v><l id="341371" t="сша"><g v="NOUN"></g><g v="inan"></g><g v="GNdr"></g><g v="Pltm"></g><g v="Fixd"></g><g v="Abbr"></g><g v="Geox"></g><g v="plur"></g><g v="nomn"></g></l></v></tfr></token><token text="могут" id="713245"><tfr rev_id="1545101" t="могут"><v><l id="164485" t="могу"><g v="VERB"></g><g v="impf"></g><g v="intr"></g><g v="plur"></g><g v="3per"></g><g v="pres"></g><g v="indc"></g></l></v></tfr></token><token text="быть" id="713246"><tfr rev_id="1545102" t="быть"><v><l id="37266" t="быть"><g v="INFN"></g><g v="impf"></g><g v="intr"></g></l></v></tfr></token><token text="заинтересованы" id="713247"><tfr rev_id="1545103" t="заинтересованы"><v><l id="102716" t="заинтересован"><g v="PRTS"></g><g v="perf"></g><g v="past"></g><g v="pssv"></g><g v="plur"></g></l></v></tfr></token><token text="в" id="713248"><tfr rev_id="1545104" t="в"><v><l id="37409" t="в"><g v="PREP"></g></l></v></tfr></token><token text="дефолте" id="713249"><tfr rev_id="1545105" t="дефолте"><v><l id="82346" t="дефолт"><g v="NOUN"></g><g v="inan"></g><g v="masc"></g><g v="sing"></g><g v="loct"></g></l></v></tfr></token><token text="." id="713250"><tfr rev_id="1545106" t="."><v><l id="0" t="."><g v="PNCT"></g></l></v></tfr></token></tokens></sentence><sentence id="40078"><source>«США заинтересованы в этом и в девальвации доллара, чтобы создать лучшие условия для экспорта.</source><tokens><token text="«" id="713251"><tfr rev_id="2447668" t="«"><v><l id="0" t="«"><g v="PNCT"></g></l></v></tfr></token><token text="США" id="713252"><tfr rev_id="3811465" t="США"><v><l id="341371" t="сша"><g v="NOUN"></g><g v="inan"></g><g v="GNdr"></g><g v="Pltm"></g><g v="Fixd"></g><g v="Abbr"></g><g v="Geox"></g><g v="plur"></g><g v="nomn"></g></l></v><v><l id="341371" t="сша"><g v="NOUN"></g><g v="inan"></g><g v="GNdr"></g><g v="Pltm"></g><g v="Fixd"></g><g v="Abbr"></g><g v="Geox"></g><g v="plur"></g><g v="gent"></g></l></v><v><l id="341371" t="сша"><g v="NOUN"></g><g v="inan"></g><g v="GNdr"></g><g v="Pltm"></g><g v="Fixd"></g><g v="Abbr"></g><g v="Geox"></g><g v="plur"></g><g v="datv"></g></l></v><v><l id="341371" t="сша"><g v="NOUN"></g><g v="inan"></g><g v="GNdr"></g><g v="Pltm"></g><g v="Fixd"></g><g v="Abbr"></g><g v="Geox"></g><g v="plur"></g><g v="accs"></g></l></v><v><l id="341371" t="сша"><g v="NOUN"></g><g v="inan"></g><g v="GNdr"></g><g v="Pltm"></g><g v="Fixd"></g><g v="Abbr"></g><g v="Geox"></g><g v="plur"></g><g v="ablt"></g></l></v><v><l id="341371" t="сша"><g v="NOUN"></g><g v="inan"></g><g v="GNdr"></g><g v="Pltm"></g><g v="Fixd"></g><g v="Abbr"></g><g v="Geox"></g><g v="plur"></g><g v="loct"></g></l></v></tfr></token><token text="заинтересованы" id="713253"><tfr rev_id="1545109" t="заинтересованы"><v><l id="102716" t="заинтересован"><g v="PRTS"></g><g v="perf"></g><g v="past"></g><g v="pssv"></g><g v="plur"></g></l></v></tfr></token><token text="в" id="713254"><tfr rev_id="1545110" t="в"><v><l id="37409" t="в"><g v="PREP"></g></l></v></tfr></token><token text="этом" id="713255"><tfr rev_id="4096135" t="этом"><v><l id="386575" t="это"><g v="NPRO"></g><g v="neut"></g><g v="sing"></g><g v="loct"></g></l></v></tfr></token><token text="и" id="713256"><tfr rev_id="1545112" t="и"><v><l id="116949" t="и"><g v="CONJ"></g></l></v><v><l id="116950" t="и"><g v="INTJ"></g></l></v></tfr></token><token text="в" id="713257"><tfr rev_id="1545113" t="в"><v><l id="37409" t="в"><g v="PREP"></g></l></v></tfr></token><token text="девальвации" id="713258"><tfr rev_id="4362734" t="девальвации"><v><l id="79288" t="девальвация"><g v="NOUN"></g><g v="inan"></g><g v="femn"></g><g v="sing"></g><g v="loct"></g></l></v></tfr></token><token text="доллара" id="713259"><tfr rev_id="1545115" t="доллара"><v><l id="88047" t="доллар"><g v="NOUN"></g><g v="inan"></g><g v="masc"></g><g v="sing"></g><g v="gent"></g></l></v></tfr></token><token text="," id="713260"><tfr rev_id="1545116" t=","><v><l id="0" t=","><g v="PNCT"></g></l></v></tfr></token><token text="чтобы" id="713261"><tfr rev_id="1545117" t="чтобы"><v><l id="377013" t="чтобы"><g v="CONJ"></g></l></v><v><l id="377014" t="чтобы"><g v="PRCL"></g></l></v></tfr></token><token text="создать" id="713262"><tfr rev_id="1545118" t="создать"><v><l id="328586" t="создать"><g v="INFN"></g><g v="perf"></g><g v="tran"></g></l></v></tfr></token><token text="лучшие" id="713263"><tfr rev_id="4092593" t="лучшие"><v><l id="371672" t="лучший"><g v="ADJF"></g><g v="Supr"></g><g v="Qual"></g><g v="inan"></g><g v="plur"></g><g v="accs"></g></l></v></tfr></token><token text="условия" id="713264"><tfr rev_id="3795664" t="условия"><v><l id="360556" t="условие"><g v="NOUN"></g><g v="inan"></g><g v="neut"></g><g v="plur"></g><g v="accs"></g></l></v></tfr></token><token text="для" id="713265"><tfr rev_id="3452763" t="для"><v><l id="85032" t="для"><g v="PREP"></g></l></v></tfr></token><token text="экспорта" id="713266"><tfr rev_id="1545122" t="экспорта"><v><l id="383687" t="экспорт"><g v="NOUN"></g><g v="inan"></g><g v="masc"></g><g v="sing"></g><g v="gent"></g></l></v></tfr></token><token text="." id="713267"><tfr rev_id="1545123" t="."><v><l id="0" t="."><g v="PNCT"></g></l></v></tfr></token></tokens></sentence><sentence id="40079"><source>Таким образом американцы смогли бы побороть китайский импорт и европейских конкурентов.</source><tokens><token text="Таким" id="713268"><tfr rev_id="4210145" t="Таким"><v><l id="342491" t="такой"><g v="ADJF"></g><g v="Apro"></g><g v="masc"></g><g v="sing"></g><g v="ablt"></g></l></v></tfr></token><token text="образом" id="713269"><tfr rev_id="1545125" t="образом"><v><l id="198787" t="образ"><g v="NOUN"></g><g v="inan"></g><g v="masc"></g><g v="sing"></g><g v="ablt"></g></l></v></tfr></token><token text="американцы" id="713270"><tfr rev_id="1545126" t="американцы"><v><l id="11394" t="американец"><g v="NOUN"></g><g v="anim"></g><g v="masc"></g><g v="plur"></g><g v="nomn"></g></l></v></tfr></token><token text="смогли" id="713271"><tfr rev_id="1545127" t="смогли"><v><l id="326830" t="смог"><g v="VERB"></g><g v="perf"></g><g v="intr"></g><g v="plur"></g><g v="past"></g><g v="indc"></g></l></v></tfr></token><token text="бы" id="713272"><tfr rev_id="1545128" t="бы"><v><l id="36985" t="бы"><g v="PRCL"></g></l></v></tfr></token><token text="побороть" id="713273"><tfr rev_id="1545129" t="побороть"><v><l id="241734" t="побороть"><g v="INFN"></g><g v="perf"></g><g v="tran"></g></l></v></tfr></token><token text="китайский" id="713274"><tfr rev_id="1545130" t="китайский"><v><l id="133647" t="китайский"><g v="ADJF"></g><g v="masc"></g><g v="sing"></g><g v="nomn"></g></l></v><v><l id="133647" t="китайский"><g v="ADJF"></g><g v="inan"></g><g v="masc"></g><g v="sing"></g><g v="accs"></g></l></v></tfr></token><token text="импорт" id="713275"><tfr rev_id="1545131" t="импорт"><v><l id="121827" t="импорт"><g v="NOUN"></g><g v="inan"></g><g v="masc"></g><g v="sing"></g><g v="nomn"></g></l></v><v><l id="121827" t="импорт"><g v="NOUN"></g><g v="inan"></g><g v="masc"></g><g v="sing"></g><g v="accs"></g></l></v></tfr></token><token text="и" id="713276"><tfr rev_id="1545132" t="и"><v><l id="116949" t="и"><g v="CONJ"></g></l></v><v><l id="116950" t="и"><g v="INTJ"></g></l></v></tfr></token><token text="европейских" id="713277"><tfr rev_id="2927711" t="европейских"><v><l id="94034" t="европейский"><g v="ADJF"></g><g v="anim"></g><g v="plur"></g><g v="accs"></g></l></v></tfr></token><token text="конкурентов" id="713278"><tfr rev_id="3538197" t="конкурентов"><v><l id="137896" t="конкурент"><g v="NOUN"></g><g v="anim"></g><g v="masc"></g><g v="plur"></g><g v="accs"></g></l></v></tfr></token><token text="." id="713279"><tfr rev_id="1545135" t="."><v><l id="0" t="."><g v="PNCT"></g></l></v></tfr></token></tokens></sentence><sentence id="40080"><source>Но у них хватило здравого смысла и ответственности, чтобы принять сбалансированное решение»,</source><tokens><token text="Но" id="713280"><tfr rev_id="3542312" t="Но"><v><l id="191429" t="но"><g v="CONJ"></g></l></v></tfr></token><token text="у" id="713281"><tfr rev_id="3328478" t="у"><v><l id="352818" t="у"><g v="PREP"></g></l></v></tfr></token><token text="них" id="713282"><tfr rev_id="4175244" t="них"><v><l id="206619" t="они"><g v="NPRO"></g><g v="3per"></g><g v="Anph"></g><g v="plur"></g><g v="gent"></g><g v="Af-p"></g></l></v></tfr></token><token text="хватило" id="713283"><tfr rev_id="1545139" t="хватило"><v><l id="369815" t="хватило"><g v="VERB"></g><g v="impf"></g><g v="intr"></g><g v="Impe"></g><g v="neut"></g><g v="sing"></g><g v="past"></g><g v="indc"></g></l></v><v><l id="369822" t="хватил"><g v="VERB"></g><g v="perf"></g><g v="tran"></g><g v="neut"></g><g v="sing"></g><g v="past"></g><g v="indc"></g></l></v><v><l id="369826" t="хватит"><g v="VERB"></g><g v="perf"></g><g v="intr"></g><g v="Impe"></g><g v="neut"></g><g v="sing"></g><g v="past"></g><g v="indc"></g></l></v></tfr></token><token text="здравого" id="713284"><tfr rev_id="4096964" t="здравого"><v><l id="114774" t="здравый"><g v="ADJF"></g><g v="Qual"></g><g v="masc"></g><g v="sing"></g><g v="gent"></g></l></v><v><l id="114774" t="здравый"><g v="ADJF"></g><g v="Qual"></g><g v="anim"></g><g v="masc"></g><g v="sing"></g><g v="accs"></g></l></v></tfr></token><token text="смысла" id="713285"><tfr rev_id="1545141" t="смысла"><v><l id="326999" t="смысл"><g v="NOUN"></g><g v="inan"></g><g v="masc"></g><g v="sing"></g><g v="gent"></g></l></v></tfr></token><token text="и" id="713286"><tfr rev_id="1545142" t="и"><v><l id="116949" t="и"><g v="CONJ"></g></l></v><v><l id="116950" t="и"><g v="INTJ"></g></l></v></tfr></token><token text="ответственности" id="713287"><tfr rev_id="4180075" t="ответственности"><v><l id="212442" t="ответственность"><g v="NOUN"></g><g v="inan"></g><g v="femn"></g><g v="sing"></g><g v="gent"></g></l></v></tfr></token><token text="," id="713288"><tfr rev_id="1545144" t=","><v><l id="0" t=","><g v="PNCT"></g></l></v></tfr></token><token text="чтобы" id="713289"><tfr rev_id="1545145" t="чтобы"><v><l id="377013" t="чтобы"><g v="CONJ"></g></l></v><v><l id="377014" t="чтобы"><g v="PRCL"></g></l></v></tfr></token><token text="принять" id="713290"><tfr rev_id="1545146" t="принять"><v><l id="272701" t="принять"><g v="INFN"></g><g v="perf"></g><g v="tran"></g></l></v></tfr></token><token text="сбалансированное" id="713291"><tfr rev_id="1545147" t="сбалансированное"><v><l id="314121" t="сбалансированный"><g v="ADJF"></g><g v="neut"></g><g v="sing"></g><g v="nomn"></g></l></v><v><l id="314121" t="сбалансированный"><g v="ADJF"></g><g v="neut"></g><g v="sing"></g><g v="accs"></g></l></v><v><l id="314125" t="сбалансированный"><g v="PRTF"></g><g v="perf"></g><g v="tran"></g><g v="past"></g><g v="pssv"></g><g v="neut"></g><g v="sing"></g><g v="nomn"></g></l></v><v><l id="314125" t="сбалансированный"><g v="PRTF"></g><g v="perf"></g><g v="tran"></g><g v="past"></g><g v="pssv"></g><g v="neut"></g><g v="sing"></g><g v="accs"></g></l></v></tfr></token><token text="решение" id="713292"><tfr rev_id="1545148" t="решение"><v><l id="307350" t="решение"><g v="NOUN"></g><g v="inan"></g><g v="neut"></g><g v="sing"></g><g v="nomn"></g></l></v><v><l id="307350" t="решение"><g v="NOUN"></g><g v="inan"></g><g v="neut"></g><g v="sing"></g><g v="accs"></g></l></v></tfr></token><token text="»" id="713293"><tfr rev_id="2447669" t="»"><v><l id="0" t="»"><g v="PNCT"></g></l></v></tfr></token><token text="," id="713294"><tfr rev_id="1545150" t=","><v><l id="0" t=","><g v="PNCT"></g></l></v></tfr></token></tokens></sentence><sentence id="40081"><source>— заключил премьер.</source><tokens><token text="—" id="713295"><tfr rev_id="2447670" t="—"><v><l id="0" t="—"><g v="PNCT"></g></l></v></tfr></token><token text="заключил" id="713296"><tfr rev_id="1545152" t="заключил"><v><l id="103485" t="заключил"><g v="VERB"></g><g v="perf"></g><g v="tran"></g><g v="masc"></g><g v="sing"></g><g v="past"></g><g v="indc"></g></l></v></tfr></token><token text="премьер" id="713297"><tfr rev_id="2372451" t="премьер"><v><l id="267774" t="премьер"><g v="NOUN"></g><g v="anim"></g><g v="masc"></g><g v="sing"></g><g v="nomn"></g></l></v></tfr></token><token text="." id="713298"><tfr rev_id="1545154" t="."><v><l id="0" t="."><g v="PNCT"></g></l></v></tfr></token></tokens></sentence></paragraph><paragraph id="12901"><sentence id="40082"><source>Подробнее об экономической ситуации в США читайте в статье Частного корреспондента «Лажи не бу...»</source><tokens><token text="Подробнее" id="713299"><tfr rev_id="4496600" t="Подробнее"><v><l id="249806" t="подробнее"><g v="COMP"></g></l></v></tfr></token><token text="об" id="713300"><tfr rev_id="2921290" t="об"><v><l id="192977" t="о"><g v="PREP"></g><g v="Vpre"></g></l></v></tfr></token><token text="экономической" id="713301"><tfr rev_id="4378676" t="экономической"><v><l id="383364" t="экономический"><g v="ADJF"></g><g v="femn"></g><g v="sing"></g><g v="loct"></g></l></v></tfr></token><token text="ситуации" id="713302"><tfr rev_id="4168465" t="ситуации"><v><l id="321441" t="ситуация"><g v="NOUN"></g><g v="inan"></g><g v="femn"></g><g v="sing"></g><g v="loct"></g></l></v></tfr></token><token text="в" id="713303"><tfr rev_id="1545159" t="в"><v><l id="37409" t="в"><g v="PREP"></g></l></v></tfr></token><token text="США" id="713304"><tfr rev_id="3811466" t="США"><v><l id="341371" t="сша"><g v="NOUN"></g><g v="inan"></g><g v="GNdr"></g><g v="Pltm"></g><g v="Fixd"></g><g v="Abbr"></g><g v="Geox"></g><g v="plur"></g><g v="loct"></g></l></v></tfr></token><token text="читайте" id="713305"><tfr rev_id="1545161" t="читайте"><v><l id="376719" t="читаю"><g v="VERB"></g><g v="impf"></g><g v="tran"></g><g v="plur"></g><g v="impr"></g><g v="excl"></g></l></v></tfr></token><token text="в" id="713306"><tfr rev_id="1545162" t="в"><v><l id="37409" t="в"><g v="PREP"></g></l></v></tfr></token><token text="статье" id="713307"><tfr rev_id="3551297" t="статье"><v><l id="335173" t="статья"><g v="NOUN"></g><g v="inan"></g><g v="femn"></g><g v="sing"></g><g v="loct"></g></l></v></tfr></token><token text="Частного" id="713308"><tfr rev_id="4535137" t="Частного"><v><l id="374795" t="частный"><g v="ADJF"></g><g v="Qual"></g><g v="masc"></g><g v="sing"></g><g v="gent"></g></l></v><v><l id="374795" t="частный"><g v="ADJF"></g><g v="Qual"></g><g v="neut"></g><g v="sing"></g><g v="gent"></g></l></v></tfr></token><token text="корреспондента" id="713309"><tfr rev_id="4397385" t="корреспондента"><v><l id="140239" t="корреспондент"><g v="NOUN"></g><g v="anim"></g><g v="masc"></g><g v="sing"></g><g v="gent"></g></l></v></tfr></token><token text="«" id="713310"><tfr rev_id="2447671" t="«"><v><l id="0" t="«"><g v="PNCT"></g></l></v></tfr></token><token text="Лажи" id="713311"><tfr rev_id="4107071" t="Лажи"><v><l id="390055" t="лажа"><g v="NOUN"></g><g v="inan"></g><g v="femn"></g><g v="sing"></g><g v="gent"></g></l></v></tfr></token><token text="не" id="713312"><tfr rev_id="1545168" t="не"><v><l id="178876" t="не"><g v="PRCL"></g></l></v></tfr></token><token text="бу" id="713313"><tfr rev_id="1545169" t="бу"><v><l id="0" t="бу"><g v="UNKN"></g></l></v></tfr></token><token text="..." id="715460"><tfr rev_id="1547316" t="..."><v><l id="0" t="..."><g v="PNCT"></g></l></v></tfr></token><token text="»" id="713314"><tfr rev_id="2447672" t="»"><v><l id="0" t="»"><g v="PNCT"></g></l></v></tfr></token></tokens></sentence></paragraph></paragraphs></text>