<?xml version="1.0" encoding="utf-8"?><text parent="226" id="1433" name="ЖЖ утроил объём продаж"><tags><tag>url:http://www.chaskor.ru/news/zhzh_utroil_obem_prodazh</tag><tag>Год:2009</tag><tag>Дата:23/05</tag><tag>Тема:ЧасКор:Медиа/Медиабизнес</tag><tag>Тема:ЧасКор:Медиа</tag></tags><paragraphs><paragraph id="12912"><sentence id="40113"><source>ЖЖ утроил объём продаж</source><tokens><token text="ЖЖ" id="713885"><tfr rev_id="3808213" t="ЖЖ"><v><l id="389060" t="жж"><g v="NOUN"></g><g v="inan"></g><g v="masc"></g><g v="Fixd"></g><g v="Abbr"></g><g v="Sgtm"></g><g v="sing"></g><g v="nomn"></g></l></v></tfr></token><token text="утроил" id="713886"><tfr rev_id="1545742" t="утроил"><v><l id="362482" t="утроил"><g v="VERB"></g><g v="perf"></g><g v="tran"></g><g v="masc"></g><g v="sing"></g><g v="past"></g><g v="indc"></g></l></v></tfr></token><token text="объём" id="713887"><tfr rev_id="1715032" t="объём"><v><l id="201701" t="объём"><g v="NOUN"></g><g v="inan"></g><g v="masc"></g><g v="sing"></g><g v="nomn"></g></l></v><v><l id="201701" t="объём"><g v="NOUN"></g><g v="inan"></g><g v="masc"></g><g v="sing"></g><g v="accs"></g></l></v></tfr></token><token text="продаж" id="713888"><tfr rev_id="1545744" t="продаж"><v><l id="278949" t="продажа"><g v="NOUN"></g><g v="inan"></g><g v="femn"></g><g v="plur"></g><g v="gent"></g></l></v></tfr></token></tokens></sentence><sentence id="40114"><source>Компания SUP Fabrik за год заработала на рекламе 20 млн долларов.</source><tokens><token text="Компания" id="713889"><tfr rev_id="1545745" t="Компания"><v><l id="137146" t="компания"><g v="NOUN"></g><g v="inan"></g><g v="femn"></g><g v="sing"></g><g v="nomn"></g></l></v></tfr></token><token text="SUP" id="713890"><tfr rev_id="2475679" t="SUP"><v><l id="0" t="SUP"><g v="LATN"></g></l></v></tfr></token><token text="Fabrik" id="713891"><tfr rev_id="2475680" t="Fabrik"><v><l id="0" t="Fabrik"><g v="LATN"></g></l></v></tfr></token><token text="за" id="713892"><tfr rev_id="1545748" t="за"><v><l id="98043" t="за"><g v="PREP"></g></l></v></tfr></token><token text="год" id="713893"><tfr rev_id="1545749" t="год"><v><l id="72149" t="год"><g v="NOUN"></g><g v="inan"></g><g v="masc"></g><g v="sing"></g><g v="nomn"></g></l></v><v><l id="72149" t="год"><g v="NOUN"></g><g v="inan"></g><g v="masc"></g><g v="sing"></g><g v="accs"></g></l></v></tfr></token><token text="заработала" id="713894"><tfr rev_id="1545750" t="заработала"><v><l id="108485" t="заработал"><g v="VERB"></g><g v="perf"></g><g v="tran"></g><g v="femn"></g><g v="sing"></g><g v="past"></g><g v="indc"></g></l></v><v><l id="108491" t="заработал"><g v="VERB"></g><g v="perf"></g><g v="intr"></g><g v="femn"></g><g v="sing"></g><g v="past"></g><g v="indc"></g></l></v></tfr></token><token text="на" id="713895"><tfr rev_id="3394852" t="на"><v><l id="166264" t="на"><g v="PREP"></g></l></v></tfr></token><token text="рекламе" id="713896"><tfr rev_id="3550003" t="рекламе"><v><l id="305670" t="реклама"><g v="NOUN"></g><g v="inan"></g><g v="femn"></g><g v="sing"></g><g v="loct"></g></l></v></tfr></token><token text="20" id="713897"><tfr rev_id="2463073" t="20"><v><l id="0" t="20"><g v="NUMB"></g></l></v></tfr></token><token text="млн" id="713898"><tfr rev_id="4230392" t="млн"><v><l id="389040" t="млн"><g v="NOUN"></g><g v="inan"></g><g v="masc"></g><g v="Fixd"></g><g v="Abbr"></g><g v="plur"></g><g v="nomn"></g></l></v><v><l id="389040" t="млн"><g v="NOUN"></g><g v="inan"></g><g v="masc"></g><g v="Fixd"></g><g v="Abbr"></g><g v="plur"></g><g v="gent"></g></l></v><v><l id="389040" t="млн"><g v="NOUN"></g><g v="inan"></g><g v="masc"></g><g v="Fixd"></g><g v="Abbr"></g><g v="plur"></g><g v="datv"></g></l></v><v><l id="389040" t="млн"><g v="NOUN"></g><g v="inan"></g><g v="masc"></g><g v="Fixd"></g><g v="Abbr"></g><g v="plur"></g><g v="accs"></g></l></v><v><l id="389040" t="млн"><g v="NOUN"></g><g v="inan"></g><g v="masc"></g><g v="Fixd"></g><g v="Abbr"></g><g v="plur"></g><g v="ablt"></g></l></v><v><l id="389040" t="млн"><g v="NOUN"></g><g v="inan"></g><g v="masc"></g><g v="Fixd"></g><g v="Abbr"></g><g v="plur"></g><g v="loct"></g></l></v></tfr></token><token text="долларов" id="713899"><tfr rev_id="3478277" t="долларов"><v><l id="88047" t="доллар"><g v="NOUN"></g><g v="inan"></g><g v="masc"></g><g v="plur"></g><g v="gent"></g></l></v></tfr></token><token text="." id="713900"><tfr rev_id="1545756" t="."><v><l id="0" t="."><g v="PNCT"></g></l></v></tfr></token></tokens></sentence></paragraph><paragraph id="12913"><sentence id="40115"><source>Компания SUP Fabrik, владеющая блоговым сервисом LiveJournal, в первом квартале 2009 года утроила объёмы рекламных продаж.</source><tokens><token text="Компания" id="713901"><tfr rev_id="1545757" t="Компания"><v><l id="137146" t="компания"><g v="NOUN"></g><g v="inan"></g><g v="femn"></g><g v="sing"></g><g v="nomn"></g></l></v></tfr></token><token text="SUP" id="713902"><tfr rev_id="2475681" t="SUP"><v><l id="0" t="SUP"><g v="LATN"></g></l></v></tfr></token><token text="Fabrik" id="713903"><tfr rev_id="2475682" t="Fabrik"><v><l id="0" t="Fabrik"><g v="LATN"></g></l></v></tfr></token><token text="," id="713904"><tfr rev_id="1545760" t=","><v><l id="0" t=","><g v="PNCT"></g></l></v></tfr></token><token text="владеющая" id="713905"><tfr rev_id="1545761" t="владеющая"><v><l id="46540" t="владеющий"><g v="PRTF"></g><g v="impf"></g><g v="intr"></g><g v="pres"></g><g v="actv"></g><g v="femn"></g><g v="sing"></g><g v="nomn"></g></l></v></tfr></token><token text="блоговым" id="713906"><tfr rev_id="1545762" t="блоговым"><v><l id="0" t="блоговым"><g v="UNKN"></g></l></v></tfr></token><token text="сервисом" id="713907"><tfr rev_id="1545763" t="сервисом"><v><l id="319025" t="сервис"><g v="NOUN"></g><g v="inan"></g><g v="masc"></g><g v="sing"></g><g v="ablt"></g></l></v></tfr></token><token text="LiveJournal" id="713908"><tfr rev_id="2475683" t="LiveJournal"><v><l id="0" t="LiveJournal"><g v="LATN"></g></l></v></tfr></token><token text="," id="713909"><tfr rev_id="1545765" t=","><v><l id="0" t=","><g v="PNCT"></g></l></v></tfr></token><token text="в" id="713910"><tfr rev_id="1545766" t="в"><v><l id="37409" t="в"><g v="PREP"></g></l></v></tfr></token><token text="первом" id="713911"><tfr rev_id="4349853" t="первом"><v><l id="226359" t="первый"><g v="ADJF"></g><g v="Anum"></g><g v="masc"></g><g v="sing"></g><g v="loct"></g></l></v></tfr></token><token text="квартале" id="713912"><tfr rev_id="1545768" t="квартале"><v><l id="132007" t="квартал"><g v="NOUN"></g><g v="inan"></g><g v="masc"></g><g v="sing"></g><g v="loct"></g></l></v></tfr></token><token text="2009" id="713913"><tfr rev_id="2463074" t="2009"><v><l id="0" t="2009"><g v="NUMB"></g></l></v></tfr></token><token text="года" id="713914"><tfr rev_id="3476790" t="года"><v><l id="72149" t="год"><g v="NOUN"></g><g v="inan"></g><g v="masc"></g><g v="sing"></g><g v="gen1"></g></l></v></tfr></token><token text="утроила" id="713915"><tfr rev_id="1545771" t="утроила"><v><l id="362482" t="утроил"><g v="VERB"></g><g v="perf"></g><g v="tran"></g><g v="femn"></g><g v="sing"></g><g v="past"></g><g v="indc"></g></l></v></tfr></token><token text="объёмы" id="713916"><tfr rev_id="3727984" t="объёмы"><v><l id="201701" t="объём"><g v="NOUN"></g><g v="inan"></g><g v="masc"></g><g v="plur"></g><g v="accs"></g></l></v></tfr></token><token text="рекламных" id="713917"><tfr rev_id="4408977" t="рекламных"><v><l id="305693" t="рекламный"><g v="ADJF"></g><g v="Qual"></g><g v="plur"></g><g v="gent"></g></l></v></tfr></token><token text="продаж" id="713918"><tfr rev_id="1545774" t="продаж"><v><l id="278949" t="продажа"><g v="NOUN"></g><g v="inan"></g><g v="femn"></g><g v="plur"></g><g v="gent"></g></l></v></tfr></token><token text="." id="713919"><tfr rev_id="1545775" t="."><v><l id="0" t="."><g v="PNCT"></g></l></v></tfr></token></tokens></sentence><sentence id="40116"><source>Сообщая об этом, руководство компании, впрочем, не раскрывает суммы, заработанной на реализации рекламных контрактов.</source><tokens><token text="Сообщая" id="713920"><tfr rev_id="1545776" t="Сообщая"><v><l id="329544" t="сообщая"><g v="GRND"></g><g v="impf"></g><g v="tran"></g><g v="pres"></g></l></v></tfr></token><token text="об" id="713921"><tfr rev_id="2921291" t="об"><v><l id="192977" t="о"><g v="PREP"></g><g v="Vpre"></g></l></v></tfr></token><token text="этом" id="713922"><tfr rev_id="4474059" t="этом"><v><l id="386575" t="это"><g v="NPRO"></g><g v="neut"></g><g v="sing"></g><g v="loct"></g></l></v></tfr></token><token text="," id="713923"><tfr rev_id="1545779" t=","><v><l id="0" t=","><g v="PNCT"></g></l></v></tfr></token><token text="руководство" id="713924"><tfr rev_id="1545780" t="руководство"><v><l id="310004" t="руководство"><g v="NOUN"></g><g v="inan"></g><g v="neut"></g><g v="sing"></g><g v="nomn"></g></l></v><v><l id="310004" t="руководство"><g v="NOUN"></g><g v="inan"></g><g v="neut"></g><g v="sing"></g><g v="accs"></g></l></v></tfr></token><token text="компании" id="713925"><tfr rev_id="3764683" t="компании"><v><l id="137146" t="компания"><g v="NOUN"></g><g v="inan"></g><g v="femn"></g><g v="sing"></g><g v="gent"></g></l></v></tfr></token><token text="," id="713926"><tfr rev_id="1545782" t=","><v><l id="0" t=","><g v="PNCT"></g></l></v></tfr></token><token text="впрочем" id="713927"><tfr rev_id="3423290" t="впрочем"><v><l id="52738" t="впрочем"><g v="CONJ"></g><g v="Prnt"></g></l></v></tfr></token><token text="," id="713928"><tfr rev_id="1545784" t=","><v><l id="0" t=","><g v="PNCT"></g></l></v></tfr></token><token text="не" id="713929"><tfr rev_id="1545785" t="не"><v><l id="178876" t="не"><g v="PRCL"></g></l></v></tfr></token><token text="раскрывает" id="713930"><tfr rev_id="1545786" t="раскрывает"><v><l id="299087" t="раскрываю"><g v="VERB"></g><g v="impf"></g><g v="tran"></g><g v="sing"></g><g v="3per"></g><g v="pres"></g><g v="indc"></g></l></v></tfr></token><token text="суммы" id="713931"><tfr rev_id="3462960" t="суммы"><v><l id="339516" t="сумма"><g v="NOUN"></g><g v="inan"></g><g v="femn"></g><g v="sing"></g><g v="gent"></g></l></v></tfr></token><token text="," id="713932"><tfr rev_id="1545788" t=","><v><l id="0" t=","><g v="PNCT"></g></l></v></tfr></token><token text="заработанной" id="713933"><tfr rev_id="3445707" t="заработанной"><v><l id="108488" t="заработанный"><g v="PRTF"></g><g v="perf"></g><g v="tran"></g><g v="past"></g><g v="pssv"></g><g v="femn"></g><g v="sing"></g><g v="gent"></g></l></v></tfr></token><token text="на" id="713934"><tfr rev_id="3393885" t="на"><v><l id="166264" t="на"><g v="PREP"></g></l></v></tfr></token><token text="реализации" id="713935"><tfr rev_id="4269894" t="реализации"><v><l id="304404" t="реализация"><g v="NOUN"></g><g v="inan"></g><g v="femn"></g><g v="sing"></g><g v="loct"></g></l></v></tfr></token><token text="рекламных" id="713936"><tfr rev_id="3285299" t="рекламных"><v><l id="305693" t="рекламный"><g v="ADJF"></g><g v="Qual"></g><g v="plur"></g><g v="gent"></g></l></v></tfr></token><token text="контрактов" id="713937"><tfr rev_id="3478209" t="контрактов"><v><l id="138412" t="контракт"><g v="NOUN"></g><g v="inan"></g><g v="masc"></g><g v="plur"></g><g v="gent"></g></l></v></tfr></token><token text="." id="713938"><tfr rev_id="1545794" t="."><v><l id="0" t="."><g v="PNCT"></g></l></v></tfr></token></tokens></sentence><sentence id="40117"><source>В прессу попали лишь следующие цифры: в 2008 году SUP Fabrik продала рекламы на 250—300 млн долларов.</source><tokens><token text="В" id="713939"><tfr rev_id="1545795" t="В"><v><l id="37409" t="в"><g v="PREP"></g></l></v></tfr></token><token text="прессу" id="713940"><tfr rev_id="4082510" t="прессу"><v><l id="268254" t="пресса"><g v="NOUN"></g><g v="inan"></g><g v="femn"></g><g v="sing"></g><g v="accs"></g></l></v></tfr></token><token text="попали" id="713941"><tfr rev_id="1545797" t="попали"><v><l id="258981" t="попалил"><g v="VERB"></g><g v="perf"></g><g v="tran"></g><g v="sing"></g><g v="impr"></g><g v="excl"></g></l></v><v><l id="258987" t="попалил"><g v="VERB"></g><g v="perf"></g><g v="intr"></g><g v="sing"></g><g v="impr"></g><g v="excl"></g></l></v><v><l id="259025" t="попал"><g v="VERB"></g><g v="perf"></g><g v="intr"></g><g v="plur"></g><g v="past"></g><g v="indc"></g></l></v></tfr></token><token text="лишь" id="713942"><tfr rev_id="1545798" t="лишь"><v><l id="150259" t="лишь"><g v="CONJ"></g></l></v><v><l id="150260" t="лишь"><g v="PRCL"></g></l></v></tfr></token><token text="следующие" id="713943"><tfr rev_id="1545799" t="следующие"><v><l id="324749" t="следующий"><g v="PRTF"></g><g v="impf"></g><g v="intr"></g><g v="pres"></g><g v="actv"></g><g v="plur"></g><g v="nomn"></g></l></v><v><l id="324749" t="следующий"><g v="PRTF"></g><g v="impf"></g><g v="intr"></g><g v="pres"></g><g v="actv"></g><g v="inan"></g><g v="plur"></g><g v="accs"></g></l></v><v><l id="324769" t="следующий"><g v="ADJF"></g><g v="plur"></g><g v="nomn"></g></l></v><v><l id="324769" t="следующий"><g v="ADJF"></g><g v="inan"></g><g v="plur"></g><g v="accs"></g></l></v></tfr></token><token text="цифры" id="713944"><tfr rev_id="3792910" t="цифры"><v><l id="374165" t="цифра"><g v="NOUN"></g><g v="inan"></g><g v="femn"></g><g v="plur"></g><g v="nomn"></g></l></v></tfr></token><token text=":" id="713945"><tfr rev_id="1545801" t=":"><v><l id="0" t=":"><g v="PNCT"></g></l></v></tfr></token><token text="в" id="713946"><tfr rev_id="1545802" t="в"><v><l id="37409" t="в"><g v="PREP"></g></l></v></tfr></token><token text="2008" id="713947"><tfr rev_id="2463075" t="2008"><v><l id="0" t="2008"><g v="NUMB"></g></l></v></tfr></token><token text="году" id="713948"><tfr rev_id="2964173" t="году"><v><l id="72149" t="год"><g v="NOUN"></g><g v="inan"></g><g v="masc"></g><g v="sing"></g><g v="loc2"></g></l></v></tfr></token><token text="SUP" id="713949"><tfr rev_id="2475684" t="SUP"><v><l id="0" t="SUP"><g v="LATN"></g></l></v></tfr></token><token text="Fabrik" id="713950"><tfr rev_id="2475685" t="Fabrik"><v><l id="0" t="Fabrik"><g v="LATN"></g></l></v></tfr></token><token text="продала" id="713951"><tfr rev_id="1545807" t="продала"><v><l id="278966" t="продал"><g v="VERB"></g><g v="perf"></g><g v="tran"></g><g v="femn"></g><g v="sing"></g><g v="past"></g><g v="indc"></g></l></v></tfr></token><token text="рекламы" id="713952"><tfr rev_id="1545808" t="рекламы"><v><l id="305670" t="реклама"><g v="NOUN"></g><g v="inan"></g><g v="femn"></g><g v="sing"></g><g v="gent"></g></l></v><v><l id="305670" t="реклама"><g v="NOUN"></g><g v="inan"></g><g v="femn"></g><g v="plur"></g><g v="nomn"></g></l></v><v><l id="305670" t="реклама"><g v="NOUN"></g><g v="inan"></g><g v="femn"></g><g v="plur"></g><g v="accs"></g></l></v></tfr></token><token text="на" id="713953"><tfr rev_id="3475612" t="на"><v><l id="166264" t="на"><g v="PREP"></g></l></v></tfr></token><token text="250" id="713954"><tfr rev_id="2463076" t="250"><v><l id="0" t="250"><g v="NUMB"></g></l></v></tfr></token><token text="—" id="713955"><tfr rev_id="2447691" t="—"><v><l id="0" t="—"><g v="PNCT"></g></l></v></tfr></token><token text="300" id="713956"><tfr rev_id="2463077" t="300"><v><l id="0" t="300"><g v="NUMB"></g></l></v></tfr></token><token text="млн" id="713957"><tfr rev_id="4162605" t="млн"><v><l id="389040" t="млн"><g v="NOUN"></g><g v="inan"></g><g v="masc"></g><g v="Fixd"></g><g v="Abbr"></g><g v="plur"></g><g v="gent"></g></l></v></tfr></token><token text="долларов" id="713958"><tfr rev_id="3463388" t="долларов"><v><l id="88047" t="доллар"><g v="NOUN"></g><g v="inan"></g><g v="masc"></g><g v="plur"></g><g v="gent"></g></l></v></tfr></token><token text="." id="713959"><tfr rev_id="1545815" t="."><v><l id="0" t="."><g v="PNCT"></g></l></v></tfr></token></tokens></sentence><sentence id="40118"><source>Доля её дочерней компании +Sol, продающей рекламу, составила 5% от этой суммы.</source><tokens><token text="Доля" id="713960"><tfr rev_id="1545816" t="Доля"><v><l id="88151" t="доля"><g v="NOUN"></g><g v="inan"></g><g v="femn"></g><g v="sing"></g><g v="nomn"></g></l></v></tfr></token><token text="её" id="713961"><tfr rev_id="4572664" t="её"><v><l id="94433" t="её"><g v="ADJF"></g><g v="Fixd"></g><g v="Apro"></g><g v="Anph"></g><g v="masc"></g><g v="sing"></g><g v="nomn"></g></l></v><v><l id="94433" t="её"><g v="ADJF"></g><g v="Fixd"></g><g v="Apro"></g><g v="Anph"></g><g v="masc"></g><g v="sing"></g><g v="gent"></g></l></v><v><l id="94433" t="её"><g v="ADJF"></g><g v="Fixd"></g><g v="Apro"></g><g v="Anph"></g><g v="masc"></g><g v="sing"></g><g v="datv"></g></l></v><v><l id="94433" t="её"><g v="ADJF"></g><g v="Fixd"></g><g v="Apro"></g><g v="Anph"></g><g v="masc"></g><g v="sing"></g><g v="accs"></g></l></v><v><l id="94433" t="её"><g v="ADJF"></g><g v="Fixd"></g><g v="Apro"></g><g v="Anph"></g><g v="masc"></g><g v="sing"></g><g v="ablt"></g></l></v><v><l id="94433" t="её"><g v="ADJF"></g><g v="Fixd"></g><g v="Apro"></g><g v="Anph"></g><g v="masc"></g><g v="sing"></g><g v="loct"></g></l></v><v><l id="94433" t="её"><g v="ADJF"></g><g v="Fixd"></g><g v="Apro"></g><g v="Anph"></g><g v="femn"></g><g v="sing"></g><g v="nomn"></g></l></v><v><l id="94433" t="её"><g v="ADJF"></g><g v="Fixd"></g><g v="Apro"></g><g v="Anph"></g><g v="femn"></g><g v="sing"></g><g v="gent"></g></l></v><v><l id="94433" t="её"><g v="ADJF"></g><g v="Fixd"></g><g v="Apro"></g><g v="Anph"></g><g v="femn"></g><g v="sing"></g><g v="datv"></g></l></v><v><l id="94433" t="её"><g v="ADJF"></g><g v="Fixd"></g><g v="Apro"></g><g v="Anph"></g><g v="femn"></g><g v="sing"></g><g v="accs"></g></l></v><v><l id="94433" t="её"><g v="ADJF"></g><g v="Fixd"></g><g v="Apro"></g><g v="Anph"></g><g v="femn"></g><g v="sing"></g><g v="ablt"></g></l></v><v><l id="94433" t="её"><g v="ADJF"></g><g v="Fixd"></g><g v="Apro"></g><g v="Anph"></g><g v="femn"></g><g v="sing"></g><g v="loct"></g></l></v><v><l id="94433" t="её"><g v="ADJF"></g><g v="Fixd"></g><g v="Apro"></g><g v="Anph"></g><g v="neut"></g><g v="sing"></g><g v="nomn"></g></l></v><v><l id="94433" t="её"><g v="ADJF"></g><g v="Fixd"></g><g v="Apro"></g><g v="Anph"></g><g v="neut"></g><g v="sing"></g><g v="gent"></g></l></v><v><l id="94433" t="её"><g v="ADJF"></g><g v="Fixd"></g><g v="Apro"></g><g v="Anph"></g><g v="neut"></g><g v="sing"></g><g v="datv"></g></l></v><v><l id="94433" t="её"><g v="ADJF"></g><g v="Fixd"></g><g v="Apro"></g><g v="Anph"></g><g v="neut"></g><g v="sing"></g><g v="accs"></g></l></v><v><l id="94433" t="её"><g v="ADJF"></g><g v="Fixd"></g><g v="Apro"></g><g v="Anph"></g><g v="neut"></g><g v="sing"></g><g v="ablt"></g></l></v><v><l id="94433" t="её"><g v="ADJF"></g><g v="Fixd"></g><g v="Apro"></g><g v="Anph"></g><g v="neut"></g><g v="sing"></g><g v="loct"></g></l></v><v><l id="94433" t="её"><g v="ADJF"></g><g v="Fixd"></g><g v="Apro"></g><g v="Anph"></g><g v="plur"></g><g v="nomn"></g></l></v><v><l id="94433" t="её"><g v="ADJF"></g><g v="Fixd"></g><g v="Apro"></g><g v="Anph"></g><g v="plur"></g><g v="gent"></g></l></v><v><l id="94433" t="её"><g v="ADJF"></g><g v="Fixd"></g><g v="Apro"></g><g v="Anph"></g><g v="plur"></g><g v="datv"></g></l></v><v><l id="94433" t="её"><g v="ADJF"></g><g v="Fixd"></g><g v="Apro"></g><g v="Anph"></g><g v="plur"></g><g v="accs"></g></l></v><v><l id="94433" t="её"><g v="ADJF"></g><g v="Fixd"></g><g v="Apro"></g><g v="Anph"></g><g v="plur"></g><g v="ablt"></g></l></v><v><l id="94433" t="её"><g v="ADJF"></g><g v="Fixd"></g><g v="Apro"></g><g v="Anph"></g><g v="plur"></g><g v="loct"></g></l></v></tfr></token><token text="дочерней" id="713962"><tfr rev_id="4395641" t="дочерней"><v><l id="91284" t="дочерний"><g v="ADJF"></g><g v="femn"></g><g v="sing"></g><g v="gent"></g></l></v></tfr></token><token text="компании" id="713963"><tfr rev_id="4025637" t="компании"><v><l id="137146" t="компания"><g v="NOUN"></g><g v="inan"></g><g v="femn"></g><g v="sing"></g><g v="gent"></g></l></v></tfr></token><token text="+Sol" id="713964"><tfr rev_id="1545820" t="+Sol"><v><l id="0" t="+Sol"><g v="UNKN"></g></l></v></tfr></token><token text="," id="713965"><tfr rev_id="1545821" t=","><v><l id="0" t=","><g v="PNCT"></g></l></v></tfr></token><token text="продающей" id="713966"><tfr rev_id="2560996" t="продающей"><v><l id="278913" t="продающий"><g v="PRTF"></g><g v="impf"></g><g v="tran"></g><g v="pres"></g><g v="actv"></g><g v="femn"></g><g v="sing"></g><g v="gent"></g></l></v></tfr></token><token text="рекламу" id="713967"><tfr rev_id="1545823" t="рекламу"><v><l id="305670" t="реклама"><g v="NOUN"></g><g v="inan"></g><g v="femn"></g><g v="sing"></g><g v="accs"></g></l></v></tfr></token><token text="," id="713968"><tfr rev_id="1545824" t=","><v><l id="0" t=","><g v="PNCT"></g></l></v></tfr></token><token text="составила" id="713969"><tfr rev_id="1545825" t="составила"><v><l id="330483" t="составил"><g v="VERB"></g><g v="perf"></g><g v="tran"></g><g v="femn"></g><g v="sing"></g><g v="past"></g><g v="indc"></g></l></v></tfr></token><token text="5" id="713970"><tfr rev_id="2463078" t="5"><v><l id="0" t="5"><g v="NUMB"></g></l></v></tfr></token><token text="%" id="713971"><tfr rev_id="2447692" t="%"><v><l id="0" t="%"><g v="PNCT"></g></l></v></tfr></token><token text="от" id="713972"><tfr rev_id="1545828" t="от"><v><l id="211644" t="от"><g v="PREP"></g></l></v></tfr></token><token text="этой" id="713973"><tfr rev_id="4438054" t="этой"><v><l id="386581" t="этот"><g v="ADJF"></g><g v="Subx"></g><g v="Apro"></g><g v="Anph"></g><g v="femn"></g><g v="sing"></g><g v="gent"></g></l></v></tfr></token><token text="суммы" id="713974"><tfr rev_id="3490090" t="суммы"><v><l id="339516" t="сумма"><g v="NOUN"></g><g v="inan"></g><g v="femn"></g><g v="sing"></g><g v="gent"></g></l></v></tfr></token><token text="." id="713975"><tfr rev_id="1545831" t="."><v><l id="0" t="."><g v="PNCT"></g></l></v></tfr></token></tokens></sentence><sentence id="42400"><source>Доход от продажи рекламы составляет около 70% всей прибыли SUP, ещё 30% приходится на платные сервисы и электронную коммерцию.</source><tokens><token text="Доход" id="713976"><tfr rev_id="1545832" t="Доход"><v><l id="91228" t="доход"><g v="NOUN"></g><g v="inan"></g><g v="masc"></g><g v="sing"></g><g v="nomn"></g></l></v><v><l id="91228" t="доход"><g v="NOUN"></g><g v="inan"></g><g v="masc"></g><g v="sing"></g><g v="accs"></g></l></v></tfr></token><token text="от" id="713977"><tfr rev_id="1545833" t="от"><v><l id="211644" t="от"><g v="PREP"></g></l></v></tfr></token><token text="продажи" id="713978"><tfr rev_id="3437058" t="продажи"><v><l id="278949" t="продажа"><g v="NOUN"></g><g v="inan"></g><g v="femn"></g><g v="sing"></g><g v="gent"></g></l></v></tfr></token><token text="рекламы" id="713979"><tfr rev_id="3483526" t="рекламы"><v><l id="305670" t="реклама"><g v="NOUN"></g><g v="inan"></g><g v="femn"></g><g v="sing"></g><g v="gent"></g></l></v></tfr></token><token text="составляет" id="713980"><tfr rev_id="1545836" t="составляет"><v><l id="330494" t="составляю"><g v="VERB"></g><g v="impf"></g><g v="tran"></g><g v="sing"></g><g v="3per"></g><g v="pres"></g><g v="indc"></g></l></v></tfr></token><token text="около" id="713981"><tfr rev_id="4421482" t="около"><v><l id="205005" t="около"><g v="PREP"></g></l></v></tfr></token><token text="70" id="713982"><tfr rev_id="2463079" t="70"><v><l id="0" t="70"><g v="NUMB"></g></l></v></tfr></token><token text="%" id="713983"><tfr rev_id="2447693" t="%"><v><l id="0" t="%"><g v="PNCT"></g></l></v></tfr></token><token text="всей" id="713984"><tfr rev_id="4393280" t="всей"><v><l id="42156" t="весь"><g v="ADJF"></g><g v="Subx"></g><g v="Apro"></g><g v="femn"></g><g v="sing"></g><g v="gent"></g></l></v></tfr></token><token text="прибыли" id="713985"><tfr rev_id="4291614" t="прибыли"><v><l id="268952" t="прибыль"><g v="NOUN"></g><g v="inan"></g><g v="femn"></g><g v="sing"></g><g v="gent"></g></l></v></tfr></token><token text="SUP" id="713986"><tfr rev_id="2475686" t="SUP"><v><l id="0" t="SUP"><g v="LATN"></g></l></v></tfr></token><token text="," id="713987"><tfr rev_id="1545843" t=","><v><l id="0" t=","><g v="PNCT"></g></l></v></tfr></token><token text="ещё" id="713988"><tfr rev_id="1545844" t="ещё"><v><l id="95551" t="ещё"><g v="PRCL"></g></l></v><v><l id="95552" t="ещё"><g v="ADVB"></g></l></v></tfr></token><token text="30" id="713989"><tfr rev_id="2463080" t="30"><v><l id="0" t="30"><g v="NUMB"></g></l></v></tfr></token><token text="%" id="713990"><tfr rev_id="2447694" t="%"><v><l id="0" t="%"><g v="PNCT"></g></l></v></tfr></token><token text="приходится" id="713991"><tfr rev_id="1545847" t="приходится"><v><l id="276254" t="прихожусь"><g v="VERB"></g><g v="impf"></g><g v="intr"></g><g v="sing"></g><g v="3per"></g><g v="pres"></g><g v="indc"></g></l></v></tfr></token><token text="на" id="713992"><tfr rev_id="3340395" t="на"><v><l id="166264" t="на"><g v="PREP"></g></l></v></tfr></token><token text="платные" id="713993"><tfr rev_id="3795239" t="платные"><v><l id="240030" t="платный"><g v="ADJF"></g><g v="Qual"></g><g v="inan"></g><g v="plur"></g><g v="accs"></g></l></v></tfr></token><token text="сервисы" id="713994"><tfr rev_id="3716365" t="сервисы"><v><l id="319025" t="сервис"><g v="NOUN"></g><g v="inan"></g><g v="masc"></g><g v="plur"></g><g v="accs"></g></l></v></tfr></token><token text="и" id="713995"><tfr rev_id="3555762" t="и"><v><l id="116949" t="и"><g v="CONJ"></g></l></v></tfr></token><token text="электронную" id="713996"><tfr rev_id="1545852" t="электронную"><v><l id="384368" t="электронный"><g v="ADJF"></g><g v="femn"></g><g v="sing"></g><g v="accs"></g></l></v></tfr></token><token text="коммерцию" id="713997"><tfr rev_id="1545853" t="коммерцию"><v><l id="137019" t="коммерция"><g v="NOUN"></g><g v="inan"></g><g v="femn"></g><g v="sing"></g><g v="accs"></g></l></v></tfr></token><token text="." id="713998"><tfr rev_id="1545854" t="."><v><l id="0" t="."><g v="PNCT"></g></l></v></tfr></token></tokens></sentence><sentence id="40119"><source>Общая выручка SUP в 2008 году оценивается в 18—21 млн долларов.</source><tokens><token text="Общая" id="713999"><tfr rev_id="1545855" t="Общая"><v><l id="201663" t="общий"><g v="ADJF"></g><g v="femn"></g><g v="sing"></g><g v="nomn"></g></l></v></tfr></token><token text="выручка" id="714000"><tfr rev_id="1545856" t="выручка"><v><l id="61469" t="выручка"><g v="NOUN"></g><g v="inan"></g><g v="femn"></g><g v="sing"></g><g v="nomn"></g></l></v></tfr></token><token text="SUP" id="714001"><tfr rev_id="2475687" t="SUP"><v><l id="0" t="SUP"><g v="LATN"></g></l></v></tfr></token><token text="в" id="714002"><tfr rev_id="1545858" t="в"><v><l id="37409" t="в"><g v="PREP"></g></l></v></tfr></token><token text="2008" id="714003"><tfr rev_id="2463081" t="2008"><v><l id="0" t="2008"><g v="NUMB"></g></l></v></tfr></token><token text="году" id="714004"><tfr rev_id="2850350" t="году"><v><l id="72149" t="год"><g v="NOUN"></g><g v="inan"></g><g v="masc"></g><g v="sing"></g><g v="loc2"></g></l></v></tfr></token><token text="оценивается" id="714005"><tfr rev_id="1545861" t="оценивается"><v><l id="221485" t="оцениваюсь"><g v="VERB"></g><g v="impf"></g><g v="intr"></g><g v="sing"></g><g v="3per"></g><g v="pres"></g><g v="indc"></g></l></v></tfr></token><token text="в" id="714006"><tfr rev_id="1545862" t="в"><v><l id="37409" t="в"><g v="PREP"></g></l></v></tfr></token><token text="18" id="714007"><tfr rev_id="2463082" t="18"><v><l id="0" t="18"><g v="NUMB"></g></l></v></tfr></token><token text="—" id="714008"><tfr rev_id="2447695" t="—"><v><l id="0" t="—"><g v="PNCT"></g></l></v></tfr></token><token text="21" id="714009"><tfr rev_id="2463083" t="21"><v><l id="0" t="21"><g v="NUMB"></g></l></v></tfr></token><token text="млн" id="714010"><tfr rev_id="4174147" t="млн"><v><l id="389040" t="млн"><g v="NOUN"></g><g v="inan"></g><g v="masc"></g><g v="Fixd"></g><g v="Abbr"></g><g v="sing"></g><g v="gent"></g></l></v></tfr></token><token text="долларов" id="714011"><tfr rev_id="3463510" t="долларов"><v><l id="88047" t="доллар"><g v="NOUN"></g><g v="inan"></g><g v="masc"></g><g v="plur"></g><g v="gent"></g></l></v></tfr></token><token text="." id="714012"><tfr rev_id="1545868" t="."><v><l id="0" t="."><g v="PNCT"></g></l></v></tfr></token></tokens></sentence></paragraph><paragraph id="12914"><sentence id="40120"><source>«Ведомости» пишут о том, что рост продаж компании SUP Fabrik идёт вразрез с общей тенденцией рынка интернет-рекламы.</source><tokens><token text="«" id="714013"><tfr rev_id="2447696" t="«"><v><l id="0" t="«"><g v="PNCT"></g></l></v></tfr></token><token text="Ведомости" id="714014"><tfr rev_id="3797021" t="Ведомости"><v><l id="40348" t="ведомость"><g v="NOUN"></g><g v="inan"></g><g v="femn"></g><g v="plur"></g><g v="nomn"></g></l></v></tfr></token><token text="»" id="714015"><tfr rev_id="2447697" t="»"><v><l id="0" t="»"><g v="PNCT"></g></l></v></tfr></token><token text="пишут" id="714016"><tfr rev_id="1545872" t="пишут"><v><l id="239101" t="пишу"><g v="VERB"></g><g v="impf"></g><g v="tran"></g><g v="plur"></g><g v="3per"></g><g v="pres"></g><g v="indc"></g></l></v></tfr></token><token text="о" id="714017"><tfr rev_id="3301591" t="о"><v><l id="192977" t="о"><g v="PREP"></g></l></v></tfr></token><token text="том" id="714018"><tfr rev_id="3774595" t="том"><v><l id="348430" t="тот"><g v="ADJF"></g><g v="Subx"></g><g v="Apro"></g><g v="Anph"></g><g v="neut"></g><g v="sing"></g><g v="loct"></g></l></v></tfr></token><token text="," id="714019"><tfr rev_id="1545875" t=","><v><l id="0" t=","><g v="PNCT"></g></l></v></tfr></token><token text="что" id="714020"><tfr rev_id="3197893" t="что"><v><l id="377004" t="что"><g v="CONJ"></g></l></v><v><l id="377005" t="что"><g v="NPRO"></g><g v="neut"></g><g v="sing"></g><g v="nomn"></g></l></v><v><l id="377005" t="что"><g v="NPRO"></g><g v="neut"></g><g v="sing"></g><g v="accs"></g></l></v><v><l id="377006" t="что"><g v="ADVB"></g><g v="Ques"></g></l></v><v><l id="388695" t="что"><g v="PRCL"></g></l></v></tfr></token><token text="рост" id="714021"><tfr rev_id="4103772" t="рост"><v><l id="309343" t="рост"><g v="NOUN"></g><g v="inan"></g><g v="masc"></g><g v="sing"></g><g v="nomn"></g></l></v></tfr></token><token text="продаж" id="714022"><tfr rev_id="1545878" t="продаж"><v><l id="278949" t="продажа"><g v="NOUN"></g><g v="inan"></g><g v="femn"></g><g v="plur"></g><g v="gent"></g></l></v></tfr></token><token text="компании" id="714023"><tfr rev_id="4313936" t="компании"><v><l id="137146" t="компания"><g v="NOUN"></g><g v="inan"></g><g v="femn"></g><g v="sing"></g><g v="gent"></g></l></v></tfr></token><token text="SUP" id="714024"><tfr rev_id="2475688" t="SUP"><v><l id="0" t="SUP"><g v="LATN"></g></l></v></tfr></token><token text="Fabrik" id="714025"><tfr rev_id="2475689" t="Fabrik"><v><l id="0" t="Fabrik"><g v="LATN"></g></l></v></tfr></token><token text="идёт" id="714026"><tfr rev_id="1545882" t="идёт"><v><l id="117566" t="иду"><g v="VERB"></g><g v="impf"></g><g v="intr"></g><g v="sing"></g><g v="3per"></g><g v="pres"></g><g v="indc"></g></l></v></tfr></token><token text="вразрез" id="714027"><tfr rev_id="1545883" t="вразрез"><v><l id="52954" t="вразрез"><g v="ADVB"></g></l></v></tfr></token><token text="с" id="714028"><tfr rev_id="1545884" t="с"><v><l id="311151" t="с"><g v="PREP"></g></l></v></tfr></token><token text="общей" id="714029"><tfr rev_id="4395642" t="общей"><v><l id="201663" t="общий"><g v="ADJF"></g><g v="femn"></g><g v="sing"></g><g v="ablt"></g></l></v></tfr></token><token text="тенденцией" id="714030"><tfr rev_id="1545886" t="тенденцией"><v><l id="344675" t="тенденция"><g v="NOUN"></g><g v="inan"></g><g v="femn"></g><g v="sing"></g><g v="ablt"></g></l></v></tfr></token><token text="рынка" id="714031"><tfr rev_id="1545887" t="рынка"><v><l id="310781" t="рынок"><g v="NOUN"></g><g v="inan"></g><g v="masc"></g><g v="sing"></g><g v="gent"></g></l></v></tfr></token><token text="интернет-рекламы" id="714032"><tfr rev_id="4460323" t="интернет-рекламы"><v><l id="390732" t="интернет-реклама"><g v="NOUN"></g><g v="inan"></g><g v="femn"></g><g v="sing"></g><g v="gent"></g></l></v></tfr></token><token text="." id="714033"><tfr rev_id="1545889" t="."><v><l id="0" t="."><g v="PNCT"></g></l></v></tfr></token></tokens></sentence><sentence id="42399"><source>В первом квартале 2009 года он упал на 15%.</source><tokens><token text="В" id="714034"><tfr rev_id="1545890" t="В"><v><l id="37409" t="в"><g v="PREP"></g></l></v></tfr></token><token text="первом" id="714035"><tfr rev_id="4306866" t="первом"><v><l id="226359" t="первый"><g v="ADJF"></g><g v="Anum"></g><g v="masc"></g><g v="sing"></g><g v="loct"></g></l></v></tfr></token><token text="квартале" id="714036"><tfr rev_id="1545892" t="квартале"><v><l id="132007" t="квартал"><g v="NOUN"></g><g v="inan"></g><g v="masc"></g><g v="sing"></g><g v="loct"></g></l></v></tfr></token><token text="2009" id="714037"><tfr rev_id="2463084" t="2009"><v><l id="0" t="2009"><g v="NUMB"></g></l></v></tfr></token><token text="года" id="714038"><tfr rev_id="3501766" t="года"><v><l id="72149" t="год"><g v="NOUN"></g><g v="inan"></g><g v="masc"></g><g v="sing"></g><g v="gen1"></g></l></v></tfr></token><token text="он" id="714039"><tfr rev_id="3575898" t="он"><v><l id="206541" t="он"><g v="NPRO"></g><g v="masc"></g><g v="3per"></g><g v="Anph"></g><g v="sing"></g><g v="nomn"></g></l></v></tfr></token><token text="упал" id="714040"><tfr rev_id="1545896" t="упал"><v><l id="358667" t="упал"><g v="VERB"></g><g v="perf"></g><g v="intr"></g><g v="masc"></g><g v="sing"></g><g v="past"></g><g v="indc"></g></l></v></tfr></token><token text="на" id="714041"><tfr rev_id="3338814" t="на"><v><l id="166264" t="на"><g v="PREP"></g></l></v></tfr></token><token text="15" id="714042"><tfr rev_id="2463085" t="15"><v><l id="0" t="15"><g v="NUMB"></g></l></v></tfr></token><token text="%" id="714043"><tfr rev_id="2447698" t="%"><v><l id="0" t="%"><g v="PNCT"></g></l></v></tfr></token><token text="." id="714044"><tfr rev_id="1545900" t="."><v><l id="0" t="."><g v="PNCT"></g></l></v></tfr></token></tokens></sentence></paragraph></paragraphs></text>