<?xml version="1.0" encoding="utf-8"?><text parent="226" id="1440" name="14598 Британская библиотека покажет самую большую книгу в мире"><tags><tag>url:http://www.chaskor.ru/news/britanskaya_biblioteka_pokazhet_samuyu_bolshuyu_knigu_v_mire_14598</tag><tag>Год:2010</tag><tag>Дата:27/01</tag><tag>Тема:ЧасКор:Книги</tag><tag>Тема:ЧасКор:Книги/Книги</tag></tags><paragraphs><paragraph id="12948"><sentence id="40211"><source>Британская библиотека покажет самую большую книгу в мире</source><tokens><token text="Британская" id="715722"><tfr rev_id="1547578" t="Британская"><v><l id="34021" t="британский"><g v="ADJF"></g><g v="femn"></g><g v="sing"></g><g v="nomn"></g></l></v></tfr></token><token text="библиотека" id="715723"><tfr rev_id="1547579" t="библиотека"><v><l id="29336" t="библиотека"><g v="NOUN"></g><g v="inan"></g><g v="femn"></g><g v="sing"></g><g v="nomn"></g></l></v></tfr></token><token text="покажет" id="715724"><tfr rev_id="1547580" t="покажет"><v><l id="253982" t="показал"><g v="VERB"></g><g v="perf"></g><g v="tran"></g><g v="sing"></g><g v="3per"></g><g v="futr"></g><g v="indc"></g></l></v></tfr></token><token text="самую" id="715725"><tfr rev_id="1547581" t="самую"><v><l id="313174" t="самый"><g v="ADJF"></g><g v="Apro"></g><g v="femn"></g><g v="sing"></g><g v="accs"></g></l></v></tfr></token><token text="большую" id="715726"><tfr rev_id="4534439" t="большую"><v><l id="32439" t="больший"><g v="ADJF"></g><g v="Qual"></g><g v="femn"></g><g v="sing"></g><g v="accs"></g></l></v><v><l id="32445" t="большой"><g v="ADJF"></g><g v="Qual"></g><g v="femn"></g><g v="sing"></g><g v="accs"></g></l></v></tfr></token><token text="книгу" id="715727"><tfr rev_id="1547583" t="книгу"><v><l id="134823" t="книга"><g v="NOUN"></g><g v="inan"></g><g v="femn"></g><g v="sing"></g><g v="accs"></g></l></v></tfr></token><token text="в" id="715728"><tfr rev_id="1547584" t="в"><v><l id="37409" t="в"><g v="PREP"></g></l></v></tfr></token><token text="мире" id="715729"><tfr rev_id="3717462" t="мире"><v><l id="160807" t="мир"><g v="NOUN"></g><g v="inan"></g><g v="masc"></g><g v="sing"></g><g v="loc1"></g></l></v></tfr></token></tokens></sentence><sentence id="40212"><source>Уже много лет обладателем этого титула является атлас, созданный 350 лет назад в качестве подарка королю.</source><tokens><token text="Уже" id="715730"><tfr rev_id="2692954" t="Уже"><v><l id="355422" t="уж"><g v="NOUN"></g><g v="anim"></g><g v="masc"></g><g v="sing"></g><g v="loct"></g></l></v><v><l id="355498" t="уже"><g v="ADVB"></g></l></v><v><l id="355674" t="уже"><g v="COMP"></g><g v="Qual"></g></l></v><v><l id="388673" t="уже"><g v="PRCL"></g></l></v></tfr></token><token text="много" id="715731"><tfr rev_id="4177800" t="много"><v><l id="389079" t="много"><g v="NUMR"></g><g v="nomn"></g></l></v><v><l id="389079" t="много"><g v="NUMR"></g><g v="accs"></g></l></v></tfr></token><token text="лет" id="715732"><tfr rev_id="3409887" t="лет"><v><l id="72149" t="год"><g v="NOUN"></g><g v="inan"></g><g v="masc"></g><g v="plur"></g><g v="gent"></g></l></v></tfr></token><token text="обладателем" id="715733"><tfr rev_id="1547589" t="обладателем"><v><l id="196099" t="обладатель"><g v="NOUN"></g><g v="anim"></g><g v="masc"></g><g v="sing"></g><g v="ablt"></g></l></v></tfr></token><token text="этого" id="715734"><tfr rev_id="4472852" t="этого"><v><l id="386581" t="этот"><g v="ADJF"></g><g v="Subx"></g><g v="Apro"></g><g v="Anph"></g><g v="masc"></g><g v="sing"></g><g v="gent"></g></l></v><v><l id="386581" t="этот"><g v="ADJF"></g><g v="Subx"></g><g v="Apro"></g><g v="Anph"></g><g v="anim"></g><g v="masc"></g><g v="sing"></g><g v="accs"></g></l></v></tfr></token><token text="титула" id="715735"><tfr rev_id="1547591" t="титула"><v><l id="346589" t="титул"><g v="NOUN"></g><g v="inan"></g><g v="masc"></g><g v="sing"></g><g v="gent"></g></l></v></tfr></token><token text="является" id="715736"><tfr rev_id="1547592" t="является"><v><l id="387385" t="являюсь"><g v="VERB"></g><g v="impf"></g><g v="intr"></g><g v="sing"></g><g v="3per"></g><g v="pres"></g><g v="indc"></g></l></v></tfr></token><token text="атлас" id="715737"><tfr rev_id="3300582" t="атлас"><v><l id="19532" t="атлас"><g v="NOUN"></g><g v="inan"></g><g v="masc"></g><g v="sing"></g><g v="nomn"></g></l></v></tfr></token><token text="," id="715738"><tfr rev_id="1547594" t=","><v><l id="0" t=","><g v="PNCT"></g></l></v></tfr></token><token text="созданный" id="715739"><tfr rev_id="1547595" t="созданный"><v><l id="328588" t="созданный"><g v="PRTF"></g><g v="perf"></g><g v="tran"></g><g v="past"></g><g v="pssv"></g><g v="masc"></g><g v="sing"></g><g v="nomn"></g></l></v><v><l id="328588" t="созданный"><g v="PRTF"></g><g v="perf"></g><g v="tran"></g><g v="past"></g><g v="pssv"></g><g v="inan"></g><g v="masc"></g><g v="sing"></g><g v="accs"></g></l></v></tfr></token><token text="350" id="715740"><tfr rev_id="2463108" t="350"><v><l id="0" t="350"><g v="NUMB"></g></l></v></tfr></token><token text="лет" id="715741"><tfr rev_id="2722635" t="лет"><v><l id="72149" t="год"><g v="NOUN"></g><g v="inan"></g><g v="masc"></g><g v="plur"></g><g v="gent"></g></l></v></tfr></token><token text="назад" id="715742"><tfr rev_id="1547598" t="назад"><v><l id="170252" t="назад"><g v="ADVB"></g></l></v></tfr></token><token text="в" id="715743"><tfr rev_id="1547599" t="в"><v><l id="37409" t="в"><g v="PREP"></g></l></v></tfr></token><token text="качестве" id="715744"><tfr rev_id="1547600" t="качестве"><v><l id="131638" t="качество"><g v="NOUN"></g><g v="inan"></g><g v="neut"></g><g v="sing"></g><g v="loct"></g></l></v></tfr></token><token text="подарка" id="715745"><tfr rev_id="1547601" t="подарка"><v><l id="243876" t="подарок"><g v="NOUN"></g><g v="inan"></g><g v="masc"></g><g v="sing"></g><g v="gent"></g></l></v></tfr></token><token text="королю" id="715746"><tfr rev_id="1547602" t="королю"><v><l id="139936" t="король"><g v="NOUN"></g><g v="anim"></g><g v="masc"></g><g v="sing"></g><g v="datv"></g></l></v></tfr></token><token text="." id="715747"><tfr rev_id="1547603" t="."><v><l id="0" t="."><g v="PNCT"></g></l></v></tfr></token></tokens></sentence></paragraph><paragraph id="12949"><sentence id="40213"><source>175 см в длину и 190 см в ширину — именно таковы в раскрытом состоянии габариты атласа, созданного 350 лет назад в качестве подарка Карлу II по случаю его возвращения на престол после изгнания.</source><tokens><token text="175" id="715748"><tfr rev_id="2463109" t="175"><v><l id="0" t="175"><g v="NUMB"></g></l></v></tfr></token><token text="см" id="715749"><tfr rev_id="4227538" t="см"><v><l id="389044" t="см"><g v="NOUN"></g><g v="inan"></g><g v="masc"></g><g v="Fixd"></g><g v="Abbr"></g><g v="plur"></g><g v="nomn"></g></l></v><v><l id="389044" t="см"><g v="NOUN"></g><g v="inan"></g><g v="masc"></g><g v="Fixd"></g><g v="Abbr"></g><g v="plur"></g><g v="gent"></g></l></v><v><l id="389044" t="см"><g v="NOUN"></g><g v="inan"></g><g v="masc"></g><g v="Fixd"></g><g v="Abbr"></g><g v="plur"></g><g v="datv"></g></l></v><v><l id="389044" t="см"><g v="NOUN"></g><g v="inan"></g><g v="masc"></g><g v="Fixd"></g><g v="Abbr"></g><g v="plur"></g><g v="accs"></g></l></v><v><l id="389044" t="см"><g v="NOUN"></g><g v="inan"></g><g v="masc"></g><g v="Fixd"></g><g v="Abbr"></g><g v="plur"></g><g v="ablt"></g></l></v><v><l id="389044" t="см"><g v="NOUN"></g><g v="inan"></g><g v="masc"></g><g v="Fixd"></g><g v="Abbr"></g><g v="plur"></g><g v="loct"></g></l></v></tfr></token><token text="в" id="715750"><tfr rev_id="1547606" t="в"><v><l id="37409" t="в"><g v="PREP"></g></l></v></tfr></token><token text="длину" id="715751"><tfr rev_id="1547607" t="длину"><v><l id="84906" t="длина"><g v="NOUN"></g><g v="inan"></g><g v="femn"></g><g v="sing"></g><g v="accs"></g></l></v></tfr></token><token text="и" id="715752"><tfr rev_id="1547608" t="и"><v><l id="116949" t="и"><g v="CONJ"></g></l></v><v><l id="116950" t="и"><g v="INTJ"></g></l></v></tfr></token><token text="190" id="715753"><tfr rev_id="2463110" t="190"><v><l id="0" t="190"><g v="NUMB"></g></l></v></tfr></token><token text="см" id="715754"><tfr rev_id="4224985" t="см"><v><l id="389044" t="см"><g v="NOUN"></g><g v="inan"></g><g v="masc"></g><g v="Fixd"></g><g v="Abbr"></g><g v="plur"></g><g v="nomn"></g></l></v><v><l id="389044" t="см"><g v="NOUN"></g><g v="inan"></g><g v="masc"></g><g v="Fixd"></g><g v="Abbr"></g><g v="plur"></g><g v="gent"></g></l></v><v><l id="389044" t="см"><g v="NOUN"></g><g v="inan"></g><g v="masc"></g><g v="Fixd"></g><g v="Abbr"></g><g v="plur"></g><g v="datv"></g></l></v><v><l id="389044" t="см"><g v="NOUN"></g><g v="inan"></g><g v="masc"></g><g v="Fixd"></g><g v="Abbr"></g><g v="plur"></g><g v="accs"></g></l></v><v><l id="389044" t="см"><g v="NOUN"></g><g v="inan"></g><g v="masc"></g><g v="Fixd"></g><g v="Abbr"></g><g v="plur"></g><g v="ablt"></g></l></v><v><l id="389044" t="см"><g v="NOUN"></g><g v="inan"></g><g v="masc"></g><g v="Fixd"></g><g v="Abbr"></g><g v="plur"></g><g v="loct"></g></l></v></tfr></token><token text="в" id="715755"><tfr rev_id="1547611" t="в"><v><l id="37409" t="в"><g v="PREP"></g></l></v></tfr></token><token text="ширину" id="715756"><tfr rev_id="4160118" t="ширину"><v><l id="379783" t="ширина"><g v="NOUN"></g><g v="inan"></g><g v="femn"></g><g v="Sgtm"></g><g v="sing"></g><g v="accs"></g></l></v></tfr></token><token text="—" id="715757"><tfr rev_id="2447760" t="—"><v><l id="0" t="—"><g v="PNCT"></g></l></v></tfr></token><token text="именно" id="715758"><tfr rev_id="1547614" t="именно"><v><l id="121584" t="именно"><g v="PRCL"></g></l></v></tfr></token><token text="таковы" id="715759"><tfr rev_id="2700181" t="таковы"><v><l id="342485" t="таков"><g v="ADJS"></g><g v="Apro"></g><g v="plur"></g></l></v></tfr></token><token text="в" id="715760"><tfr rev_id="1547616" t="в"><v><l id="37409" t="в"><g v="PREP"></g></l></v></tfr></token><token text="раскрытом" id="715761"><tfr rev_id="4347976" t="раскрытом"><v><l id="299100" t="раскрытый"><g v="ADJF"></g><g v="masc"></g><g v="sing"></g><g v="loct"></g></l></v><v><l id="299100" t="раскрытый"><g v="ADJF"></g><g v="neut"></g><g v="sing"></g><g v="loct"></g></l></v><v><l id="299106" t="раскрытый"><g v="PRTF"></g><g v="perf"></g><g v="tran"></g><g v="past"></g><g v="pssv"></g><g v="masc"></g><g v="sing"></g><g v="loct"></g></l></v><v><l id="299106" t="раскрытый"><g v="PRTF"></g><g v="perf"></g><g v="tran"></g><g v="past"></g><g v="pssv"></g><g v="neut"></g><g v="sing"></g><g v="loct"></g></l></v></tfr></token><token text="состоянии" id="715762"><tfr rev_id="1547618" t="состоянии"><v><l id="330557" t="состояние"><g v="NOUN"></g><g v="inan"></g><g v="neut"></g><g v="sing"></g><g v="loct"></g></l></v></tfr></token><token text="габариты" id="715763"><tfr rev_id="3409695" t="габариты"><v><l id="65263" t="габарит"><g v="NOUN"></g><g v="inan"></g><g v="masc"></g><g v="plur"></g><g v="nomn"></g></l></v></tfr></token><token text="атласа" id="715764"><tfr rev_id="1547620" t="атласа"><v><l id="19532" t="атлас"><g v="NOUN"></g><g v="inan"></g><g v="masc"></g><g v="sing"></g><g v="gen1"></g></l></v></tfr></token><token text="," id="715765"><tfr rev_id="1547621" t=","><v><l id="0" t=","><g v="PNCT"></g></l></v></tfr></token><token text="созданного" id="715766"><tfr rev_id="3443290" t="созданного"><v><l id="328588" t="созданный"><g v="PRTF"></g><g v="perf"></g><g v="tran"></g><g v="past"></g><g v="pssv"></g><g v="masc"></g><g v="sing"></g><g v="gent"></g></l></v><v><l id="328588" t="созданный"><g v="PRTF"></g><g v="perf"></g><g v="tran"></g><g v="past"></g><g v="pssv"></g><g v="anim"></g><g v="masc"></g><g v="sing"></g><g v="accs"></g></l></v></tfr></token><token text="350" id="715767"><tfr rev_id="2463111" t="350"><v><l id="0" t="350"><g v="NUMB"></g></l></v></tfr></token><token text="лет" id="715768"><tfr rev_id="3487048" t="лет"><v><l id="72149" t="год"><g v="NOUN"></g><g v="inan"></g><g v="masc"></g><g v="plur"></g><g v="gent"></g></l></v></tfr></token><token text="назад" id="715769"><tfr rev_id="1547625" t="назад"><v><l id="170252" t="назад"><g v="ADVB"></g></l></v></tfr></token><token text="в" id="715770"><tfr rev_id="1547626" t="в"><v><l id="37409" t="в"><g v="PREP"></g></l></v></tfr></token><token text="качестве" id="715771"><tfr rev_id="1547627" t="качестве"><v><l id="131638" t="качество"><g v="NOUN"></g><g v="inan"></g><g v="neut"></g><g v="sing"></g><g v="loct"></g></l></v></tfr></token><token text="подарка" id="715772"><tfr rev_id="1547628" t="подарка"><v><l id="243876" t="подарок"><g v="NOUN"></g><g v="inan"></g><g v="masc"></g><g v="sing"></g><g v="gent"></g></l></v></tfr></token><token text="Карлу" id="715773"><tfr rev_id="4469994" t="Карлу"><v><l id="130512" t="карл"><g v="NOUN"></g><g v="anim"></g><g v="masc"></g><g v="Name"></g><g v="sing"></g><g v="datv"></g></l></v></tfr></token><token text="II" id="715774"><tfr rev_id="2634812" t="II"><v><l id="0" t="II"><g v="ROMN"></g></l></v></tfr></token><token text="по" id="715775"><tfr rev_id="1547631" t="по"><v><l id="241240" t="по"><g v="PREP"></g></l></v></tfr></token><token text="случаю" id="715776"><tfr rev_id="1714324" t="случаю"><v><l id="325472" t="случай"><g v="NOUN"></g><g v="inan"></g><g v="masc"></g><g v="sing"></g><g v="datv"></g></l></v></tfr></token><token text="его" id="715777"><tfr rev_id="4456981" t="его"><v><l id="94208" t="его"><g v="ADJF"></g><g v="Fixd"></g><g v="Apro"></g><g v="Anph"></g><g v="neut"></g><g v="sing"></g><g v="nomn"></g></l></v><v><l id="94208" t="его"><g v="ADJF"></g><g v="Fixd"></g><g v="Apro"></g><g v="Anph"></g><g v="neut"></g><g v="sing"></g><g v="gent"></g></l></v><v><l id="94208" t="его"><g v="ADJF"></g><g v="Fixd"></g><g v="Apro"></g><g v="Anph"></g><g v="neut"></g><g v="sing"></g><g v="datv"></g></l></v><v><l id="94208" t="его"><g v="ADJF"></g><g v="Fixd"></g><g v="Apro"></g><g v="Anph"></g><g v="neut"></g><g v="sing"></g><g v="accs"></g></l></v><v><l id="94208" t="его"><g v="ADJF"></g><g v="Fixd"></g><g v="Apro"></g><g v="Anph"></g><g v="neut"></g><g v="sing"></g><g v="ablt"></g></l></v><v><l id="94208" t="его"><g v="ADJF"></g><g v="Fixd"></g><g v="Apro"></g><g v="Anph"></g><g v="neut"></g><g v="sing"></g><g v="loct"></g></l></v></tfr></token><token text="возвращения" id="715778"><tfr rev_id="3489532" t="возвращения"><v><l id="48845" t="возвращение"><g v="NOUN"></g><g v="inan"></g><g v="neut"></g><g v="sing"></g><g v="gent"></g></l></v></tfr></token><token text="на" id="715779"><tfr rev_id="3475006" t="на"><v><l id="166264" t="на"><g v="PREP"></g></l></v></tfr></token><token text="престол" id="715780"><tfr rev_id="1547636" t="престол"><v><l id="268318" t="престол"><g v="NOUN"></g><g v="inan"></g><g v="masc"></g><g v="sing"></g><g v="nomn"></g></l></v><v><l id="268318" t="престол"><g v="NOUN"></g><g v="inan"></g><g v="masc"></g><g v="sing"></g><g v="accs"></g></l></v></tfr></token><token text="после" id="715781"><tfr rev_id="4403610" t="после"><v><l id="261542" t="после"><g v="PREP"></g></l></v></tfr></token><token text="изгнания" id="715782"><tfr rev_id="3496050" t="изгнания"><v><l id="118519" t="изгнание"><g v="NOUN"></g><g v="inan"></g><g v="neut"></g><g v="sing"></g><g v="gent"></g></l></v></tfr></token><token text="." id="715783"><tfr rev_id="1547639" t="."><v><l id="0" t="."><g v="PNCT"></g></l></v></tfr></token></tokens></sentence><sentence id="40214"><source>Подарок был преподнесён голландскими купцами и стал частью королевской коллекции необычных вещей.</source><tokens><token text="Подарок" id="715784"><tfr rev_id="1547640" t="Подарок"><v><l id="243876" t="подарок"><g v="NOUN"></g><g v="inan"></g><g v="masc"></g><g v="sing"></g><g v="nomn"></g></l></v><v><l id="243876" t="подарок"><g v="NOUN"></g><g v="inan"></g><g v="masc"></g><g v="sing"></g><g v="accs"></g></l></v></tfr></token><token text="был" id="715785"><tfr rev_id="1547641" t="был"><v><l id="37265" t="есть"><g v="VERB"></g><g v="impf"></g><g v="intr"></g><g v="masc"></g><g v="sing"></g><g v="past"></g><g v="indc"></g></l></v></tfr></token><token text="преподнесён" id="715786"><tfr rev_id="1547642" t="преподнесён"><v><l id="267975" t="преподнесён"><g v="PRTS"></g><g v="perf"></g><g v="past"></g><g v="pssv"></g><g v="masc"></g><g v="sing"></g></l></v></tfr></token><token text="голландскими" id="715787"><tfr rev_id="1547643" t="голландскими"><v><l id="72287" t="голландский"><g v="ADJF"></g><g v="plur"></g><g v="ablt"></g></l></v></tfr></token><token text="купцами" id="715788"><tfr rev_id="1547644" t="купцами"><v><l id="145050" t="купец"><g v="NOUN"></g><g v="anim"></g><g v="masc"></g><g v="plur"></g><g v="ablt"></g></l></v></tfr></token><token text="и" id="715789"><tfr rev_id="3690533" t="и"><v><l id="116949" t="и"><g v="CONJ"></g></l></v></tfr></token><token text="стал" id="715790"><tfr rev_id="1547646" t="стал"><v><l id="335164" t="стал"><g v="VERB"></g><g v="perf"></g><g v="intr"></g><g v="masc"></g><g v="sing"></g><g v="past"></g><g v="indc"></g></l></v></tfr></token><token text="частью" id="715791"><tfr rev_id="3801562" t="частью"><v><l id="374820" t="часть"><g v="NOUN"></g><g v="inan"></g><g v="femn"></g><g v="sing"></g><g v="ablt"></g></l></v></tfr></token><token text="королевской" id="715792"><tfr rev_id="4261705" t="королевской"><v><l id="139924" t="королевский"><g v="ADJF"></g><g v="femn"></g><g v="sing"></g><g v="gent"></g></l></v></tfr></token><token text="коллекции" id="715793"><tfr rev_id="4178232" t="коллекции"><v><l id="136077" t="коллекция"><g v="NOUN"></g><g v="inan"></g><g v="femn"></g><g v="sing"></g><g v="gent"></g></l></v></tfr></token><token text="необычных" id="715794"><tfr rev_id="4355994" t="необычных"><v><l id="184866" t="необычный"><g v="ADJF"></g><g v="Qual"></g><g v="plur"></g><g v="gent"></g></l></v></tfr></token><token text="вещей" id="715795"><tfr rev_id="4458166" t="вещей"><v><l id="42514" t="вещь"><g v="NOUN"></g><g v="inan"></g><g v="femn"></g><g v="plur"></g><g v="gent"></g></l></v></tfr></token><token text="." id="715796"><tfr rev_id="1547652" t="."><v><l id="0" t="."><g v="PNCT"></g></l></v></tfr></token></tokens></sentence><sentence id="40215"><source>Сегодня Klencke Atlas признан самой большой книгой в мире: чтобы перемещать его в пространстве, требуются усилия шести человек.</source><tokens><token text="Сегодня" id="715797"><tfr rev_id="1547653" t="Сегодня"><v><l id="317730" t="сегодня"><g v="ADVB"></g></l></v></tfr></token><token text="Klencke" id="715798"><tfr rev_id="2475703" t="Klencke"><v><l id="0" t="Klencke"><g v="LATN"></g></l></v></tfr></token><token text="Atlas" id="715799"><tfr rev_id="2475704" t="Atlas"><v><l id="0" t="Atlas"><g v="LATN"></g></l></v></tfr></token><token text="признан" id="715800"><tfr rev_id="1547656" t="признан"><v><l id="270641" t="признан"><g v="ADJS"></g><g v="Qual"></g><g v="masc"></g><g v="sing"></g></l></v><v><l id="270651" t="признан"><g v="PRTS"></g><g v="perf"></g><g v="past"></g><g v="pssv"></g><g v="masc"></g><g v="sing"></g></l></v></tfr></token><token text="самой" id="715801"><tfr rev_id="4424109" t="самой"><v><l id="312034" t="сам"><g v="ADJF"></g><g v="Apro"></g><g v="femn"></g><g v="sing"></g><g v="ablt"></g></l></v><v><l id="313174" t="самый"><g v="ADJF"></g><g v="Apro"></g><g v="femn"></g><g v="sing"></g><g v="ablt"></g></l></v></tfr></token><token text="большой" id="715802"><tfr rev_id="2635762" t="большой"><v><l id="32445" t="большой"><g v="ADJF"></g><g v="Qual"></g><g v="femn"></g><g v="sing"></g><g v="gent"></g></l></v><v><l id="32445" t="большой"><g v="ADJF"></g><g v="Qual"></g><g v="femn"></g><g v="sing"></g><g v="datv"></g></l></v><v><l id="32445" t="большой"><g v="ADJF"></g><g v="Qual"></g><g v="femn"></g><g v="sing"></g><g v="ablt"></g></l></v><v><l id="32445" t="большой"><g v="ADJF"></g><g v="Qual"></g><g v="femn"></g><g v="sing"></g><g v="loct"></g></l></v></tfr></token><token text="книгой" id="715803"><tfr rev_id="1547659" t="книгой"><v><l id="134823" t="книга"><g v="NOUN"></g><g v="inan"></g><g v="femn"></g><g v="sing"></g><g v="ablt"></g></l></v></tfr></token><token text="в" id="715804"><tfr rev_id="1547660" t="в"><v><l id="37409" t="в"><g v="PREP"></g></l></v></tfr></token><token text="мире" id="715805"><tfr rev_id="3714995" t="мире"><v><l id="160807" t="мир"><g v="NOUN"></g><g v="inan"></g><g v="masc"></g><g v="sing"></g><g v="loc1"></g></l></v></tfr></token><token text=":" id="715806"><tfr rev_id="1547662" t=":"><v><l id="0" t=":"><g v="PNCT"></g></l></v></tfr></token><token text="чтобы" id="715807"><tfr rev_id="1547663" t="чтобы"><v><l id="377013" t="чтобы"><g v="CONJ"></g></l></v><v><l id="377014" t="чтобы"><g v="PRCL"></g></l></v></tfr></token><token text="перемещать" id="715808"><tfr rev_id="1547664" t="перемещать"><v><l id="231273" t="перемещать"><g v="INFN"></g><g v="impf"></g><g v="tran"></g></l></v></tfr></token><token text="его" id="715809"><tfr rev_id="4530000" t="его"><v><l id="206541" t="он"><g v="NPRO"></g><g v="masc"></g><g v="3per"></g><g v="Anph"></g><g v="sing"></g><g v="gent"></g></l></v><v><l id="206541" t="он"><g v="NPRO"></g><g v="masc"></g><g v="3per"></g><g v="Anph"></g><g v="sing"></g><g v="accs"></g></l></v><v><l id="206649" t="оно"><g v="NPRO"></g><g v="neut"></g><g v="3per"></g><g v="Anph"></g><g v="sing"></g><g v="gent"></g></l></v><v><l id="206649" t="оно"><g v="NPRO"></g><g v="neut"></g><g v="3per"></g><g v="Anph"></g><g v="sing"></g><g v="accs"></g></l></v></tfr></token><token text="в" id="715810"><tfr rev_id="1547666" t="в"><v><l id="37409" t="в"><g v="PREP"></g></l></v></tfr></token><token text="пространстве" id="715811"><tfr rev_id="1547667" t="пространстве"><v><l id="285122" t="пространство"><g v="NOUN"></g><g v="inan"></g><g v="neut"></g><g v="sing"></g><g v="loct"></g></l></v></tfr></token><token text="," id="715812"><tfr rev_id="1547668" t=","><v><l id="0" t=","><g v="PNCT"></g></l></v></tfr></token><token text="требуются" id="715813"><tfr rev_id="1547669" t="требуются"><v><l id="349476" t="требуюсь"><g v="VERB"></g><g v="impf"></g><g v="intr"></g><g v="plur"></g><g v="3per"></g><g v="pres"></g><g v="indc"></g></l></v></tfr></token><token text="усилия" id="715814"><tfr rev_id="3797859" t="усилия"><v><l id="360406" t="усилие"><g v="NOUN"></g><g v="inan"></g><g v="neut"></g><g v="plur"></g><g v="nomn"></g></l></v></tfr></token><token text="шести" id="715815"><tfr rev_id="4495556" t="шести"><v><l id="379421" t="шесть"><g v="NUMR"></g><g v="gent"></g></l></v></tfr></token><token text="человек" id="715816"><tfr rev_id="3485350" t="человек"><v><l id="375073" t="человек"><g v="NOUN"></g><g v="anim"></g><g v="masc"></g><g v="plur"></g><g v="gent"></g></l></v></tfr></token><token text="." id="715817"><tfr rev_id="1547673" t="."><v><l id="0" t="."><g v="PNCT"></g></l></v></tfr></token></tokens></sentence><sentence id="40216"><source>Однако до сих пор он никогда не демонстрировался в раскрытом виде.</source><tokens><token text="Однако" id="715818"><tfr rev_id="4572815" t="Однако"><v><l id="203387" t="однако"><g v="CONJ"></g><g v="Prnt"></g></l></v></tfr></token><token text="до" id="715819"><tfr rev_id="1547675" t="до"><v><l id="85153" t="до"><g v="PREP"></g></l></v></tfr></token><token text="сих" id="715820"><tfr rev_id="3411000" t="сих"><v><l id="317879" t="сей"><g v="ADJF"></g><g v="Apro"></g><g v="Subx"></g><g v="plur"></g><g v="gent"></g></l></v></tfr></token><token text="пор" id="715821"><tfr rev_id="1547677" t="пор"><v><l id="259871" t="пора"><g v="NOUN"></g><g v="inan"></g><g v="femn"></g><g v="plur"></g><g v="gent"></g></l></v></tfr></token><token text="он" id="715822"><tfr rev_id="3575900" t="он"><v><l id="206541" t="он"><g v="NPRO"></g><g v="masc"></g><g v="3per"></g><g v="Anph"></g><g v="sing"></g><g v="nomn"></g></l></v></tfr></token><token text="никогда" id="715823"><tfr rev_id="1547679" t="никогда"><v><l id="190941" t="никогда"><g v="ADVB"></g></l></v></tfr></token><token text="не" id="715824"><tfr rev_id="1547680" t="не"><v><l id="178876" t="не"><g v="PRCL"></g></l></v></tfr></token><token text="демонстрировался" id="715825"><tfr rev_id="1547681" t="демонстрировался"><v><l id="81035" t="демонстрируюсь"><g v="VERB"></g><g v="impf"></g><g v="intr"></g><g v="masc"></g><g v="sing"></g><g v="past"></g><g v="indc"></g></l></v></tfr></token><token text="в" id="715826"><tfr rev_id="1547682" t="в"><v><l id="37409" t="в"><g v="PREP"></g></l></v></tfr></token><token text="раскрытом" id="715827"><tfr rev_id="4347977" t="раскрытом"><v><l id="299100" t="раскрытый"><g v="ADJF"></g><g v="masc"></g><g v="sing"></g><g v="loct"></g></l></v><v><l id="299100" t="раскрытый"><g v="ADJF"></g><g v="neut"></g><g v="sing"></g><g v="loct"></g></l></v><v><l id="299106" t="раскрытый"><g v="PRTF"></g><g v="perf"></g><g v="tran"></g><g v="past"></g><g v="pssv"></g><g v="masc"></g><g v="sing"></g><g v="loct"></g></l></v><v><l id="299106" t="раскрытый"><g v="PRTF"></g><g v="perf"></g><g v="tran"></g><g v="past"></g><g v="pssv"></g><g v="neut"></g><g v="sing"></g><g v="loct"></g></l></v></tfr></token><token text="виде" id="715828"><tfr rev_id="1547684" t="виде"><v><l id="44437" t="вид"><g v="NOUN"></g><g v="inan"></g><g v="masc"></g><g v="sing"></g><g v="loc1"></g></l></v></tfr></token><token text="." id="715829"><tfr rev_id="1547685" t="."><v><l id="0" t="."><g v="PNCT"></g></l></v></tfr></token></tokens></sentence><sentence id="40217"><source>Показать во всей красе это чудо книгоиздания и пролистать перед посетителями его страницы намерена Британская библиотека в рамках выставки, посвящённой картам.</source><tokens><token text="Показать" id="715830"><tfr rev_id="1547686" t="Показать"><v><l id="253983" t="показать"><g v="INFN"></g><g v="perf"></g><g v="tran"></g></l></v></tfr></token><token text="во" id="715831"><tfr rev_id="2920361" t="во"><v><l id="37409" t="в"><g v="PREP"></g><g v="Vpre"></g></l></v></tfr></token><token text="всей" id="715832"><tfr rev_id="4397846" t="всей"><v><l id="42156" t="весь"><g v="ADJF"></g><g v="Subx"></g><g v="Apro"></g><g v="femn"></g><g v="sing"></g><g v="loct"></g></l></v></tfr></token><token text="красе" id="715833"><tfr rev_id="3447380" t="красе"><v><l id="141622" t="краса"><g v="NOUN"></g><g v="inan"></g><g v="femn"></g><g v="sing"></g><g v="loct"></g></l></v></tfr></token><token text="это" id="715834"><tfr rev_id="4510068" t="это"><v><l id="386581" t="этот"><g v="ADJF"></g><g v="Subx"></g><g v="Apro"></g><g v="Anph"></g><g v="neut"></g><g v="sing"></g><g v="nomn"></g></l></v><v><l id="386581" t="этот"><g v="ADJF"></g><g v="Subx"></g><g v="Apro"></g><g v="Anph"></g><g v="neut"></g><g v="sing"></g><g v="accs"></g></l></v></tfr></token><token text="чудо" id="715835"><tfr rev_id="1547691" t="чудо"><v><l id="377189" t="чудо"><g v="NOUN"></g><g v="inan"></g><g v="neut"></g><g v="sing"></g><g v="nomn"></g></l></v><v><l id="377189" t="чудо"><g v="NOUN"></g><g v="inan"></g><g v="neut"></g><g v="sing"></g><g v="accs"></g></l></v></tfr></token><token text="книгоиздания" id="715836"><tfr rev_id="3483524" t="книгоиздания"><v><l id="134830" t="книгоиздание"><g v="NOUN"></g><g v="inan"></g><g v="neut"></g><g v="sing"></g><g v="gent"></g></l></v></tfr></token><token text="и" id="715837"><tfr rev_id="1547693" t="и"><v><l id="116949" t="и"><g v="CONJ"></g></l></v><v><l id="116950" t="и"><g v="INTJ"></g></l></v></tfr></token><token text="пролистать" id="715838"><tfr rev_id="1547694" t="пролистать"><v><l id="281539" t="пролистать"><g v="INFN"></g><g v="perf"></g><g v="tran"></g></l></v></tfr></token><token text="перед" id="715839"><tfr rev_id="2603871" t="перед"><v><l id="228071" t="перед"><g v="PREP"></g></l></v></tfr></token><token text="посетителями" id="715840"><tfr rev_id="1547696" t="посетителями"><v><l id="261297" t="посетитель"><g v="NOUN"></g><g v="anim"></g><g v="masc"></g><g v="plur"></g><g v="ablt"></g></l></v></tfr></token><token text="его" id="715841"><tfr rev_id="4490862" t="его"><v><l id="94208" t="его"><g v="ADJF"></g><g v="Fixd"></g><g v="Apro"></g><g v="Anph"></g><g v="plur"></g><g v="nomn"></g></l></v><v><l id="94208" t="его"><g v="ADJF"></g><g v="Fixd"></g><g v="Apro"></g><g v="Anph"></g><g v="plur"></g><g v="gent"></g></l></v><v><l id="94208" t="его"><g v="ADJF"></g><g v="Fixd"></g><g v="Apro"></g><g v="Anph"></g><g v="plur"></g><g v="datv"></g></l></v><v><l id="94208" t="его"><g v="ADJF"></g><g v="Fixd"></g><g v="Apro"></g><g v="Anph"></g><g v="plur"></g><g v="accs"></g></l></v><v><l id="94208" t="его"><g v="ADJF"></g><g v="Fixd"></g><g v="Apro"></g><g v="Anph"></g><g v="plur"></g><g v="ablt"></g></l></v><v><l id="94208" t="его"><g v="ADJF"></g><g v="Fixd"></g><g v="Apro"></g><g v="Anph"></g><g v="plur"></g><g v="loct"></g></l></v></tfr></token><token text="страницы" id="715842"><tfr rev_id="3796235" t="страницы"><v><l id="337102" t="страница"><g v="NOUN"></g><g v="inan"></g><g v="femn"></g><g v="plur"></g><g v="accs"></g></l></v></tfr></token><token text="намерена" id="715843"><tfr rev_id="1547699" t="намерена"><v><l id="172445" t="намерен"><g v="ADJS"></g><g v="femn"></g><g v="sing"></g></l></v><v><l id="172473" t="намерен"><g v="PRTS"></g><g v="perf"></g><g v="past"></g><g v="pssv"></g><g v="femn"></g><g v="sing"></g></l></v></tfr></token><token text="Британская" id="715844"><tfr rev_id="1547700" t="Британская"><v><l id="34021" t="британский"><g v="ADJF"></g><g v="femn"></g><g v="sing"></g><g v="nomn"></g></l></v></tfr></token><token text="библиотека" id="715845"><tfr rev_id="1547701" t="библиотека"><v><l id="29336" t="библиотека"><g v="NOUN"></g><g v="inan"></g><g v="femn"></g><g v="sing"></g><g v="nomn"></g></l></v></tfr></token><token text="в" id="715846"><tfr rev_id="1547702" t="в"><v><l id="37409" t="в"><g v="PREP"></g></l></v></tfr></token><token text="рамках" id="715847"><tfr rev_id="1547703" t="рамках"><v><l id="297819" t="рамка"><g v="NOUN"></g><g v="inan"></g><g v="femn"></g><g v="plur"></g><g v="loct"></g></l></v></tfr></token><token text="выставки" id="715848"><tfr rev_id="2908664" t="выставки"><v><l id="62597" t="выставка"><g v="NOUN"></g><g v="inan"></g><g v="femn"></g><g v="sing"></g><g v="gent"></g></l></v></tfr></token><token text="," id="715849"><tfr rev_id="1547705" t=","><v><l id="0" t=","><g v="PNCT"></g></l></v></tfr></token><token text="посвящённой" id="715850"><tfr rev_id="2561015" t="посвящённой"><v><l id="261152" t="посвящённый"><g v="PRTF"></g><g v="perf"></g><g v="tran"></g><g v="past"></g><g v="pssv"></g><g v="femn"></g><g v="sing"></g><g v="gent"></g></l></v></tfr></token><token text="картам" id="715851"><tfr rev_id="1547707" t="картам"><v><l id="130719" t="карта"><g v="NOUN"></g><g v="inan"></g><g v="femn"></g><g v="plur"></g><g v="datv"></g></l></v></tfr></token><token text="." id="715852"><tfr rev_id="1547708" t="."><v><l id="0" t="."><g v="PNCT"></g></l></v></tfr></token></tokens></sentence><sentence id="40218"><source>Как сообщает Guardian, выставка пройдёт этим летом и на ней будет представлено около 100 экспонатов.</source><tokens><token text="Как" id="715853"><tfr rev_id="1547709" t="Как"><v><l id="128190" t="как"><g v="CONJ"></g></l></v><v><l id="128191" t="как"><g v="PRCL"></g></l></v><v><l id="128192" t="как"><g v="ADVB"></g><g v="Ques"></g></l></v></tfr></token><token text="сообщает" id="715854"><tfr rev_id="1547710" t="сообщает"><v><l id="329538" t="сообщаю"><g v="VERB"></g><g v="impf"></g><g v="tran"></g><g v="sing"></g><g v="3per"></g><g v="pres"></g><g v="indc"></g></l></v></tfr></token><token text="Guardian" id="715855"><tfr rev_id="2475705" t="Guardian"><v><l id="0" t="Guardian"><g v="LATN"></g></l></v></tfr></token><token text="," id="715856"><tfr rev_id="1547712" t=","><v><l id="0" t=","><g v="PNCT"></g></l></v></tfr></token><token text="выставка" id="715857"><tfr rev_id="1547713" t="выставка"><v><l id="62597" t="выставка"><g v="NOUN"></g><g v="inan"></g><g v="femn"></g><g v="sing"></g><g v="nomn"></g></l></v></tfr></token><token text="пройдёт" id="715858"><tfr rev_id="1547714" t="пройдёт"><v><l id="280310" t="прошёл"><g v="VERB"></g><g v="perf"></g><g v="tran"></g><g v="sing"></g><g v="3per"></g><g v="futr"></g><g v="indc"></g></l></v></tfr></token><token text="этим" id="715859"><tfr rev_id="4500947" t="этим"><v><l id="386581" t="этот"><g v="ADJF"></g><g v="Subx"></g><g v="Apro"></g><g v="Anph"></g><g v="neut"></g><g v="sing"></g><g v="ablt"></g></l></v></tfr></token><token text="летом" id="715860"><tfr rev_id="4287609" t="летом"><v><l id="148693" t="лето"><g v="NOUN"></g><g v="inan"></g><g v="neut"></g><g v="Sgtm"></g><g v="sing"></g><g v="ablt"></g></l></v></tfr></token><token text="и" id="715861"><tfr rev_id="4092901" t="и"><v><l id="116949" t="и"><g v="CONJ"></g></l></v></tfr></token><token text="на" id="715862"><tfr rev_id="3345712" t="на"><v><l id="166264" t="на"><g v="PREP"></g></l></v></tfr></token><token text="ней" id="715863"><tfr rev_id="4351250" t="ней"><v><l id="206544" t="она"><g v="NPRO"></g><g v="femn"></g><g v="3per"></g><g v="Anph"></g><g v="sing"></g><g v="loct"></g><g v="Af-p"></g></l></v></tfr></token><token text="будет" id="715864"><tfr rev_id="1547720" t="будет"><v><l id="37265" t="есть"><g v="VERB"></g><g v="impf"></g><g v="intr"></g><g v="sing"></g><g v="3per"></g><g v="futr"></g><g v="indc"></g></l></v></tfr></token><token text="представлено" id="715865"><tfr rev_id="1547721" t="представлено"><v><l id="267103" t="представлен"><g v="PRTS"></g><g v="perf"></g><g v="past"></g><g v="pssv"></g><g v="neut"></g><g v="sing"></g></l></v></tfr></token><token text="около" id="715866"><tfr rev_id="4421566" t="около"><v><l id="205005" t="около"><g v="PREP"></g></l></v></tfr></token><token text="100" id="715867"><tfr rev_id="2463112" t="100"><v><l id="0" t="100"><g v="NUMB"></g></l></v></tfr></token><token text="экспонатов" id="715868"><tfr rev_id="1547724" t="экспонатов"><v><l id="383651" t="экспонат"><g v="NOUN"></g><g v="inan"></g><g v="masc"></g><g v="plur"></g><g v="gent"></g></l></v></tfr></token><token text="." id="715869"><tfr rev_id="1547725" t="."><v><l id="0" t="."><g v="PNCT"></g></l></v></tfr></token></tokens></sentence><sentence id="40219"><source>Для контраста неподалёку от Klencke Atlas будет размещена самая маленькая карта в мире — монета с картой Нюрнберга, датируемая 1773 годом.</source><tokens><token text="Для" id="715870"><tfr rev_id="1671432" t="Для"><v><l id="85032" t="для"><g v="PREP"></g></l></v></tfr></token><token text="контраста" id="715871"><tfr rev_id="1547727" t="контраста"><v><l id="138508" t="контраст"><g v="NOUN"></g><g v="inan"></g><g v="masc"></g><g v="sing"></g><g v="gent"></g></l></v></tfr></token><token text="неподалёку" id="715872"><tfr rev_id="1547728" t="неподалёку"><v><l id="185866" t="неподалёку"><g v="ADVB"></g></l></v></tfr></token><token text="от" id="715873"><tfr rev_id="1547729" t="от"><v><l id="211644" t="от"><g v="PREP"></g></l></v></tfr></token><token text="Klencke" id="715874"><tfr rev_id="2475706" t="Klencke"><v><l id="0" t="Klencke"><g v="LATN"></g></l></v></tfr></token><token text="Atlas" id="715875"><tfr rev_id="2475707" t="Atlas"><v><l id="0" t="Atlas"><g v="LATN"></g></l></v></tfr></token><token text="будет" id="715876"><tfr rev_id="1547732" t="будет"><v><l id="37265" t="есть"><g v="VERB"></g><g v="impf"></g><g v="intr"></g><g v="sing"></g><g v="3per"></g><g v="futr"></g><g v="indc"></g></l></v></tfr></token><token text="размещена" id="715877"><tfr rev_id="1547733" t="размещена"><v><l id="295054" t="размещён"><g v="PRTS"></g><g v="perf"></g><g v="past"></g><g v="pssv"></g><g v="femn"></g><g v="sing"></g></l></v></tfr></token><token text="самая" id="715878"><tfr rev_id="1547734" t="самая"><v><l id="313174" t="самый"><g v="ADJF"></g><g v="Apro"></g><g v="femn"></g><g v="sing"></g><g v="nomn"></g></l></v></tfr></token><token text="маленькая" id="715879"><tfr rev_id="1671433" t="маленькая"><v><l id="153694" t="маленький"><g v="ADJF"></g><g v="Qual"></g><g v="femn"></g><g v="sing"></g><g v="nomn"></g></l></v></tfr></token><token text="карта" id="715880"><tfr rev_id="1547736" t="карта"><v><l id="130719" t="карта"><g v="NOUN"></g><g v="inan"></g><g v="femn"></g><g v="sing"></g><g v="nomn"></g></l></v></tfr></token><token text="в" id="715881"><tfr rev_id="1547737" t="в"><v><l id="37409" t="в"><g v="PREP"></g></l></v></tfr></token><token text="мире" id="715882"><tfr rev_id="3424753" t="мире"><v><l id="160807" t="мир"><g v="NOUN"></g><g v="inan"></g><g v="masc"></g><g v="sing"></g><g v="loc1"></g></l></v></tfr></token><token text="—" id="715883"><tfr rev_id="2447761" t="—"><v><l id="0" t="—"><g v="PNCT"></g></l></v></tfr></token><token text="монета" id="715884"><tfr rev_id="1547740" t="монета"><v><l id="163123" t="монета"><g v="NOUN"></g><g v="inan"></g><g v="femn"></g><g v="sing"></g><g v="nomn"></g></l></v></tfr></token><token text="с" id="715885"><tfr rev_id="1547741" t="с"><v><l id="311151" t="с"><g v="PREP"></g></l></v></tfr></token><token text="картой" id="715886"><tfr rev_id="1547742" t="картой"><v><l id="130719" t="карта"><g v="NOUN"></g><g v="inan"></g><g v="femn"></g><g v="sing"></g><g v="ablt"></g></l></v></tfr></token><token text="Нюрнберга" id="715887"><tfr rev_id="1547743" t="Нюрнберга"><v><l id="192903" t="нюрнберг"><g v="NOUN"></g><g v="inan"></g><g v="masc"></g><g v="Geox"></g><g v="sing"></g><g v="gent"></g></l></v></tfr></token><token text="," id="715888"><tfr rev_id="1547744" t=","><v><l id="0" t=","><g v="PNCT"></g></l></v></tfr></token><token text="датируемая" id="715889"><tfr rev_id="1547745" t="датируемая"><v><l id="78519" t="датируемый"><g v="PRTF"></g><g v="impf"></g><g v="tran"></g><g v="pres"></g><g v="pssv"></g><g v="femn"></g><g v="sing"></g><g v="nomn"></g></l></v></tfr></token><token text="1773" id="715890"><tfr rev_id="2463113" t="1773"><v><l id="0" t="1773"><g v="NUMB"></g></l></v></tfr></token><token text="годом" id="715891"><tfr rev_id="1547747" t="годом"><v><l id="72149" t="год"><g v="NOUN"></g><g v="inan"></g><g v="masc"></g><g v="sing"></g><g v="ablt"></g></l></v></tfr></token><token text="." id="715892"><tfr rev_id="1547748" t="."><v><l id="0" t="."><g v="PNCT"></g></l></v></tfr></token></tokens></sentence></paragraph></paragraphs></text>